static const u8 mnCharSel_GigaBowserPortraitYe[] ATTRIBUTE_ALIGN(32) = {
    0x00, 0x00, 0x00, 0x00, 0x00, 0x00, 0x00, 0x00, 0x00, 0x00, 0x00, 0x00, 0x00, 0x00, 0x00, 0x00,
    0x00, 0x00, 0x00, 0x00, 0x00, 0x00, 0x00, 0x00, 0x00, 0x00, 0x00, 0x00, 0x00, 0x00, 0x00, 0x00,
    0x00, 0x00, 0x00, 0x00, 0x00, 0x00, 0x00, 0x00, 0x00, 0x00, 0x00, 0x00, 0x00, 0x00, 0x00, 0x00,
    0x00, 0x00, 0x00, 0x00, 0x00, 0x00, 0x00, 0x00, 0x00, 0x00, 0x00, 0x00, 0x00, 0x00, 0x00, 0x00,
    0x00, 0x00, 0x00, 0x00, 0x24, 0x00, 0x91, 0x00, 0x00, 0x00, 0x00, 0x00, 0x00, 0x00, 0x91, 0x00,
    0x00, 0x00, 0x00, 0x00, 0x00, 0x00, 0x6D, 0x00, 0x00, 0x00, 0x00, 0x00, 0x00, 0x00, 0x24, 0x00,
    0x00, 0x00, 0x00, 0x00, 0x00, 0x00, 0x00, 0x00, 0x00, 0x00, 0x00, 0x00, 0x00, 0x00, 0x00, 0x00,
    0x00, 0x00, 0x00, 0x00, 0x00, 0x00, 0x00, 0x00, 0x00, 0x00, 0x00, 0x00, 0x00, 0x00, 0x00, 0x00,
    0x91, 0x00, 0x24, 0x00, 0xFF, 0x73, 0xFF, 0x94, 0x91, 0x00, 0x91, 0x00, 0xDA, 0x55, 0xFF, 0x83,
    0x91, 0x00, 0x91, 0x00, 0x6D, 0x22, 0xFF, 0x73, 0x91, 0x00, 0x91, 0x00, 0x91, 0x00, 0xFF, 0x52,
    0x00, 0x00, 0x00, 0x00, 0x62, 0x62, 0x94, 0x94, 0x00, 0x00, 0x00, 0x00, 0x44, 0x55, 0x83, 0x83,
    0x00, 0x00, 0x00, 0x00, 0x11, 0x11, 0x73, 0x73, 0x00, 0x00, 0x00, 0x00, 0x00, 0x00, 0x52, 0x41,
    0xFF, 0xA4, 0xFF, 0xBD, 0x91, 0x00, 0x91, 0x00, 0xFF, 0x94, 0xFF, 0xAC, 0xDA, 0xAA, 0x91, 0x00,
    0xFF, 0x83, 0xFF, 0x94, 0xFF, 0xA4, 0xDA, 0x55, 0xFF, 0x73, 0xFF, 0x83, 0xFF, 0x9C, 0xFF, 0xAC,
    0xA4, 0xA4, 0xBD, 0x9C, 0x00, 0x00, 0x00, 0x00, 0x94, 0x94, 0xAC, 0xAC, 0x88, 0x88, 0x00, 0x00,
    0x83, 0x83, 0x94, 0x94, 0xA4, 0xA4, 0x44, 0x33, 0x73, 0x73, 0x83, 0x83, 0x9C, 0x9C, 0xA4, 0x94,
    0x91, 0x00, 0xFF, 0xA4, 0xFF, 0x94, 0xFF, 0xA4, 0x91, 0x00, 0xFF, 0xA4, 0xFF, 0x8B, 0xFF, 0x94,
    0x91, 0x00, 0xFF, 0x94, 0xFF, 0x7B, 0xFF, 0x8B, 0xDA, 0x55, 0xFF, 0x94, 0xFF, 0x7B, 0xFF, 0x83,
    0x00, 0x00, 0x7B, 0x62, 0x83, 0x39, 0x8B, 0x41, 0x00, 0x00, 0x8B, 0x41, 0x73, 0x39, 0x83, 0x39,
    0x00, 0x00, 0x83, 0x39, 0x6A, 0x39, 0x7B, 0x31, 0x44, 0x55, 0x83, 0x39, 0x6A, 0x39, 0x73, 0x29,
    0xFF, 0x9C, 0xFF, 0xBD, 0xFF, 0xBD, 0xFF, 0xC5, 0xFF, 0xA4, 0xFF, 0xB4, 0xFF, 0xC5, 0xFF, 0xBD,
    0xFF, 0x94, 0xFF, 0x9C, 0xFF, 0xB4, 0xFF, 0xB4, 0xFF, 0x8B, 0xFF, 0x94, 0xFF, 0xB4, 0xFF, 0xAC,
    0x94, 0x41, 0xA4, 0x52, 0xA4, 0x52, 0xC5, 0xC5, 0x8B, 0x4A, 0x9C, 0x4A, 0xA4, 0x62, 0xBD, 0xBD,
    0x83, 0x39, 0x94, 0x41, 0x9C, 0x62, 0xAC, 0xAC, 0x7B, 0x39, 0x83, 0x39, 0x9C, 0x62, 0xAC, 0xAC,
    0xFF, 0xDE, 0xFF, 0xE6, 0xFF, 0xEE, 0xFF, 0xF6, 0xFF, 0xCD, 0xFF, 0xD5, 0xFF, 0xE6, 0xFF, 0xEE,
    0xFF, 0xBD, 0xFF, 0xCD, 0xFF, 0xD5, 0xFF, 0xEE, 0xFF, 0xAC, 0xFF, 0xB4, 0xFF, 0xC5, 0xFF, 0xEE,
    0xDE, 0xDE, 0xE6, 0xE6, 0xEE, 0xEE, 0xF6, 0xF6, 0xCD, 0xCD, 0xD5, 0xD5, 0xE6, 0xE6, 0xEE, 0xEE,
    0xBD, 0xBD, 0xCD, 0xCD, 0xD5, 0xD5, 0xEE, 0xEE, 0xAC, 0xAC, 0xAC, 0xAC, 0xC5, 0xC5, 0xEE, 0xEE,
    0xFF, 0xFF, 0xFF, 0xFF, 0xFF, 0xFF, 0xFF, 0xFF, 0xFF, 0xFF, 0xFF, 0xFF, 0xFF, 0xFF, 0xFF, 0xFF,
    0xFF, 0xFF, 0xFF, 0xFF, 0xFF, 0xFF, 0xFF, 0xFF, 0xFF, 0xFF, 0xFF, 0xFF, 0xFF, 0xFF, 0xFF, 0xFF,
    0xFF, 0xF6, 0xFF, 0xFF, 0xFF, 0xFF, 0xFF, 0xFF, 0xFF, 0xFF, 0xFF, 0xFF, 0xFF, 0xFF, 0xFF, 0xFF,
    0xFF, 0xFF, 0xFF, 0xFF, 0xFF, 0xFF, 0xFF, 0xFF, 0xFF, 0xFF, 0xFF, 0xF6, 0xFF, 0xF6, 0xFF, 0xFF,
    0xFF, 0xFF, 0xFF, 0xFF, 0xFF, 0xFF, 0xFF, 0xFF, 0xFF, 0xFF, 0xFF, 0xFF, 0xFF, 0xFF, 0xFF, 0xFF,
    0xFF, 0xFF, 0xFF, 0xFF, 0xFF, 0xFF, 0xFF, 0xFF, 0xFF, 0xFF, 0xFF, 0xFF, 0xFF, 0xFF, 0xFF, 0xF6,
    0xFF, 0xF6, 0xFF, 0xFF, 0xFF, 0xFF, 0xFF, 0xFF, 0xFF, 0xFF, 0xFF, 0xF6, 0xFF, 0xFF, 0xFF, 0xFF,
    0xFF, 0xFF, 0xFF, 0xF6, 0xFF, 0xFF, 0xFF, 0xF6, 0xFF, 0xFF, 0xFF, 0xF6, 0xFF, 0xF6, 0xF6, 0xF6,
    0xFF, 0xE6, 0xDA, 0x55, 0xFF, 0x6A, 0xFF, 0xD5, 0xFF, 0xFF, 0xFF, 0xDE, 0xFF, 0x9C, 0xFF, 0xB4,
    0xFF, 0xFF, 0xFF, 0xFF, 0xFF, 0xBD, 0xFF, 0x94, 0xFF, 0xFF, 0xFF, 0xFF, 0xFF, 0xDE, 0xFF, 0x7B,
    0xE6, 0xE6, 0x44, 0x33, 0x62, 0x52, 0xD5, 0xCD, 0xFF, 0xFF, 0xCD, 0xAC, 0x9C, 0x9C, 0xB4, 0xB4,
    0xFF, 0xFF, 0xFF, 0xFF, 0xBD, 0xBD, 0x94, 0x94, 0xFF, 0xF6, 0xFF, 0xFF, 0xDE, 0xDE, 0x7B, 0x7B,
    0xFF, 0xEE, 0xFF, 0xEE, 0xFF, 0xFF, 0xFF, 0xFF, 0xFF, 0xB4, 0xFF, 0xB4, 0xFF, 0xEE, 0xFF, 0xF6,
    0xFF, 0x73, 0xFF, 0x73, 0xFF, 0xAC, 0xFF, 0xD5, 0xFF, 0x73, 0xFF, 0x73, 0xFF, 0x83, 0xFF, 0xAC,
    0xEE, 0xEE, 0xEE, 0xEE, 0xFF, 0xFF, 0xFF, 0xFF, 0xAC, 0xAC, 0xB4, 0xB4, 0xEE, 0xEE, 0xF6, 0xF6,
    0x73, 0x73, 0x73, 0x73, 0xAC, 0xAC, 0xD5, 0xCD, 0x73, 0x73, 0x73, 0x73, 0x83, 0x83, 0xAC, 0xAC,
    0xFF, 0xE6, 0x6D, 0x22, 0xDA, 0x55, 0xDA, 0x66, 0xFF, 0xFF, 0xFF, 0xDE, 0xFF, 0xA4, 0xFF, 0xA4,
    0xFF, 0xD5, 0xFF, 0xEE, 0xFF, 0xBD, 0xFF, 0xA4, 0xFF, 0xAC, 0xFF, 0xBD, 0xFF, 0xA4, 0xFF, 0x94,
    0xE6, 0xE6, 0x11, 0x11, 0x44, 0x33, 0x44, 0x33, 0xFF, 0xF6, 0xCD, 0xAC, 0x94, 0x8B, 0xA4, 0x9C,
    0xD5, 0xCD, 0xEE, 0xEE, 0xBD, 0xBD, 0xA4, 0x9C, 0xAC, 0xAC, 0xBD, 0xBD, 0xA4, 0xA4, 0x94, 0x94,
    0xFF, 0xA4, 0xFF, 0xAC, 0xFF, 0xBD, 0xFF, 0xDE, 0xFF, 0xA4, 0xFF, 0xA4, 0xFF, 0xB4, 0xFF, 0xD5,
    0xFF, 0x9C, 0xFF, 0x9C, 0xFF, 0xAC, 0xFF, 0xCD, 0xFF, 0x94, 0xFF, 0x94, 0xFF, 0xAC, 0xFF, 0xBD,
    0x94, 0x8B, 0xAC, 0xAC, 0xBD, 0xBD, 0xDE, 0xDE, 0xA4, 0xA4, 0xA4, 0x9C, 0xAC, 0xAC, 0xD5, 0xD5,
    0x9C, 0x9C, 0x9C, 0x9C, 0xAC, 0xAC, 0xCD, 0xCD, 0x94, 0x94, 0x94, 0x94, 0xAC, 0xAC, 0xBD, 0xBD,
    0xFF, 0xEE, 0xFF, 0xEE, 0x00, 0x00, 0x48, 0x00, 0xFF, 0xE6, 0xFF, 0xE6, 0x6D, 0xCC, 0x00, 0x00,
    0xFF, 0xD5, 0xFF, 0xDE, 0xFF, 0xEE, 0x24, 0xAA, 0xFF, 0xC5, 0xFF, 0xD5, 0xFF, 0xEE, 0x24, 0xDD,
    0xEE, 0xEE, 0xDE, 0xC5, 0x00, 0x00, 0x00, 0x00, 0xE6, 0xE6, 0xE6, 0xE6, 0xAA, 0x99, 0x00, 0x00,
    0xD5, 0xD5, 0xDE, 0xDE, 0xDE, 0xC5, 0x99, 0x77, 0xC5, 0xC5, 0xD5, 0xCD, 0xEE, 0xEE, 0xBB, 0x99,
    0x91, 0x00, 0x91, 0x00, 0x91, 0x00, 0xFF, 0x83, 0x91, 0x00, 0x91, 0x00, 0x91, 0x00, 0xDA, 0x55,
    0x48, 0x00, 0x91, 0x00, 0x91, 0x00, 0x91, 0x00, 0x24, 0x00, 0x91, 0x00, 0x91, 0x00, 0x91, 0x00,
    0x00, 0x00, 0x00, 0x00, 0x00, 0x00, 0x5A, 0x39, 0x00, 0x00, 0x00, 0x00, 0x00, 0x00, 0x44, 0x33,
    0x00, 0x00, 0x00, 0x00, 0x00, 0x00, 0x00, 0x00, 0x00, 0x00, 0x00, 0x00, 0x00, 0x00, 0x00, 0x00,
    0xFF, 0x6A, 0xFF, 0x6A, 0xFF, 0x6A, 0xFF, 0x94, 0xFF, 0x6A, 0xFF, 0x6A, 0xFF, 0x7B, 0xFF, 0x8B,
    0xFF, 0x6A, 0xFF, 0x6A, 0xFF, 0x6A, 0xFF, 0x83, 0xFF, 0x7B, 0xFF, 0x6A, 0xFF, 0x73, 0xFF, 0x7B,
    0x6A, 0x29, 0x5A, 0x31, 0x6A, 0x29, 0x83, 0x41, 0x6A, 0x29, 0x5A, 0x31, 0x6A, 0x31, 0x73, 0x39,
    0x5A, 0x31, 0x5A, 0x31, 0x6A, 0x29, 0x73, 0x39, 0x52, 0x31, 0x62, 0x18, 0x62, 0x31, 0x6A, 0x31,
    0xFF, 0xAC, 0xFF, 0xC5, 0xFF, 0xC5, 0xFF, 0xCD, 0xFF, 0xA4, 0xFF, 0xBD, 0xFF, 0xCD, 0xFF, 0xCD,
    0xFF, 0x94, 0xFF, 0xB4, 0xFF, 0xBD, 0xFF, 0xCD, 0xFF, 0x8B, 0xFF, 0x94, 0xFF, 0xB4, 0xFF, 0xBD,
    0x94, 0x4A, 0xA4, 0x52, 0xA4, 0x52, 0xAC, 0x5A, 0x8B, 0x4A, 0xA4, 0x52, 0xAC, 0x5A, 0xAC, 0x5A,
    0x83, 0x39, 0x9C, 0x4A, 0x9C, 0x4A, 0xAC, 0x5A, 0x7B, 0x39, 0x83, 0x39, 0x94, 0x41, 0x9C, 0x4A,
    0x6D, 0xCC, 0x00, 0x00, 0x00, 0x00, 0x00, 0x00, 0xFF, 0xD5, 0x91, 0xBB, 0x00, 0x00, 0x00, 0x00,
    0xFF, 0xD5, 0xFF, 0xCD, 0xB6, 0xBB, 0x00, 0x00, 0xFF, 0xCD, 0xFF, 0xD5, 0xFF, 0xCD, 0x48, 0x99,
    0xAA, 0x77, 0x00, 0x00, 0x00, 0x00, 0x00, 0x00, 0xB4, 0x5A, 0x88, 0x55, 0x00, 0x00, 0x00, 0x00,
    0xB4, 0x5A, 0xAC, 0x5A, 0x88, 0x44, 0x00, 0x00, 0xAC, 0x5A, 0xB4, 0x5A, 0xAC, 0x5A, 0x77, 0x66,
    0x00, 0x00, 0x00, 0x00, 0x00, 0x00, 0x00, 0x00, 0x00, 0x00, 0x00, 0x00, 0x00, 0x00, 0x00, 0x00,
    0x00, 0x00, 0x00, 0x00, 0x00, 0x00, 0x00, 0x00, 0x00, 0x00, 0x00, 0x00, 0x00, 0x00, 0x00, 0x00,
    0x00, 0x00, 0x00, 0x00, 0x00, 0x00, 0x00, 0x00, 0x00, 0x00, 0x00, 0x00, 0x00, 0x00, 0x00, 0x00,
    0x00, 0x00, 0x00, 0x00, 0x00, 0x00, 0x00, 0x00, 0x00, 0x00, 0x00, 0x00, 0x00, 0x00, 0x00, 0x00,
    0x00, 0x00, 0x00, 0x00, 0x00, 0x00, 0x00, 0x00, 0x00, 0x00, 0x00, 0x00, 0x00, 0x00, 0x00, 0x00,
    0x00, 0x00, 0x00, 0x00, 0x00, 0x00, 0x00, 0x00, 0x00, 0x00, 0x00, 0x00, 0x00, 0x00, 0x00, 0x00,
    0x00, 0x00, 0x00, 0x00, 0x00, 0x00, 0x00, 0x00, 0x00, 0x00, 0x00, 0x00, 0x00, 0x00, 0x00, 0x00,
    0x00, 0x00, 0x00, 0x00, 0x00, 0x00, 0x00, 0x00, 0x00, 0x00, 0x00, 0x00, 0x00, 0x00, 0x00, 0x00,
    0x00, 0x00, 0x00, 0x00, 0x00, 0x00, 0x00, 0x00, 0x00, 0x00, 0x00, 0x00, 0x00, 0x00, 0x00, 0x00,
    0x00, 0x00, 0x00, 0x00, 0x00, 0x00, 0x00, 0x00, 0x00, 0x00, 0x00, 0x00, 0x00, 0x00, 0x00, 0x00,
    0x00, 0x00, 0x00, 0x00, 0x00, 0x00, 0x00, 0x00, 0x00, 0x00, 0x00, 0x00, 0x00, 0x00, 0x00, 0x00,
    0x00, 0x00, 0x00, 0x00, 0x00, 0x00, 0x00, 0x00, 0x00, 0x00, 0x00, 0x00, 0x00, 0x00, 0x00, 0x00,
    0x00, 0x00, 0x00, 0x00, 0x00, 0x00, 0x00, 0x00, 0x00, 0x00, 0x00, 0x00, 0x00, 0x00, 0x00, 0x00,
    0x00, 0x00, 0x00, 0x00, 0x00, 0x00, 0x00, 0x00, 0x00, 0x00, 0x00, 0x00, 0x00, 0x00, 0x00, 0x00,
    0x00, 0x00, 0x00, 0x00, 0x00, 0x00, 0x00, 0x00, 0x00, 0x00, 0x00, 0x00, 0x00, 0x00, 0x00, 0x00,
    0x00, 0x00, 0x00, 0x00, 0x00, 0x00, 0x00, 0x00, 0x00, 0x00, 0x00, 0x00, 0x00, 0x00, 0x00, 0x00,
    0x91, 0x00, 0x91, 0x00, 0x91, 0x00, 0xDA, 0x33, 0x48, 0x00, 0x91, 0x00, 0x91, 0x00, 0x91, 0x00,
    0x24, 0x00, 0x91, 0x00, 0x91, 0x00, 0x91, 0x00, 0x00, 0x00, 0x6D, 0x00, 0x91, 0x00, 0x91, 0x00,
    0x00, 0x00, 0x00, 0x00, 0x00, 0x00, 0x22, 0x22, 0x00, 0x00, 0x00, 0x00, 0x00, 0x00, 0x00, 0x00,
    0x00, 0x00, 0x00, 0x00, 0x00, 0x00, 0x00, 0x00, 0x00, 0x00, 0x00, 0x00, 0x00, 0x00, 0x00, 0x00,
    0xFF, 0x62, 0xFF, 0x73, 0xFF, 0x83, 0xFF, 0x9C, 0xFF, 0x6A, 0xFF, 0x6A, 0xFF, 0x73, 0xFF, 0x83,
    0xDA, 0x33, 0xFF, 0x62, 0xFF, 0x62, 0xFF, 0x7B, 0xB6, 0x22, 0xFF, 0x5A, 0xFF, 0x62, 0xFF, 0x94,
    0x62, 0x62, 0x73, 0x73, 0x83, 0x83, 0x9C, 0x9C, 0x62, 0x52, 0x6A, 0x6A, 0x73, 0x73, 0x83, 0x83,
    0x33, 0x22, 0x62, 0x62, 0x62, 0x62, 0x7B, 0x5A, 0x11, 0x22, 0x5A, 0x5A, 0x62, 0x62, 0x83, 0x39,
    0xFF, 0x9C, 0xFF, 0x94, 0xFF, 0x6A, 0xFF, 0x7B, 0xFF, 0xA4, 0xFF, 0x94, 0xFF, 0x7B, 0xFF, 0x73,
    0xFF, 0xAC, 0xFF, 0x94, 0xFF, 0x7B, 0xFF, 0x6A, 0xFF, 0xAC, 0xFF, 0x8B, 0xFF, 0x7B, 0xFF, 0x6A,
    0x94, 0x6A, 0x83, 0x39, 0x6A, 0x29, 0x6A, 0x31, 0x8B, 0x4A, 0x83, 0x39, 0x6A, 0x31, 0x62, 0x31,
    0x8B, 0x39, 0x83, 0x39, 0x6A, 0x31, 0x5A, 0x31, 0x8B, 0x39, 0x7B, 0x31, 0x6A, 0x31, 0x5A, 0x31,
    0xFF, 0x83, 0xFF, 0x94, 0xFF, 0x9C, 0xFF, 0xA4, 0xFF, 0x83, 0xFF, 0x8B, 0xFF, 0x9C, 0xFF, 0x94,
    0xFF, 0x6A, 0xFF, 0x8B, 0xFF, 0x94, 0xFF, 0x94, 0xFF, 0x73, 0xFF, 0x83, 0xFF, 0xA4, 0xFF, 0x8B,
    0x73, 0x39, 0x83, 0x39, 0x94, 0x6A, 0xA4, 0x9C, 0x73, 0x39, 0x7B, 0x31, 0x8B, 0x7B, 0x94, 0x94,
    0x6A, 0x29, 0x6A, 0x29, 0x83, 0x73, 0x94, 0x94, 0x6A, 0x20, 0x73, 0x29, 0x94, 0x8B, 0x8B, 0x8B,
    0xFF, 0xA4, 0xFF, 0xA4, 0xFF, 0xAC, 0xFF, 0xEE, 0xFF, 0x9C, 0xFF, 0xA4, 0xFF, 0xA4, 0xFF, 0xEE,
    0xFF, 0x8B, 0xFF, 0x94, 0xFF, 0xB4, 0xFF, 0xEE, 0xFF, 0x83, 0xFF, 0x83, 0xFF, 0xBD, 0xFF, 0xD5,
    0xA4, 0x9C, 0xA4, 0x9C, 0xAC, 0xAC, 0xEE, 0xEE, 0x9C, 0x9C, 0xA4, 0x9C, 0xA4, 0xA4, 0xEE, 0xEE,
    0x8B, 0x8B, 0x94, 0x94, 0xAC, 0xAC, 0xEE, 0xEE, 0x83, 0x8B, 0x83, 0x83, 0xBD, 0xBD, 0xD5, 0xD5,
    0xFF, 0xFF, 0xFF, 0xFF, 0xFF, 0xEE, 0xFF, 0xFF, 0xFF, 0xEE, 0xFF, 0xEE, 0xFF, 0xEE, 0xFF, 0xF6,
    0xFF, 0xD5, 0xFF, 0xE6, 0xFF, 0xD5, 0xFF, 0xEE, 0xFF, 0xBD, 0xFF, 0xCD, 0xFF, 0xBD, 0xFF, 0xDE,
    0xFF, 0xF6, 0xFF, 0xF6, 0xEE, 0xEE, 0xFF, 0xFF, 0xEE, 0xEE, 0xEE, 0xEE, 0xEE, 0xEE, 0xF6, 0xF6,
    0xD5, 0xCD, 0xE6, 0xE6, 0xD5, 0xCD, 0xEE, 0xEE, 0xBD, 0xBD, 0xCD, 0xCD, 0xBD, 0xBD, 0xDE, 0xDE,
    0xFF, 0xFF, 0xFF, 0xFF, 0xFF, 0xEE, 0xFF, 0xFF, 0xFF, 0xFF, 0xFF, 0xEE, 0xFF, 0xDE, 0xFF, 0xF6,
    0xFF, 0xF6, 0xFF, 0xE6, 0xFF, 0xBD, 0xFF, 0xDE, 0xFF, 0xEE, 0xFF, 0xD5, 0xFF, 0xB4, 0xFF, 0xC5,
    0xFF, 0xFF, 0xFF, 0xFF, 0xEE, 0xEE, 0xFF, 0xF6, 0xFF, 0xFF, 0xEE, 0xEE, 0xDE, 0xDE, 0xF6, 0xF6,
    0xF6, 0xF6, 0xE6, 0xE6, 0xBD, 0xBD, 0xDE, 0xDE, 0xEE, 0xEE, 0xD5, 0xD5, 0xB4, 0xB4, 0xC5, 0xC5,
    0xFF, 0xEE, 0xFF, 0xF6, 0xFF, 0xF6, 0xFF, 0x94, 0xFF, 0xD5, 0xFF, 0xDE, 0xFF, 0xF6, 0xFF, 0xC5,
    0xFF, 0xC5, 0xFF, 0xC5, 0xFF, 0xD5, 0xFF, 0xDE, 0xFF, 0xB4, 0xFF, 0xAC, 0xFF, 0xCD, 0xFF, 0xD5,
    0xEE, 0xEE, 0xF6, 0xF6, 0xF6, 0xF6, 0x94, 0x94, 0xD5, 0xD5, 0xDE, 0xDE, 0xF6, 0xF6, 0xC5, 0xC5,
    0xC5, 0xC5, 0xC5, 0xC5, 0xD5, 0xD5, 0xDE, 0xDE, 0xB4, 0xB4, 0xAC, 0xAC, 0xCD, 0xCD, 0xD5, 0xD5,
    0xFF, 0x6A, 0xFF, 0x73, 0xFF, 0x62, 0xFF, 0x83, 0xFF, 0x6A, 0xFF, 0x62, 0xFF, 0x62, 0xFF, 0x6A,
    0xFF, 0x83, 0xFF, 0x52, 0xFF, 0x62, 0xFF, 0x7B, 0xFF, 0xAC, 0xFF, 0x52, 0xFF, 0x73, 0xFF, 0x83,
    0x6A, 0x6A, 0x73, 0x73, 0x62, 0x62, 0x83, 0x83, 0x6A, 0x6A, 0x62, 0x62, 0x62, 0x62, 0x6A, 0x6A,
    0x83, 0x83, 0x52, 0x52, 0x62, 0x62, 0x7B, 0x7B, 0xAC, 0xAC, 0x52, 0x52, 0x73, 0x73, 0x83, 0x8B,
    0xFF, 0x8B, 0xFF, 0x9C, 0xFF, 0x94, 0xFF, 0x8B, 0xFF, 0x83, 0xFF, 0x94, 0xFF, 0x83, 0xFF, 0x83,
    0xFF, 0x83, 0xFF, 0x83, 0xFF, 0x83, 0xFF, 0x83, 0xFF, 0x83, 0xFF, 0x83, 0xFF, 0x83, 0xFF, 0x83,
    0x8B, 0x8B, 0x9C, 0x9C, 0x94, 0x94, 0x8B, 0x8B, 0x83, 0x83, 0x94, 0x94, 0x83, 0x8B, 0x83, 0x83,
    0x83, 0x83, 0x83, 0x83, 0x83, 0x83, 0x83, 0x8B, 0x83, 0x8B, 0x83, 0x83, 0x83, 0x83, 0x83, 0x83,
    0xFF, 0x94, 0xFF, 0x9C, 0xFF, 0xA4, 0xFF, 0xB4, 0xFF, 0x94, 0xFF, 0xA4, 0xFF, 0xA4, 0xFF, 0xAC,
    0xFF, 0x94, 0xFF, 0x9C, 0xFF, 0x94, 0xFF, 0xA4, 0xFF, 0x8B, 0xFF, 0x94, 0xFF, 0x94, 0xFF, 0x9C,
    0x94, 0x94, 0x9C, 0x9C, 0xA4, 0xA4, 0xB4, 0xB4, 0x94, 0x94, 0xA4, 0x9C, 0xA4, 0x9C, 0xAC, 0xAC,
    0x94, 0x94, 0x9C, 0x9C, 0x94, 0x94, 0xA4, 0x9C, 0x8B, 0x8B, 0x94, 0x94, 0x94, 0x94, 0x9C, 0x9C,
    0xFF, 0xBD, 0xFF, 0xC5, 0xFF, 0xD5, 0x24, 0xDD, 0xFF, 0xB4, 0xFF, 0xB4, 0xFF, 0xD5, 0x24, 0xDD,
    0xFF, 0xA4, 0xFF, 0xB4, 0xFF, 0xD5, 0x24, 0xDD, 0xFF, 0xA4, 0xFF, 0xAC, 0xFF, 0xEE, 0x6D, 0xCC,
    0xBD, 0xBD, 0xC5, 0xC5, 0xD5, 0xD5, 0xBB, 0x99, 0xAC, 0xAC, 0xB4, 0xB4, 0xD5, 0xD5, 0xBB, 0x99,
    0xA4, 0x9C, 0xAC, 0xAC, 0xD5, 0xD5, 0xBB, 0x99, 0xA4, 0x9C, 0xAC, 0xAC, 0xEE, 0xEE, 0xAA, 0x99,
    0x00, 0x00, 0x91, 0x00, 0x91, 0x00, 0x91, 0x00, 0x00, 0x00, 0x6D, 0x00, 0x91, 0x00, 0x91, 0x00,
    0x00, 0x00, 0x24, 0x00, 0x91, 0x00, 0x91, 0x00, 0x00, 0x00, 0x00, 0x00, 0x6D, 0x00, 0x91, 0x00,
    0x00, 0x00, 0x00, 0x00, 0x00, 0x00, 0x00, 0x00, 0x00, 0x00, 0x00, 0x00, 0x00, 0x00, 0x00, 0x00,
    0x00, 0x00, 0x00, 0x00, 0x00, 0x00, 0x00, 0x00, 0x00, 0x00, 0x00, 0x00, 0x00, 0x00, 0x00, 0x00,
    0xDA, 0x33, 0xFF, 0x6A, 0xFF, 0x6A, 0xFF, 0x7B, 0x91, 0x00, 0xFF, 0x6A, 0xFF, 0x6A, 0xFF, 0x7B,
    0x91, 0x00, 0xDA, 0x33, 0xFF, 0x73, 0xFF, 0x73, 0x91, 0x00, 0xB6, 0x11, 0xFF, 0x6A, 0xFF, 0x83,
    0x22, 0x22, 0x62, 0x18, 0x62, 0x18, 0x62, 0x29, 0x00, 0x00, 0x41, 0x29, 0x62, 0x18, 0x62, 0x29,
    0x00, 0x00, 0x22, 0x22, 0x52, 0x18, 0x6A, 0x20, 0x00, 0x00, 0x11, 0x11, 0x62, 0x18, 0x62, 0x18,
    0xFF, 0x83, 0xFF, 0x8B, 0xFF, 0x94, 0xFF, 0xB4, 0xFF, 0x83, 0xFF, 0x83, 0xFF, 0x9C, 0xFF, 0xAC,
    0xFF, 0x8B, 0xFF, 0x94, 0xFF, 0x8B, 0xFF, 0xAC, 0xFF, 0x94, 0xFF, 0x94, 0xFF, 0x9C, 0xFF, 0x9C,
    0x73, 0x29, 0x7B, 0x31, 0x83, 0x39, 0x94, 0x41, 0x73, 0x29, 0x73, 0x29, 0x83, 0x29, 0x8B, 0x39,
    0x6A, 0x20, 0x73, 0x29, 0x7B, 0x31, 0x8B, 0x39, 0x73, 0x29, 0x73, 0x29, 0x83, 0x29, 0x83, 0x29,
    0xFF, 0xBD, 0xFF, 0xCD, 0xFF, 0xD5, 0xDA, 0xCC, 0xFF, 0xB4, 0xFF, 0xBD, 0xFF, 0xD5, 0xFF, 0xD5,
    0xFF, 0xAC, 0xFF, 0xB4, 0xFF, 0xBD, 0xFF, 0xD5, 0xFF, 0xAC, 0xFF, 0xAC, 0xFF, 0xBD, 0xFF, 0xCD,
    0x9C, 0x4A, 0xAC, 0x5A, 0xB4, 0x5A, 0x99, 0x44, 0x94, 0x41, 0x9C, 0x4A, 0xB4, 0x5A, 0xB4, 0x5A,
    0x8B, 0x39, 0x94, 0x41, 0x9C, 0x4A, 0xB4, 0x5A, 0x8B, 0x39, 0x8B, 0x39, 0x9C, 0x4A, 0xAC, 0x5A,
    0x00, 0x00, 0x00, 0x00, 0x00, 0x00, 0x00, 0x00, 0x91, 0xBB, 0x00, 0x00, 0x00, 0x00, 0x00, 0x00,
    0xFF, 0xBD, 0x24, 0x77, 0x00, 0x00, 0x00, 0x00, 0xFF, 0xD5, 0xB6, 0xBB, 0x00, 0x00, 0x00, 0x00,
    0x00, 0x00, 0x00, 0x00, 0x00, 0x00, 0x00, 0x00, 0x88, 0x55, 0x00, 0x00, 0x00, 0x00, 0x00, 0x00,
    0xA4, 0x52, 0x66, 0x66, 0x00, 0x00, 0x00, 0x00, 0xB4, 0x5A, 0x88, 0x44, 0x00, 0x00, 0x00, 0x00,
    0x00, 0x00, 0x00, 0x00, 0x00, 0x00, 0x00, 0x00, 0x00, 0x00, 0x00, 0x00, 0x00, 0x00, 0x00, 0x00,
    0x00, 0x00, 0x00, 0x00, 0x00, 0x00, 0x00, 0x00, 0x00, 0x00, 0x00, 0x00, 0x00, 0x00, 0x00, 0x00,
    0x00, 0x00, 0x00, 0x00, 0x00, 0x00, 0x00, 0x00, 0x00, 0x00, 0x00, 0x00, 0x00, 0x00, 0x00, 0x00,
    0x00, 0x00, 0x00, 0x00, 0x00, 0x00, 0x00, 0x00, 0x00, 0x00, 0x00, 0x00, 0x00, 0x00, 0x00, 0x00,
    0x00, 0x00, 0x00, 0x00, 0x00, 0x00, 0x00, 0x00, 0x00, 0x00, 0x00, 0x00, 0x00, 0x00, 0x00, 0x00,
    0x00, 0x00, 0x00, 0x00, 0x00, 0x00, 0x00, 0x00, 0x00, 0x00, 0x00, 0x00, 0x00, 0x00, 0x00, 0x00,
    0x00, 0x00, 0x00, 0x00, 0x00, 0x00, 0x00, 0x00, 0x00, 0x00, 0x00, 0x00, 0x00, 0x00, 0x00, 0x00,
    0x00, 0x00, 0x00, 0x00, 0x00, 0x00, 0x00, 0x00, 0x00, 0x00, 0x00, 0x00, 0x00, 0x00, 0x00, 0x00,
    0x00, 0x00, 0x00, 0x00, 0x00, 0x00, 0x00, 0x00, 0x00, 0x00, 0x00, 0x00, 0x00, 0x00, 0x00, 0x00,
    0x00, 0x00, 0x00, 0x00, 0x00, 0x00, 0x00, 0x00, 0x00, 0x00, 0x00, 0x00, 0x00, 0x00, 0x00, 0x00,
    0x00, 0x00, 0x00, 0x00, 0x00, 0x00, 0x00, 0x00, 0x00, 0x00, 0x00, 0x00, 0x00, 0x00, 0x00, 0x00,
    0x00, 0x00, 0x00, 0x00, 0x00, 0x00, 0x00, 0x00, 0x00, 0x00, 0x00, 0x00, 0x00, 0x00, 0x00, 0x00,
    0x00, 0x00, 0x24, 0x00, 0x91, 0x00, 0x91, 0x00, 0x00, 0x00, 0x00, 0x00, 0x91, 0x00, 0x91, 0x00,
    0x00, 0x00, 0x00, 0x00, 0x6D, 0x00, 0x91, 0x00, 0x00, 0x00, 0x00, 0x00, 0x24, 0x00, 0x91, 0x00,
    0x00, 0x00, 0x00, 0x00, 0x00, 0x00, 0x00, 0x00, 0x00, 0x00, 0x00, 0x00, 0x00, 0x00, 0x00, 0x00,
    0x00, 0x00, 0x00, 0x00, 0x00, 0x00, 0x00, 0x00, 0x00, 0x00, 0x00, 0x00, 0x00, 0x00, 0x00, 0x00,
    0x91, 0x00, 0xFF, 0x5A, 0xFF, 0x6A, 0xFF, 0x9C, 0x91, 0x00, 0xDA, 0x33, 0xFF, 0x7B, 0xFF, 0x9C,
    0x91, 0x00, 0xB6, 0x11, 0xFF, 0x8B, 0xFF, 0x9C, 0x91, 0x00, 0xDA, 0x66, 0xFF, 0x9C, 0xFF, 0x9C,
    0x00, 0x00, 0x4A, 0x39, 0x62, 0x52, 0x83, 0x29, 0x00, 0x00, 0x33, 0x22, 0x6A, 0x39, 0x83, 0x29,
    0x00, 0x00, 0x11, 0x11, 0x6A, 0x20, 0x83, 0x29, 0x00, 0x00, 0x44, 0x11, 0x83, 0x29, 0x83, 0x29,
    0xFF, 0x9C, 0xFF, 0x83, 0xFF, 0x6A, 0xFF, 0x6A, 0xFF, 0x9C, 0xFF, 0x83, 0xFF, 0x7B, 0xFF, 0x6A,
    0xFF, 0x94, 0xFF, 0x83, 0xFF, 0x6A, 0xFF, 0x6A, 0xFF, 0x94, 0xFF, 0x8B, 0xFF, 0x83, 0xFF, 0x83,
    0x83, 0x29, 0x73, 0x29, 0x62, 0x18, 0x62, 0x18, 0x83, 0x29, 0x73, 0x29, 0x62, 0x29, 0x62, 0x18,
    0x73, 0x29, 0x73, 0x29, 0x62, 0x18, 0x62, 0x18, 0x73, 0x29, 0x6A, 0x20, 0x62, 0x18, 0x62, 0x18,
    0xFF, 0x7B, 0xFF, 0x83, 0xFF, 0x94, 0xFF, 0x8B, 0xFF, 0x73, 0xFF, 0x83, 0xFF, 0x94, 0xFF, 0x83,
    0xFF, 0x83, 0xFF, 0x83, 0xFF, 0x8B, 0xFF, 0x83, 0xFF, 0x83, 0xFF, 0x8B, 0xFF, 0x94, 0xFF, 0x83,
    0x62, 0x29, 0x73, 0x29, 0x8B, 0x83, 0x8B, 0x8B, 0x6A, 0x20, 0x73, 0x39, 0x94, 0x94, 0x83, 0x83,
    0x62, 0x18, 0x73, 0x39, 0x8B, 0x8B, 0x83, 0x83, 0x62, 0x18, 0x73, 0x39, 0x94, 0x94, 0x83, 0x83,
    0xFF, 0x83, 0xFF, 0x83, 0xFF, 0xC5, 0xFF, 0xCD, 0xFF, 0x83, 0xFF, 0x94, 0xFF, 0xCD, 0xFF, 0xC5,
    0xFF, 0x7B, 0xFF, 0x9C, 0xFF, 0xBD, 0xFF, 0xB4, 0xFF, 0x83, 0xFF, 0x9C, 0xFF, 0xAC, 0xFF, 0xA4,
    0x83, 0x83, 0x83, 0x8B, 0xC5, 0xC5, 0xCD, 0xCD, 0x83, 0x83, 0x94, 0x94, 0xCD, 0xCD, 0xC5, 0xC5,
    0x7B, 0x7B, 0x9C, 0x9C, 0xBD, 0xBD, 0xB4, 0xB4, 0x83, 0x83, 0x9C, 0x9C, 0xAC, 0xAC, 0xA4, 0xA4,
    0xFF, 0xA4, 0xFF, 0xBD, 0xFF, 0xB4, 0xFF, 0xD5, 0xFF, 0x9C, 0xFF, 0xAC, 0xFF, 0xAC, 0xFF, 0xBD,
    0xFF, 0x8B, 0xFF, 0xA4, 0xFF, 0x94, 0xFF, 0xB4, 0xFF, 0x83, 0xFF, 0x94, 0xFF, 0x94, 0xFF, 0xAC,
    0xA4, 0xA4, 0xBD, 0xBD, 0xAC, 0xAC, 0xD5, 0xCD, 0x9C, 0x9C, 0xAC, 0xAC, 0xAC, 0xAC, 0xBD, 0xBD,
    0x8B, 0x8B, 0xA4, 0x9C, 0x94, 0x94, 0xB4, 0xB4, 0x83, 0x8B, 0x94, 0x94, 0x94, 0x94, 0xAC, 0xAC,
    0xFF, 0xDE, 0xFF, 0xCD, 0xFF, 0xA4, 0xFF, 0xBD, 0xFF, 0xD5, 0xFF, 0xC5, 0xFF, 0xA4, 0xFF, 0xAC,
    0xFF, 0xC5, 0xFF, 0xBD, 0xFF, 0x94, 0xFF, 0x9C, 0xFF, 0xBD, 0xFF, 0xB4, 0xFF, 0x94, 0xFF, 0x94,
    0xDE, 0xDE, 0xCD, 0xCD, 0xA4, 0xA4, 0xBD, 0xBD, 0xD5, 0xCD, 0xC5, 0xC5, 0xA4, 0x9C, 0xAC, 0xAC,
    0xC5, 0xC5, 0xBD, 0xBD, 0x94, 0x94, 0x9C, 0x9C, 0xBD, 0xBD, 0xAC, 0xAC, 0x94, 0x94, 0x94, 0x94,
    0xFF, 0xA4, 0xFF, 0xA4, 0xFF, 0xBD, 0xFF, 0xCD, 0xFF, 0xA4, 0xFF, 0x8B, 0xFF, 0xB4, 0xFF, 0xBD,
    0xFF, 0x94, 0xFF, 0x83, 0xFF, 0xA4, 0xFF, 0xAC, 0xFF, 0x94, 0xFF, 0x7B, 0xFF, 0x9C, 0xFF, 0xA4,
    0xA4, 0xA4, 0xA4, 0x9C, 0xBD, 0xBD, 0xCD, 0xCD, 0xA4, 0x9C, 0x8B, 0x8B, 0xAC, 0xAC, 0xBD, 0xBD,
    0x94, 0x94, 0x83, 0x83, 0xA4, 0x9C, 0xAC, 0xAC, 0x94, 0x94, 0x7B, 0x7B, 0x9C, 0x9C, 0xA4, 0xA4,
    0xFF, 0xBD, 0xFF, 0x73, 0xFF, 0x7B, 0xFF, 0x83, 0xFF, 0xB4, 0xFF, 0xA4, 0xFF, 0x8B, 0xFF, 0x8B,
    0xFF, 0xA4, 0xFF, 0xA4, 0xFF, 0x8B, 0xFF, 0x8B, 0xFF, 0x94, 0xFF, 0x8B, 0xFF, 0x8B, 0xFF, 0x8B,
    0xBD, 0xBD, 0x73, 0x73, 0x7B, 0x7B, 0x83, 0x8B, 0xB4, 0xB4, 0xA4, 0x9C, 0x8B, 0x8B, 0x8B, 0x8B,
    0xA4, 0xA4, 0xA4, 0x9C, 0x8B, 0x8B, 0x8B, 0x8B, 0x94, 0x94, 0x8B, 0x8B, 0x8B, 0x8B, 0x8B, 0x8B,
    0xFF, 0x83, 0xFF, 0x83, 0xFF, 0x83, 0xFF, 0x83, 0xFF, 0x8B, 0xFF, 0x83, 0xFF, 0x83, 0xFF, 0x83,
    0xFF, 0x83, 0xFF, 0x83, 0xFF, 0x83, 0xFF, 0x83, 0xFF, 0x8B, 0xFF, 0x83, 0xFF, 0x83, 0xFF, 0x83,
    0x83, 0x8B, 0x83, 0x83, 0x83, 0x83, 0x83, 0x83, 0x8B, 0x8B, 0x83, 0x83, 0x83, 0x83, 0x83, 0x83,
    0x83, 0x8B, 0x83, 0x83, 0x83, 0x83, 0x83, 0x83, 0x8B, 0x8B, 0x83, 0x83, 0x83, 0x83, 0x83, 0x83,
    0xFF, 0x83, 0xFF, 0x94, 0xFF, 0x94, 0xFF, 0x9C, 0xFF, 0x8B, 0xFF, 0x94, 0xFF, 0x94, 0xFF, 0x9C,
    0xFF, 0x83, 0xFF, 0x94, 0xFF, 0x94, 0xFF, 0x94, 0xFF, 0x83, 0xFF, 0x94, 0xFF, 0x94, 0xFF, 0x94,
    0x83, 0x8B, 0x94, 0x94, 0x94, 0x94, 0x9C, 0x9C, 0x8B, 0x8B, 0x94, 0x94, 0x94, 0x94, 0x9C, 0x9C,
    0x83, 0x83, 0x94, 0x94, 0x94, 0x94, 0x94, 0x94, 0x83, 0x83, 0x94, 0x94, 0x94, 0x94, 0x94, 0x94,
    0xFF, 0x94, 0xFF, 0xBD, 0xFF, 0xEE, 0xFF, 0x73, 0xFF, 0x9C, 0xFF, 0xCD, 0xFF, 0xD5, 0xFF, 0x83,
    0xFF, 0xA4, 0xFF, 0xD5, 0xFF, 0xBD, 0xFF, 0x83, 0xFF, 0xB4, 0xFF, 0xBD, 0xFF, 0x9C, 0xFF, 0x8B,
    0x94, 0x94, 0xBD, 0xBD, 0xEE, 0xEE, 0x73, 0x41, 0x9C, 0x9C, 0xCD, 0xCD, 0xD5, 0xCD, 0x73, 0x29,
    0xA4, 0x9C, 0xD5, 0xCD, 0xBD, 0x9C, 0x73, 0x29, 0xAC, 0xAC, 0xBD, 0xBD, 0x94, 0x6A, 0x7B, 0x31,
    0x24, 0x00, 0x00, 0x00, 0x24, 0x00, 0x91, 0x00, 0xFF, 0x41, 0x24, 0x77, 0x00, 0x00, 0x91, 0x00,
    0xFF, 0x73, 0xFF, 0x5A, 0x6D, 0x22, 0x91, 0x00, 0xFF, 0x83, 0xFF, 0x6A, 0xFF, 0x41, 0xDA, 0x33,
    0x00, 0x00, 0x00, 0x00, 0x00, 0x00, 0x00, 0x00, 0x52, 0x20, 0x66, 0x66, 0x00, 0x00, 0x00, 0x00,
    0x6A, 0x20, 0x4A, 0x29, 0x11, 0x11, 0x00, 0x00, 0x73, 0x29, 0x62, 0x18, 0x52, 0x20, 0x33, 0x22,
    0x91, 0x00, 0xFF, 0x73, 0xFF, 0x7B, 0xFF, 0x83, 0xDA, 0x55, 0xFF, 0x83, 0xFF, 0x83, 0xFF, 0x73,
    0xFF, 0x6A, 0xFF, 0x73, 0xFF, 0x73, 0xFF, 0x6A, 0xFF, 0x6A, 0xFF, 0x73, 0xFF, 0x73, 0xFF, 0x83,
    0x00, 0x00, 0x62, 0x62, 0x7B, 0x5A, 0x62, 0x18, 0x44, 0x33, 0x83, 0x83, 0x7B, 0x6A, 0x52, 0x18,
    0x52, 0x41, 0x6A, 0x4A, 0x6A, 0x20, 0x62, 0x18, 0x52, 0x41, 0x6A, 0x20, 0x6A, 0x20, 0x62, 0x18,
    0xFF, 0x8B, 0xFF, 0x94, 0xFF, 0x94, 0xFF, 0x9C, 0xFF, 0x8B, 0xFF, 0x8B, 0xFF, 0x94, 0xFF, 0x9C,
    0xFF, 0x83, 0xFF, 0x8B, 0xFF, 0x94, 0xFF, 0x9C, 0xFF, 0x83, 0xFF, 0x8B, 0xFF, 0x94, 0xFF, 0x94,
    0x6A, 0x20, 0x73, 0x29, 0x73, 0x29, 0x83, 0x29, 0x6A, 0x20, 0x6A, 0x20, 0x73, 0x29, 0x83, 0x29,
    0x62, 0x18, 0x6A, 0x20, 0x73, 0x29, 0x83, 0x29, 0x62, 0x18, 0x6A, 0x20, 0x73, 0x29, 0x73, 0x29,
    0xFF, 0x9C, 0xFF, 0xAC, 0xFF, 0xB4, 0xFF, 0xC5, 0xFF, 0xAC, 0xFF, 0xAC, 0xFF, 0xB4, 0xFF, 0xBD,
    0xFF, 0x9C, 0xFF, 0xAC, 0xFF, 0xAC, 0xFF, 0xBD, 0xFF, 0x9C, 0xFF, 0xAC, 0xFF, 0xB4, 0xFF, 0xB4,
    0x83, 0x29, 0x8B, 0x39, 0x94, 0x41, 0xA4, 0x52, 0x8B, 0x39, 0x8B, 0x39, 0x94, 0x41, 0x9C, 0x4A,
    0x83, 0x29, 0x8B, 0x39, 0x8B, 0x39, 0x9C, 0x4A, 0x83, 0x29, 0x8B, 0x39, 0x94, 0x41, 0x94, 0x41,
    0xFF, 0xCD, 0xFF, 0xC5, 0x24, 0xAA, 0x00, 0x00, 0xFF, 0xCD, 0xFF, 0xC5, 0xDA, 0xCC, 0x00, 0x00,
    0xFF, 0xC5, 0xFF, 0xCD, 0xFF, 0xB4, 0x91, 0xBB, 0xFF, 0xBD, 0xFF, 0xC5, 0xFF, 0xBD, 0xFF, 0xAC,
    0xAC, 0x5A, 0xA4, 0x52, 0x99, 0x77, 0x00, 0x00, 0xAC, 0x5A, 0xA4, 0x52, 0x99, 0x44, 0x00, 0x00,
    0xA4, 0x52, 0xAC, 0x5A, 0x94, 0x41, 0x88, 0x55, 0xA4, 0x52, 0xA4, 0x52, 0x9C, 0x4A, 0x83, 0x41,
    0x00, 0x00, 0x00, 0x00, 0x00, 0x00, 0x00, 0x00, 0x00, 0x00, 0x00, 0x00, 0x00, 0x00, 0x00, 0x00,
    0x00, 0x00, 0x00, 0x00, 0x00, 0x00, 0x00, 0x00, 0x24, 0xBB, 0x00, 0x00, 0x24, 0xAA, 0x00, 0x00,
    0x00, 0x00, 0x00, 0x00, 0x00, 0x00, 0x00, 0x00, 0x00, 0x00, 0x00, 0x00, 0x00, 0x00, 0x00, 0x00,
    0x00, 0x00, 0x00, 0x00, 0x00, 0x00, 0x00, 0x00, 0x77, 0x88, 0x00, 0x00, 0x99, 0x77, 0x00, 0x00,
    0x00, 0x00, 0x00, 0x00, 0x00, 0x00, 0x00, 0x00, 0x00, 0x00, 0x00, 0x00, 0x00, 0x00, 0x00, 0x00,
    0xFF, 0xBD, 0x6D, 0xCC, 0x00, 0x00, 0x00, 0x00, 0xFF, 0xB4, 0xFF, 0xBD, 0xB6, 0xDD, 0x24, 0x77,
    0x00, 0x00, 0x00, 0x00, 0x00, 0x00, 0x00, 0x00, 0x00, 0x00, 0x00, 0x00, 0x00, 0x00, 0x00, 0x00,
    0xBD, 0x9C, 0xAA, 0x77, 0x00, 0x00, 0x00, 0x00, 0xAC, 0xAC, 0xBD, 0xBD, 0xBB, 0xAA, 0x66, 0x66,
    0x00, 0x00, 0x00, 0x00, 0x00, 0x00, 0x00, 0x00, 0x00, 0x00, 0x00, 0x00, 0x00, 0x00, 0x00, 0x00,
    0x00, 0x00, 0x00, 0x00, 0x00, 0x00, 0x00, 0x00, 0x00, 0x00, 0x00, 0x00, 0x00, 0x00, 0x00, 0x00,
    0x00, 0x00, 0x00, 0x00, 0x00, 0x00, 0x00, 0x00, 0x00, 0x00, 0x00, 0x00, 0x00, 0x00, 0x00, 0x00,
    0x00, 0x00, 0x00, 0x00, 0x00, 0x00, 0x00, 0x00, 0x00, 0x00, 0x00, 0x00, 0x00, 0x00, 0x00, 0x00,
    0x00, 0x00, 0x00, 0x00, 0x00, 0x00, 0x91, 0x00, 0x00, 0x00, 0x00, 0x00, 0x24, 0x00, 0x91, 0x00,
    0x00, 0x00, 0x00, 0x00, 0x48, 0x00, 0x91, 0x00, 0x48, 0x99, 0x48, 0x99, 0xFF, 0x8B, 0xFF, 0x8B,
    0x00, 0x00, 0x00, 0x00, 0x00, 0x00, 0x00, 0x00, 0x00, 0x00, 0x00, 0x00, 0x00, 0x00, 0x00, 0x00,
    0x00, 0x00, 0x00, 0x00, 0x00, 0x00, 0x00, 0x00, 0x77, 0x66, 0x77, 0x66, 0x52, 0x73, 0x52, 0x73,
    0x91, 0x00, 0xFF, 0x8B, 0xFF, 0x94, 0xFF, 0x9C, 0xB6, 0x11, 0xFF, 0x94, 0xFF, 0x9C, 0xFF, 0x9C,
    0xDA, 0x66, 0xFF, 0x94, 0xFF, 0x94, 0xFF, 0x9C, 0xFF, 0x9C, 0xFF, 0x94, 0xFF, 0x9C, 0xFF, 0x9C,
    0x00, 0x00, 0x52, 0x31, 0x73, 0x29, 0x83, 0x29, 0x11, 0x11, 0x73, 0x29, 0x83, 0x29, 0x83, 0x29,
    0x44, 0x33, 0x73, 0x29, 0x73, 0x29, 0x83, 0x29, 0x7B, 0x39, 0x73, 0x29, 0x83, 0x29, 0x83, 0x29,
    0xFF, 0x94, 0xFF, 0x8B, 0xFF, 0x6A, 0xFF, 0x83, 0xFF, 0x94, 0xFF, 0x8B, 0xFF, 0x73, 0xFF, 0x83,
    0xFF, 0x94, 0xFF, 0x8B, 0xFF, 0x8B, 0xFF, 0x8B, 0xFF, 0x9C, 0xFF, 0xA4, 0xFF, 0x8B, 0xFF, 0x83,
    0x73, 0x29, 0x6A, 0x20, 0x62, 0x18, 0x62, 0x18, 0x73, 0x29, 0x6A, 0x20, 0x6A, 0x20, 0x62, 0x18,
    0x73, 0x29, 0x6A, 0x20, 0x6A, 0x20, 0x6A, 0x20, 0x83, 0x29, 0x94, 0x4A, 0x6A, 0x20, 0x62, 0x18,
    0xFF, 0x83, 0xFF, 0x8B, 0xFF, 0x83, 0xFF, 0x83, 0xFF, 0x83, 0xFF, 0x83, 0xFF, 0x83, 0xFF, 0x83,
    0xFF, 0x83, 0xFF, 0x83, 0xFF, 0x7B, 0xFF, 0x7B, 0xFF, 0x8B, 0xFF, 0x8B, 0xFF, 0x7B, 0xFF, 0x7B,
    0x62, 0x18, 0x73, 0x41, 0x83, 0x8B, 0x83, 0x83, 0x62, 0x18, 0x73, 0x41, 0x83, 0x8B, 0x83, 0x83,
    0x62, 0x18, 0x73, 0x39, 0x7B, 0x7B, 0x7B, 0x7B, 0x6A, 0x20, 0x6A, 0x20, 0x73, 0x62, 0x7B, 0x7B,
    0xFF, 0x83, 0xFF, 0x8B, 0xFF, 0x9C, 0xFF, 0xA4, 0xFF, 0x83, 0xFF, 0x83, 0xFF, 0x8B, 0xFF, 0x9C,
    0xFF, 0x83, 0xFF, 0x83, 0xFF, 0x83, 0xFF, 0x94, 0xFF, 0x83, 0xFF, 0x83, 0xFF, 0x7B, 0xFF, 0x83,
    0x83, 0x83, 0x8B, 0x8B, 0x9C, 0x9C, 0xA4, 0x9C, 0x83, 0x83, 0x83, 0x8B, 0x8B, 0x8B, 0x9C, 0x9C,
    0x83, 0x83, 0x83, 0x8B, 0x83, 0x83, 0x94, 0x94, 0x83, 0x83, 0x83, 0x8B, 0x7B, 0x7B, 0x83, 0x83,
    0xFF, 0x83, 0xFF, 0x8B, 0xFF, 0x8B, 0xFF, 0xA4, 0xFF, 0x83, 0xFF, 0x83, 0xFF, 0x83, 0xFF, 0x94,
    0xFF, 0x83, 0xFF, 0x83, 0xFF, 0x7B, 0xFF, 0x83, 0xFF, 0x83, 0xFF, 0x73, 0xFF, 0x7B, 0xFF, 0x73,
    0x83, 0x83, 0x8B, 0x8B, 0x8B, 0x8B, 0xA4, 0x9C, 0x83, 0x83, 0x83, 0x83, 0x83, 0x83, 0x94, 0x94,
    0x83, 0x83, 0x83, 0x83, 0x7B, 0x7B, 0x83, 0x83, 0x83, 0x83, 0x73, 0x73, 0x7B, 0x7B, 0x73, 0x73,
    0xFF, 0xB4, 0xFF, 0xAC, 0xFF, 0x83, 0xFF, 0x8B, 0xFF, 0xB4, 0xFF, 0xA4, 0xFF, 0x83, 0xFF, 0x83,
    0xFF, 0xA4, 0xFF, 0x94, 0xFF, 0x73, 0xFF, 0x7B, 0xFF, 0x9C, 0xFF, 0x8B, 0xFF, 0x73, 0xFF, 0x73,
    0xB4, 0xB4, 0xAC, 0xAC, 0x83, 0x8B, 0x8B, 0x8B, 0xAC, 0xAC, 0xA4, 0x9C, 0x83, 0x83, 0x83, 0x83,
    0xA4, 0x9C, 0x94, 0x94, 0x73, 0x73, 0x7B, 0x7B, 0x9C, 0x9C, 0x8B, 0x8B, 0x73, 0x73, 0x73, 0x73,
    0xFF, 0x83, 0xFF, 0x7B, 0xFF, 0x94, 0xFF, 0xA4, 0xFF, 0x83, 0xFF, 0x73, 0xFF, 0x8B, 0xFF, 0x94,
    0xFF, 0x7B, 0xFF, 0x73, 0xFF, 0x83, 0xFF, 0x83, 0xFF, 0x7B, 0xFF, 0x73, 0xFF, 0x83, 0xFF, 0x7B,
    0x83, 0x8B, 0x7B, 0x7B, 0x94, 0x94, 0xA4, 0x9C, 0x83, 0x83, 0x73, 0x73, 0x8B, 0x8B, 0x94, 0x94,
    0x7B, 0x7B, 0x73, 0x73, 0x83, 0x83, 0x83, 0x83, 0x7B, 0x7B, 0x73, 0x73, 0x83, 0x83, 0x7B, 0x7B,
    0xFF, 0x83, 0xFF, 0x83, 0xFF, 0x83, 0xFF, 0x94, 0xFF, 0x83, 0xFF, 0x7B, 0xFF, 0x83, 0xFF, 0x94,
    0xFF, 0x73, 0xFF, 0x73, 0xFF, 0x83, 0xFF, 0x94, 0xFF, 0x6A, 0xFF, 0x73, 0xFF, 0x83, 0xFF, 0x83,
    0x83, 0x8B, 0x83, 0x83, 0x83, 0x83, 0x94, 0x94, 0x83, 0x83, 0x7B, 0x7B, 0x83, 0x83, 0x94, 0x94,
    0x73, 0x73, 0x73, 0x73, 0x83, 0x83, 0x94, 0x94, 0x6A, 0x6A, 0x73, 0x73, 0x83, 0x83, 0x83, 0x8B,
    0xFF, 0x8B, 0xFF, 0x83, 0xFF, 0x7B, 0xFF, 0x7B, 0xFF, 0x94, 0xFF, 0x83, 0xFF, 0xA4, 0xFF, 0x83,
    0xFF, 0x83, 0xFF, 0x9C, 0xFF, 0xE6, 0xFF, 0x8B, 0xFF, 0x8B, 0xFF, 0xDE, 0xFF, 0xEE, 0xFF, 0x83,
    0x8B, 0x8B, 0x83, 0x8B, 0x7B, 0x7B, 0x7B, 0x7B, 0x94, 0x94, 0x83, 0x83, 0xA4, 0xA4, 0x83, 0x8B,
    0x83, 0x8B, 0x9C, 0x9C, 0xE6, 0xE6, 0x8B, 0x8B, 0x8B, 0x8B, 0xDE, 0xDE, 0xEE, 0xEE, 0x83, 0x8B,
    0xFF, 0x7B, 0xFF, 0x94, 0xFF, 0x8B, 0xFF, 0x9C, 0xFF, 0x83, 0xFF, 0x8B, 0xFF, 0x83, 0xFF, 0x94,
    0xFF, 0x83, 0xFF, 0x83, 0xFF, 0x7B, 0xFF, 0x83, 0xFF, 0x7B, 0xFF, 0x7B, 0xFF, 0x83, 0xFF, 0x83,
    0x7B, 0x7B, 0x94, 0x94, 0x8B, 0x8B, 0x9C, 0x9C, 0x83, 0x83, 0x8B, 0x8B, 0x83, 0x8B, 0x94, 0x94,
    0x83, 0x83, 0x83, 0x8B, 0x7B, 0x7B, 0x83, 0x8B, 0x7B, 0x7B, 0x7B, 0x7B, 0x83, 0x83, 0x83, 0x83,
    0xFF, 0xA4, 0xFF, 0xA4, 0xFF, 0x9C, 0xFF, 0x94, 0xFF, 0x94, 0xFF, 0x94, 0xFF, 0x9C, 0xFF, 0x94,
    0xFF, 0x73, 0xFF, 0x73, 0xFF, 0x94, 0xFF, 0x9C, 0xFF, 0x52, 0xFF, 0x73, 0xFF, 0x9C, 0xFF, 0x94,
    0xA4, 0xA4, 0xA4, 0xA4, 0x83, 0x41, 0x83, 0x39, 0x94, 0x94, 0x83, 0x73, 0x83, 0x41, 0x83, 0x39,
    0x73, 0x73, 0x6A, 0x4A, 0x83, 0x39, 0x83, 0x41, 0x52, 0x52, 0x6A, 0x4A, 0x94, 0x6A, 0x7B, 0x4A,
    0xFF, 0x83, 0xFF, 0x73, 0xFF, 0x5A, 0xFF, 0x52, 0xFF, 0x8B, 0xFF, 0x83, 0xFF, 0x6A, 0xFF, 0x6A,
    0xFF, 0x8B, 0xFF, 0x8B, 0xFF, 0x83, 0xFF, 0x6A, 0xFF, 0x8B, 0xFF, 0x62, 0xFF, 0x83, 0xFF, 0x5A,
    0x73, 0x39, 0x6A, 0x20, 0x52, 0x10, 0x4A, 0x10, 0x7B, 0x39, 0x73, 0x29, 0x6A, 0x29, 0x62, 0x18,
    0x7B, 0x39, 0x7B, 0x39, 0x73, 0x29, 0x6A, 0x29, 0x73, 0x39, 0x6A, 0x39, 0x73, 0x39, 0x62, 0x29,
    0xFF, 0x6A, 0xFF, 0x73, 0xFF, 0x6A, 0xFF, 0x6A, 0xFF, 0x7B, 0xFF, 0x5A, 0xFF, 0x6A, 0xFF, 0x5A,
    0xFF, 0x41, 0xFF, 0x41, 0xFF, 0x5A, 0xFF, 0x9C, 0xFF, 0x7B, 0xFF, 0xA4, 0xFF, 0xDE, 0xFF, 0xFF,
    0x62, 0x18, 0x6A, 0x20, 0x6A, 0x29, 0x6A, 0x29, 0x6A, 0x31, 0x62, 0x29, 0x62, 0x18, 0x52, 0x10,
    0x52, 0x20, 0x52, 0x20, 0x62, 0x29, 0x8B, 0x7B, 0x7B, 0x5A, 0xA4, 0xA4, 0xDE, 0xDE, 0xFF, 0xFF,
    0xFF, 0x6A, 0xFF, 0x8B, 0xFF, 0x8B, 0xFF, 0x94, 0xFF, 0x83, 0xFF, 0x8B, 0xFF, 0x94, 0xFF, 0x94,
    0xFF, 0x8B, 0xFF, 0x8B, 0xFF, 0x8B, 0xFF, 0x9C, 0xFF, 0xBD, 0xFF, 0x83, 0xFF, 0x9C, 0xFF, 0xAC,
    0x62, 0x18, 0x6A, 0x20, 0x6A, 0x20, 0x73, 0x29, 0x62, 0x18, 0x6A, 0x20, 0x73, 0x29, 0x73, 0x29,
    0x73, 0x41, 0x6A, 0x20, 0x6A, 0x29, 0x7B, 0x39, 0x94, 0x73, 0x62, 0x18, 0x7B, 0x39, 0x83, 0x41,
    0xFF, 0x9C, 0xFF, 0xAC, 0xFF, 0xAC, 0xFF, 0xB4, 0xFF, 0x9C, 0xFF, 0xAC, 0xFF, 0xB4, 0xFF, 0xB4,
    0xFF, 0xAC, 0xFF, 0xB4, 0xFF, 0xAC, 0xFF, 0xB4, 0xFF, 0xBD, 0xFF, 0xB4, 0xFF, 0xAC, 0xFF, 0xAC,
    0x83, 0x29, 0x8B, 0x39, 0x8B, 0x39, 0x94, 0x41, 0x83, 0x29, 0x8B, 0x39, 0x94, 0x41, 0x94, 0x41,
    0x83, 0x41, 0x94, 0x41, 0x8B, 0x39, 0x94, 0x41, 0xA4, 0x52, 0x9C, 0x52, 0x83, 0x41, 0x83, 0x41,
    0xFF, 0xBD, 0xFF, 0xCD, 0xFF, 0xBD, 0xFF, 0xAC, 0xFF, 0xBD, 0xFF, 0xC5, 0xFF, 0xBD, 0xFF, 0xAC,
    0xFF, 0xB4, 0xFF, 0xBD, 0xFF, 0xBD, 0xFF, 0xAC, 0xFF, 0xB4, 0xFF, 0xBD, 0xFF, 0xBD, 0xFF, 0xAC,
    0x9C, 0x4A, 0xAC, 0x5A, 0x9C, 0x4A, 0x8B, 0x39, 0x9C, 0x4A, 0xA4, 0x52, 0xA4, 0x52, 0x8B, 0x39,
    0x94, 0x41, 0xA4, 0x52, 0x9C, 0x4A, 0x8B, 0x39, 0x94, 0x41, 0x9C, 0x4A, 0x9C, 0x4A, 0x83, 0x41,
    0xB6, 0xBB, 0x6D, 0xCC, 0xFF, 0xB4, 0x24, 0xDD, 0xFF, 0x9C, 0xDA, 0xAA, 0xFF, 0xBD, 0xFF, 0xB4,
    0xFF, 0x9C, 0xFF, 0xAC, 0xFF, 0xB4, 0xFF, 0xBD, 0xFF, 0x94, 0xFF, 0xAC, 0xFF, 0xC5, 0xFF, 0xA4,
    0x88, 0x44, 0xAA, 0x99, 0xAC, 0xAC, 0xBB, 0x99, 0x7B, 0x39, 0xAA, 0x99, 0xBD, 0xBD, 0xAC, 0xAC,
    0x7B, 0x39, 0xAC, 0xAC, 0xB4, 0xB4, 0xBD, 0xBD, 0x73, 0x29, 0xA4, 0x94, 0xC5, 0xC5, 0xA4, 0xA4,
    0xDA, 0xAA, 0xFF, 0x94, 0xFF, 0x94, 0xFF, 0x83, 0x24, 0xBB, 0xFF, 0x6A, 0xFF, 0x4A, 0xFF, 0x62,
    0x6D, 0x00, 0x91, 0x77, 0xFF, 0x41, 0xFF, 0x52, 0x91, 0x00, 0x91, 0x00, 0xDA, 0x33, 0xFF, 0x52,
    0x88, 0x88, 0x94, 0x94, 0x8B, 0x83, 0x7B, 0x6A, 0x77, 0x88, 0x62, 0x52, 0x31, 0x08, 0x41, 0x10,
    0x00, 0x00, 0x55, 0x55, 0x41, 0x10, 0x4A, 0x10, 0x00, 0x00, 0x00, 0x00, 0x33, 0x22, 0x4A, 0x10,
    0x91, 0x44, 0xB6, 0x66, 0xFF, 0x73, 0xFF, 0x8B, 0xFF, 0x6A, 0xFF, 0x73, 0xFF, 0x8B, 0xFF, 0x8B,
    0xFF, 0x6A, 0xFF, 0x73, 0xFF, 0x83, 0xFF, 0x8B, 0xFF, 0x6A, 0xFF, 0x73, 0xFF, 0x83, 0xFF, 0x8B,
    0x66, 0x33, 0x77, 0x44, 0x73, 0x41, 0x73, 0x39, 0x62, 0x18, 0x6A, 0x20, 0x7B, 0x31, 0x7B, 0x31,
    0x62, 0x18, 0x6A, 0x20, 0x73, 0x29, 0x7B, 0x31, 0x62, 0x18, 0x6A, 0x20, 0x73, 0x29, 0x7B, 0x31,
    0xFF, 0x94, 0xFF, 0x9C, 0xFF, 0xB4, 0xFF, 0xB4, 0xFF, 0xAC, 0xFF, 0x9C, 0xFF, 0xB4, 0xFF, 0xAC,
    0xFF, 0x94, 0xFF, 0x9C, 0xFF, 0xB4, 0xFF, 0x9C, 0xFF, 0x94, 0xFF, 0x9C, 0xFF, 0xB4, 0xFF, 0x8B,
    0x83, 0x39, 0x94, 0x41, 0x9C, 0x4A, 0x9C, 0x4A, 0x8B, 0x39, 0x94, 0x41, 0x9C, 0x4A, 0x8B, 0x39,
    0x83, 0x39, 0x94, 0x41, 0x9C, 0x4A, 0x83, 0x29, 0x83, 0x39, 0x94, 0x41, 0x9C, 0x4A, 0x7B, 0x31,
    0xFF, 0x94, 0xFF, 0x94, 0xFF, 0x9C, 0xFF, 0x9C, 0xFF, 0x94, 0xFF, 0x94, 0xFF, 0x9C, 0xFF, 0xAC,
    0xFF, 0x8B, 0xFF, 0x94, 0xFF, 0x94, 0xFF, 0xB4, 0xFF, 0x94, 0xFF, 0x94, 0xFF, 0x9C, 0xFF, 0xDE,
    0x73, 0x29, 0x73, 0x29, 0x83, 0x29, 0x83, 0x29, 0x73, 0x29, 0x73, 0x29, 0x83, 0x29, 0x8B, 0x39,
    0x6A, 0x20, 0x73, 0x29, 0x73, 0x29, 0x9C, 0x52, 0x73, 0x29, 0x73, 0x29, 0x7B, 0x39, 0xB4, 0x73,
    0xFF, 0x94, 0xFF, 0xDE, 0xFF, 0xDE, 0xFF, 0x9C, 0xFF, 0xB4, 0xFF, 0xAC, 0xFF, 0xEE, 0xFF, 0xF6,
    0xFF, 0xC5, 0xFF, 0xC5, 0xFF, 0xD5, 0xFF, 0xEE, 0xFF, 0xEE, 0xFF, 0xE6, 0xFF, 0xE6, 0xFF, 0xAC,
    0x73, 0x29, 0xCD, 0xAC, 0xCD, 0xAC, 0x7B, 0x39, 0x94, 0x41, 0x94, 0x4A, 0xEE, 0xEE, 0xF6, 0xF6,
    0xA4, 0x62, 0xA4, 0x62, 0xB4, 0x8B, 0xEE, 0xEE, 0xD5, 0x94, 0xC5, 0x83, 0xC5, 0x83, 0xAC, 0xAC,
    0xFF, 0x8B, 0xFF, 0x8B, 0xFF, 0x7B, 0xFF, 0x7B, 0xFF, 0xD5, 0xFF, 0x94, 0xFF, 0x83, 0xFF, 0x73,
    0xFF, 0xFF, 0xFF, 0xDE, 0xFF, 0x8B, 0xFF, 0x73, 0xFF, 0xEE, 0xFF, 0xFF, 0xFF, 0xD5, 0xFF, 0xA4,
    0x6A, 0x20, 0x6A, 0x20, 0x6A, 0x41, 0x7B, 0x7B, 0xB4, 0x8B, 0x73, 0x29, 0x62, 0x18, 0x73, 0x73,
    0xFF, 0xFF, 0xCD, 0xBD, 0x73, 0x41, 0x5A, 0x4A, 0xEE, 0xEE, 0xFF, 0xF6, 0xD5, 0xCD, 0x94, 0x8B,
    0xFF, 0x7B, 0xFF, 0x83, 0xFF, 0x7B, 0xFF, 0x73, 0xFF, 0x7B, 0xFF, 0x83, 0xFF, 0x83, 0xFF, 0x73,
    0xFF, 0x73, 0xFF, 0x83, 0xFF, 0x83, 0xFF, 0x73, 0xFF, 0x73, 0xFF, 0x73, 0xFF, 0x83, 0xFF, 0x6A,
    0x7B, 0x7B, 0x83, 0x83, 0x7B, 0x7B, 0x73, 0x73, 0x7B, 0x7B, 0x83, 0x83, 0x83, 0x83, 0x73, 0x73,
    0x73, 0x73, 0x83, 0x83, 0x83, 0x83, 0x73, 0x73, 0x73, 0x73, 0x73, 0x73, 0x83, 0x83, 0x6A, 0x6A,
    0xFF, 0x7B, 0xFF, 0x73, 0xFF, 0x73, 0xFF, 0x6A, 0xFF, 0x83, 0xFF, 0x73, 0xFF, 0x73, 0xFF, 0x62,
    0xFF, 0x73, 0xFF, 0x6A, 0xFF, 0x6A, 0xFF, 0x62, 0xFF, 0x73, 0xFF, 0x6A, 0xFF, 0x62, 0xFF, 0x62,
    0x7B, 0x7B, 0x73, 0x73, 0x73, 0x73, 0x6A, 0x6A, 0x83, 0x83, 0x73, 0x73, 0x73, 0x73, 0x62, 0x62,
    0x73, 0x73, 0x6A, 0x6A, 0x6A, 0x6A, 0x62, 0x62, 0x73, 0x73, 0x6A, 0x6A, 0x62, 0x62, 0x62, 0x62,
    0xFF, 0x83, 0xFF, 0x83, 0xFF, 0x62, 0xFF, 0x73, 0xFF, 0x7B, 0xFF, 0x7B, 0xFF, 0x62, 0xFF, 0x6A,
    0xFF, 0x73, 0xFF, 0x73, 0xFF, 0x5A, 0xFF, 0x62, 0xFF, 0x6A, 0xFF, 0x6A, 0xFF, 0x62, 0xFF, 0x62,
    0x83, 0x8B, 0x83, 0x83, 0x62, 0x62, 0x73, 0x73, 0x7B, 0x7B, 0x7B, 0x7B, 0x62, 0x62, 0x6A, 0x6A,
    0x73, 0x73, 0x73, 0x73, 0x5A, 0x5A, 0x62, 0x62, 0x6A, 0x6A, 0x6A, 0x6A, 0x62, 0x62, 0x62, 0x62,
    0xFF, 0x73, 0xFF, 0x6A, 0xFF, 0x7B, 0xFF, 0x73, 0xFF, 0x73, 0xFF, 0x62, 0xFF, 0x7B, 0xFF, 0x6A,
    0xFF, 0x62, 0xFF, 0x62, 0xFF, 0x73, 0xFF, 0x62, 0xFF, 0x5A, 0xFF, 0x5A, 0xFF, 0x6A, 0xFF, 0x62,
    0x73, 0x73, 0x6A, 0x6A, 0x7B, 0x7B, 0x73, 0x73, 0x73, 0x73, 0x62, 0x62, 0x7B, 0x7B, 0x6A, 0x6A,
    0x62, 0x62, 0x62, 0x62, 0x73, 0x73, 0x62, 0x62, 0x5A, 0x5A, 0x5A, 0x5A, 0x6A, 0x6A, 0x62, 0x62,
    0xFF, 0x62, 0xFF, 0x6A, 0xFF, 0x7B, 0xFF, 0x7B, 0xFF, 0x6A, 0xFF, 0x62, 0xFF, 0x73, 0xFF, 0x9C,
    0xFF, 0x62, 0xFF, 0x62, 0xFF, 0x7B, 0xFF, 0xD5, 0xFF, 0x62, 0xFF, 0x5A, 0xFF, 0x94, 0xFF, 0xB4,
    0x62, 0x62, 0x6A, 0x6A, 0x7B, 0x7B, 0x7B, 0x7B, 0x6A, 0x6A, 0x62, 0x62, 0x73, 0x73, 0x9C, 0x9C,
    0x62, 0x62, 0x62, 0x62, 0x7B, 0x7B, 0xD5, 0xCD, 0x62, 0x62, 0x5A, 0x5A, 0x94, 0x94, 0xB4, 0xB4,
    0xFF, 0xC5, 0xFF, 0xE6, 0xFF, 0xD5, 0xFF, 0x83, 0xFF, 0xE6, 0xFF, 0xBD, 0xFF, 0xCD, 0xFF, 0x8B,
    0xFF, 0xB4, 0xFF, 0xA4, 0xFF, 0xBD, 0xFF, 0x94, 0xFF, 0x83, 0xFF, 0x94, 0xFF, 0xA4, 0xFF, 0x7B,
    0xC5, 0xC5, 0xE6, 0xE6, 0xD5, 0xCD, 0x83, 0x8B, 0xE6, 0xE6, 0xBD, 0xBD, 0xCD, 0xCD, 0x8B, 0x8B,
    0xAC, 0xAC, 0xA4, 0x9C, 0xBD, 0xBD, 0x94, 0x94, 0x83, 0x83, 0x94, 0x94, 0xA4, 0xA4, 0x7B, 0x7B,
    0xFF, 0x73, 0xFF, 0x7B, 0xFF, 0x7B, 0xFF, 0x73, 0xFF, 0x73, 0xFF, 0x7B, 0xFF, 0x73, 0xFF, 0x5A,
    0xFF, 0x73, 0xFF, 0x73, 0xFF, 0x5A, 0xFF, 0x52, 0xFF, 0x73, 0xFF, 0x5A, 0xFF, 0x4A, 0xFF, 0x41,
    0x73, 0x73, 0x7B, 0x7B, 0x7B, 0x7B, 0x73, 0x73, 0x73, 0x73, 0x7B, 0x7B, 0x73, 0x73, 0x5A, 0x5A,
    0x73, 0x73, 0x73, 0x73, 0x5A, 0x5A, 0x52, 0x52, 0x73, 0x73, 0x5A, 0x5A, 0x4A, 0x4A, 0x41, 0x41,
    0xFF, 0x52, 0xFF, 0xDE, 0xFF, 0xEE, 0xFF, 0xDE, 0xFF, 0x73, 0xFF, 0xFF, 0xFF, 0xFF, 0xFF, 0xFF,
    0xFF, 0x7B, 0xFF, 0xC5, 0xFF, 0xC5, 0xFF, 0xCD, 0xFF, 0x9C, 0xFF, 0xB4, 0xFF, 0xBD, 0xFF, 0xC5,
    0x52, 0x52, 0xDE, 0xDE, 0xEE, 0xEE, 0xDE, 0xDE, 0x73, 0x73, 0xFF, 0xFF, 0xFF, 0xFF, 0xFF, 0xFF,
    0x7B, 0x7B, 0xC5, 0xC5, 0xC5, 0xC5, 0xCD, 0xCD, 0x9C, 0x9C, 0xB4, 0xB4, 0xBD, 0xBD, 0xC5, 0xC5,
    0xFF, 0xCD, 0xFF, 0xDE, 0xFF, 0xDE, 0xFF, 0xDE, 0xFF, 0xFF, 0xFF, 0xFF, 0xFF, 0xFF, 0xFF, 0xFF,
    0xFF, 0xC5, 0xFF, 0xC5, 0xFF, 0xBD, 0xFF, 0xB4, 0xFF, 0x83, 0xFF, 0x73, 0xFF, 0x83, 0xFF, 0x94,
    0xCD, 0xCD, 0xCD, 0xBD, 0xCD, 0xBD, 0xDE, 0xDE, 0xFF, 0xFF, 0xFF, 0xFF, 0xFF, 0xFF, 0xFF, 0xFF,
    0xC5, 0xC5, 0xC5, 0xC5, 0xBD, 0xBD, 0xB4, 0xB4, 0x83, 0x83, 0x73, 0x73, 0x7B, 0x6A, 0x6A, 0x52,
    0xFF, 0xFF, 0xFF, 0xFF, 0xFF, 0xFF, 0xFF, 0xFF, 0xFF, 0xFF, 0xFF, 0xEE, 0xFF, 0xEE, 0xFF, 0xC5,
    0xFF, 0xAC, 0xFF, 0x9C, 0xFF, 0x73, 0xFF, 0x6A, 0xFF, 0x83, 0xFF, 0x6A, 0xFF, 0x62, 0xFF, 0x6A,
    0xFF, 0xFF, 0xFF, 0xFF, 0xFF, 0xFF, 0xFF, 0xFF, 0xFF, 0xF6, 0xEE, 0xEE, 0xEE, 0xEE, 0xB4, 0xA4,
    0xA4, 0x94, 0x8B, 0x7B, 0x6A, 0x5A, 0x5A, 0x31, 0x5A, 0x39, 0x41, 0x29, 0x52, 0x29, 0x5A, 0x31,
    0xFF, 0xC5, 0xFF, 0x83, 0xFF, 0x9C, 0xFF, 0xAC, 0xFF, 0x8B, 0xFF, 0x8B, 0xFF, 0xA4, 0xFF, 0xB4,
    0xFF, 0x7B, 0xFF, 0x9C, 0xFF, 0xAC, 0xFF, 0xC5, 0xFF, 0x83, 0xFF, 0x94, 0xFF, 0xAC, 0xFF, 0xBD,
    0xA4, 0x7B, 0x62, 0x18, 0x7B, 0x39, 0x94, 0x4A, 0x6A, 0x29, 0x73, 0x39, 0x94, 0x4A, 0x9C, 0x62,
    0x6A, 0x31, 0x83, 0x4A, 0x8B, 0x5A, 0xAC, 0x73, 0x73, 0x41, 0x7B, 0x4A, 0x8B, 0x5A, 0x94, 0x73,
    0xFF, 0xC5, 0xFF, 0xC5, 0xFF, 0xB4, 0xFF, 0xAC, 0xFF, 0xDE, 0xFF, 0xDE, 0xFF, 0xC5, 0xFF, 0xA4,
    0xFF, 0xE6, 0xFF, 0xE6, 0xFF, 0xC5, 0xFF, 0xBD, 0xFF, 0xCD, 0xFF, 0xE6, 0xFF, 0xDE, 0xFF, 0xC5,
    0xA4, 0x62, 0xA4, 0x62, 0x94, 0x41, 0x83, 0x41, 0xB4, 0x73, 0xB4, 0x73, 0xA4, 0x62, 0x8B, 0x4A,
    0xC5, 0x83, 0xC5, 0x83, 0xA4, 0x62, 0x9C, 0x4A, 0xB4, 0x83, 0xC5, 0x83, 0xB4, 0x73, 0xA4, 0x62,
    0xFF, 0xAC, 0xFF, 0xAC, 0xFF, 0xAC, 0xFF, 0xAC, 0xFF, 0xAC, 0xFF, 0xB4, 0xFF, 0xBD, 0xFF, 0xAC,
    0xFF, 0xAC, 0xFF, 0xAC, 0xFF, 0xB4, 0xFF, 0xAC, 0xFF, 0xAC, 0xFF, 0xAC, 0xFF, 0xB4, 0xFF, 0x9C,
    0x83, 0x41, 0x94, 0x4A, 0x94, 0x4A, 0x83, 0x41, 0x83, 0x41, 0x94, 0x41, 0x9C, 0x4A, 0x83, 0x41,
    0x83, 0x41, 0x83, 0x41, 0x94, 0x41, 0x83, 0x41, 0x94, 0x4A, 0x83, 0x41, 0x94, 0x41, 0x7B, 0x39,
    0xFF, 0x94, 0xFF, 0x7B, 0xFF, 0x52, 0xFF, 0x20, 0xFF, 0x9C, 0xFF, 0x5A, 0xFF, 0x10, 0xFF, 0x20,
    0xFF, 0x94, 0xFF, 0x6A, 0xFF, 0x31, 0xFF, 0x20, 0xFF, 0x9C, 0xFF, 0x7B, 0xFF, 0x62, 0xFF, 0x62,
    0x73, 0x29, 0x7B, 0x5A, 0x52, 0x52, 0x20, 0x20, 0x83, 0x29, 0x41, 0x20, 0x10, 0x10, 0x20, 0x20,
    0x73, 0x29, 0x4A, 0x18, 0x29, 0x18, 0x20, 0x20, 0x7B, 0x39, 0x62, 0x29, 0x39, 0x20, 0x41, 0x29,
    0x91, 0x00, 0x91, 0x00, 0xB6, 0x22, 0xFF, 0x41, 0x91, 0x00, 0x91, 0x00, 0x91, 0x00, 0xFF, 0x39,
    0x91, 0x00, 0x91, 0x00, 0x91, 0x00, 0xDA, 0x33, 0x6D, 0x00, 0x91, 0x00, 0x91, 0x00, 0x91, 0x00,
    0x00, 0x00, 0x00, 0x00, 0x11, 0x22, 0x41, 0x10, 0x00, 0x00, 0x00, 0x00, 0x00, 0x00, 0x31, 0x20,
    0x00, 0x00, 0x00, 0x00, 0x00, 0x00, 0x22, 0x22, 0x00, 0x00, 0x00, 0x00, 0x00, 0x00, 0x00, 0x00,
    0xFF, 0x5A, 0xFF, 0x6A, 0xFF, 0x73, 0xFF, 0x8B, 0xFF, 0x5A, 0xFF, 0x6A, 0xFF, 0x73, 0xFF, 0x83,
    0xFF, 0x52, 0xFF, 0x6A, 0xFF, 0x73, 0xFF, 0x83, 0xFF, 0x41, 0xFF, 0x5A, 0xFF, 0x73, 0xFF, 0x83,
    0x52, 0x10, 0x62, 0x18, 0x6A, 0x20, 0x7B, 0x31, 0x52, 0x10, 0x62, 0x18, 0x6A, 0x20, 0x73, 0x29,
    0x4A, 0x10, 0x62, 0x18, 0x6A, 0x20, 0x73, 0x29, 0x41, 0x10, 0x52, 0x10, 0x6A, 0x20, 0x73, 0x29,
    0xFF, 0x94, 0xFF, 0x9C, 0xFF, 0x9C, 0xFF, 0x8B, 0xFF, 0x94, 0xFF, 0x94, 0xFF, 0x9C, 0xFF, 0x8B,
    0xFF, 0x8B, 0xFF, 0x8B, 0xFF, 0x94, 0xFF, 0x94, 0xFF, 0x8B, 0xFF, 0x8B, 0xFF, 0x8B, 0xFF, 0x8B,
    0x83, 0x39, 0x94, 0x41, 0x94, 0x41, 0x7B, 0x31, 0x83, 0x39, 0x83, 0x39, 0x94, 0x41, 0x7B, 0x31,
    0x7B, 0x31, 0x7B, 0x31, 0x83, 0x39, 0x73, 0x29, 0x7B, 0x31, 0x7B, 0x31, 0x7B, 0x39, 0x6A, 0x29,
    0xFF, 0x8B, 0xFF, 0x94, 0xFF, 0xAC, 0xFF, 0xEE, 0xFF, 0x8B, 0xFF, 0x94, 0xFF, 0xC5, 0xFF, 0xFF,
    0xFF, 0x83, 0xFF, 0x9C, 0xFF, 0xE6, 0xFF, 0xFF, 0xFF, 0x8B, 0xFF, 0xAC, 0xFF, 0xFF, 0xFF, 0xFF,
    0x6A, 0x20, 0x73, 0x29, 0x83, 0x41, 0xD5, 0x94, 0x6A, 0x20, 0x73, 0x29, 0xA4, 0x62, 0xE6, 0xA4,
    0x62, 0x18, 0x7B, 0x39, 0xC5, 0x83, 0xFF, 0xC5, 0x6A, 0x20, 0x94, 0x4A, 0xE6, 0xA4, 0xFF, 0xC5,
    0xFF, 0xFF, 0xFF, 0xFF, 0xFF, 0xFF, 0xFF, 0xD5, 0xFF, 0xFF, 0xFF, 0xFF, 0xFF, 0xFF, 0xFF, 0xCD,
    0xFF, 0xFF, 0xFF, 0xFF, 0xFF, 0xCD, 0xFF, 0xB4, 0xFF, 0xFF, 0xFF, 0xCD, 0xFF, 0xAC, 0xFF, 0x7B,
    0xE6, 0xA4, 0xE6, 0xA4, 0xE6, 0xA4, 0xB4, 0x8B, 0xFF, 0xC5, 0xFF, 0xC5, 0xE6, 0xA4, 0xB4, 0x83,
    0xFF, 0xC5, 0xE6, 0xBD, 0xB4, 0x83, 0x9C, 0x62, 0xD5, 0xAC, 0xB4, 0x83, 0x8B, 0x5A, 0x6A, 0x41,
    0xFF, 0x8B, 0xFF, 0xE6, 0xFF, 0xDE, 0xFF, 0xC5, 0xFF, 0x73, 0xFF, 0x83, 0xFF, 0xCD, 0xFF, 0xBD,
    0xFF, 0x73, 0xFF, 0x4A, 0xFF, 0x73, 0xFF, 0xAC, 0xFF, 0x7B, 0xFF, 0x94, 0xFF, 0x52, 0xFF, 0x62,
    0x8B, 0x8B, 0xE6, 0xE6, 0xDE, 0xDE, 0xC5, 0xC5, 0x73, 0x73, 0x83, 0x83, 0xCD, 0xCD, 0xBD, 0xBD,
    0x6A, 0x4A, 0x4A, 0x4A, 0x73, 0x73, 0xAC, 0xAC, 0x6A, 0x41, 0x94, 0x94, 0x4A, 0x52, 0x62, 0x62,
    0xFF, 0x94, 0xFF, 0x7B, 0xFF, 0x7B, 0xFF, 0x73, 0xFF, 0xA4, 0xFF, 0x83, 0xFF, 0x83, 0xFF, 0x73,
    0xFF, 0x9C, 0xFF, 0x8B, 0xFF, 0x83, 0xFF, 0x73, 0xFF, 0x83, 0xFF, 0x83, 0xFF, 0x83, 0xFF, 0x73,
    0x94, 0x94, 0x7B, 0x7B, 0x7B, 0x7B, 0x73, 0x73, 0xA4, 0x9C, 0x83, 0x83, 0x83, 0x83, 0x73, 0x73,
    0x9C, 0x9C, 0x8B, 0x8B, 0x83, 0x83, 0x73, 0x73, 0x83, 0x83, 0x83, 0x83, 0x83, 0x83, 0x73, 0x73,
    0xFF, 0x62, 0xFF, 0x73, 0xFF, 0x5A, 0xFF, 0x62, 0xFF, 0x62, 0xFF, 0x6A, 0xFF, 0x5A, 0xFF, 0x5A,
    0xFF, 0x62, 0xFF, 0x62, 0xFF, 0x5A, 0xFF, 0x5A, 0xFF, 0x6A, 0xFF, 0x52, 0xFF, 0x5A, 0xFF, 0x52,
    0x62, 0x62, 0x73, 0x73, 0x5A, 0x5A, 0x62, 0x62, 0x62, 0x62, 0x6A, 0x6A, 0x5A, 0x5A, 0x5A, 0x5A,
    0x62, 0x62, 0x62, 0x62, 0x5A, 0x5A, 0x5A, 0x5A, 0x6A, 0x6A, 0x52, 0x52, 0x5A, 0x5A, 0x52, 0x52,
    0xFF, 0x5A, 0xFF, 0x62, 0xFF, 0x52, 0xFF, 0x62, 0xFF, 0x5A, 0xFF, 0x5A, 0xFF, 0x5A, 0xFF, 0x5A,
    0xFF, 0x5A, 0xFF, 0x52, 0xFF, 0x52, 0xFF, 0x5A, 0xFF, 0x5A, 0xFF, 0x52, 0xFF, 0x52, 0xFF, 0x52,
    0x5A, 0x5A, 0x62, 0x62, 0x52, 0x52, 0x62, 0x62, 0x5A, 0x5A, 0x5A, 0x5A, 0x5A, 0x5A, 0x5A, 0x5A,
    0x5A, 0x5A, 0x52, 0x52, 0x52, 0x52, 0x5A, 0x5A, 0x5A, 0x5A, 0x4A, 0x52, 0x52, 0x52, 0x52, 0x52,
    0xFF, 0x52, 0xFF, 0x5A, 0xFF, 0x62, 0xFF, 0x5A, 0xFF, 0x52, 0xFF, 0x5A, 0xFF, 0x5A, 0xFF, 0x52,
    0xFF, 0x52, 0xFF, 0x52, 0xFF, 0x52, 0xFF, 0x52, 0xFF, 0x52, 0xFF, 0x52, 0xFF, 0x52, 0xFF, 0x52,
    0x52, 0x52, 0x5A, 0x5A, 0x62, 0x62, 0x5A, 0x5A, 0x52, 0x52, 0x5A, 0x5A, 0x5A, 0x5A, 0x52, 0x52,
    0x4A, 0x52, 0x52, 0x52, 0x4A, 0x52, 0x4A, 0x52, 0x4A, 0x52, 0x52, 0x52, 0x4A, 0x52, 0x4A, 0x52,
    0xFF, 0x5A, 0xFF, 0x62, 0xFF, 0xA4, 0xFF, 0x73, 0xFF, 0x5A, 0xFF, 0x7B, 0xFF, 0x83, 0xFF, 0x5A,
    0xFF, 0x62, 0xFF, 0x73, 0xFF, 0x52, 0xFF, 0x52, 0xFF, 0x6A, 0xFF, 0x5A, 0xFF, 0x52, 0xFF, 0x52,
    0x5A, 0x5A, 0x62, 0x62, 0xA4, 0x9C, 0x73, 0x73, 0x5A, 0x5A, 0x7B, 0x7B, 0x83, 0x83, 0x5A, 0x5A,
    0x62, 0x62, 0x73, 0x73, 0x52, 0x52, 0x52, 0x52, 0x6A, 0x6A, 0x5A, 0x5A, 0x4A, 0x52, 0x52, 0x52,
    0xFF, 0x6A, 0xFF, 0x83, 0xFF, 0x83, 0xFF, 0x6A, 0xFF, 0x62, 0xFF, 0x73, 0xFF, 0x73, 0xFF, 0x62,
    0xFF, 0x62, 0xFF, 0x73, 0xFF, 0x5A, 0xFF, 0x52, 0xFF, 0x62, 0xFF, 0x52, 0xFF, 0x62, 0xFF, 0xBD,
    0x6A, 0x6A, 0x83, 0x83, 0x83, 0x83, 0x6A, 0x6A, 0x62, 0x62, 0x73, 0x73, 0x73, 0x73, 0x62, 0x62,
    0x62, 0x62, 0x73, 0x73, 0x5A, 0x5A, 0x4A, 0x52, 0x62, 0x62, 0x52, 0x52, 0x62, 0x62, 0xBD, 0x9C,
    0xFF, 0x62, 0xFF, 0x4A, 0xFF, 0x52, 0xFF, 0x94, 0xFF, 0x52, 0xFF, 0x52, 0xFF, 0xB4, 0xFF, 0xFF,
    0xFF, 0x83, 0xFF, 0xC5, 0xFF, 0xFF, 0xFF, 0xFF, 0xFF, 0xDE, 0xFF, 0xE6, 0xFF, 0xEE, 0xFF, 0xE6,
    0x62, 0x62, 0x4A, 0x4A, 0x41, 0x31, 0x83, 0x73, 0x4A, 0x52, 0x52, 0x41, 0xAC, 0xAC, 0xFF, 0xF6,
    0x7B, 0x6A, 0xB4, 0xA4, 0xFF, 0xF6, 0xFF, 0xF6, 0xCD, 0xAC, 0xE6, 0xE6, 0xEE, 0xEE, 0xE6, 0xE6,
    0xFF, 0x94, 0xFF, 0xA4, 0xFF, 0xEE, 0xFF, 0xD5, 0xFF, 0xA4, 0xFF, 0xC5, 0xFF, 0xFF, 0xFF, 0xC5,
    0xFF, 0xE6, 0xFF, 0xFF, 0xFF, 0xE6, 0xFF, 0xEE, 0xFF, 0xEE, 0xFF, 0xD5, 0xFF, 0xCD, 0xFF, 0xBD,
    0x8B, 0x83, 0xA4, 0xA4, 0xEE, 0xEE, 0xD5, 0xD5, 0x94, 0x8B, 0xC5, 0xC5, 0xFF, 0xFF, 0xB4, 0xA4,
    0xE6, 0xE6, 0xFF, 0xF6, 0xE6, 0xE6, 0xEE, 0xEE, 0xEE, 0xEE, 0xD5, 0xCD, 0xCD, 0xCD, 0xBD, 0x9C,
    0xFF, 0x9C, 0xFF, 0x9C, 0xFF, 0x9C, 0xFF, 0x94, 0xFF, 0x9C, 0xFF, 0x8B, 0xFF, 0x83, 0xFF, 0x6A,
    0xFF, 0x9C, 0xFF, 0x83, 0xFF, 0x9C, 0xFF, 0xAC, 0xFF, 0x6A, 0xFF, 0x7B, 0xFF, 0x9C, 0xFF, 0xAC,
    0x9C, 0x9C, 0x8B, 0x7B, 0x73, 0x5A, 0x6A, 0x52, 0x7B, 0x52, 0x73, 0x41, 0x73, 0x41, 0x5A, 0x31,
    0x94, 0x6A, 0x62, 0x18, 0x7B, 0x39, 0x83, 0x41, 0x5A, 0x31, 0x6A, 0x31, 0x7B, 0x39, 0x83, 0x41,
    0xFF, 0x6A, 0xFF, 0x62, 0xFF, 0x62, 0xFF, 0x6A, 0xFF, 0x5A, 0xFF, 0x6A, 0xFF, 0x73, 0xFF, 0x73,
    0xFF, 0x8B, 0xFF, 0x73, 0xFF, 0x6A, 0xFF, 0x73, 0xFF, 0xA4, 0xFF, 0x8B, 0xFF, 0x73, 0xFF, 0x73,
    0x52, 0x41, 0x52, 0x29, 0x52, 0x29, 0x5A, 0x31, 0x4A, 0x39, 0x52, 0x41, 0x5A, 0x4A, 0x5A, 0x4A,
    0x73, 0x41, 0x6A, 0x4A, 0x62, 0x52, 0x6A, 0x4A, 0x8B, 0x4A, 0x73, 0x41, 0x6A, 0x4A, 0x5A, 0x4A,
    0xFF, 0x7B, 0xFF, 0x83, 0xFF, 0x94, 0xFF, 0xAC, 0xFF, 0x7B, 0xFF, 0x7B, 0xFF, 0x94, 0xFF, 0x94,
    0xFF, 0x73, 0xFF, 0x73, 0xFF, 0x7B, 0xFF, 0x94, 0xFF, 0x73, 0xFF, 0x73, 0xFF, 0x73, 0xFF, 0x7B,
    0x5A, 0x39, 0x73, 0x41, 0x7B, 0x4A, 0x8B, 0x5A, 0x6A, 0x41, 0x6A, 0x41, 0x6A, 0x4A, 0x7B, 0x4A,
    0x6A, 0x4A, 0x6A, 0x4A, 0x6A, 0x41, 0x6A, 0x4A, 0x6A, 0x4A, 0x6A, 0x4A, 0x6A, 0x4A, 0x6A, 0x41,
    0xFF, 0xBD, 0xFF, 0xC5, 0xFF, 0xC5, 0xFF, 0xC5, 0xFF, 0xB4, 0xFF, 0xB4, 0xFF, 0xBD, 0xFF, 0xB4,
    0xFF, 0x94, 0xFF, 0xAC, 0xFF, 0xA4, 0xFF, 0xA4, 0xFF, 0x94, 0xFF, 0x94, 0xFF, 0x94, 0xFF, 0x8B,
    0x94, 0x73, 0xAC, 0x73, 0xAC, 0x73, 0xA4, 0x62, 0x9C, 0x62, 0x9C, 0x62, 0x94, 0x73, 0x9C, 0x62,
    0x7B, 0x4A, 0x8B, 0x5A, 0x94, 0x4A, 0x83, 0x5A, 0x73, 0x52, 0x7B, 0x4A, 0x7B, 0x4A, 0x73, 0x41,
    0xFF, 0xB4, 0xFF, 0xAC, 0xFF, 0xAC, 0xFF, 0x9C, 0xFF, 0xB4, 0xFF, 0xA4, 0xFF, 0xAC, 0xFF, 0x9C,
    0xFF, 0x9C, 0xFF, 0x9C, 0xFF, 0x94, 0xFF, 0x9C, 0xFF, 0x8B, 0xFF, 0x8B, 0xFF, 0x9C, 0xFF, 0x8B,
    0x9C, 0x52, 0x83, 0x41, 0x83, 0x41, 0x7B, 0x39, 0x9C, 0x62, 0x94, 0x4A, 0x83, 0x41, 0x7B, 0x39,
    0x83, 0x4A, 0x83, 0x4A, 0x83, 0x41, 0x7B, 0x39, 0x73, 0x41, 0x73, 0x39, 0x7B, 0x39, 0x6A, 0x29,
    0xFF, 0x8B, 0xFF, 0x8B, 0xFF, 0x94, 0xFF, 0x94, 0xFF, 0x94, 0xFF, 0x8B, 0xFF, 0xAC, 0xFF, 0xB4,
    0xFF, 0x8B, 0xFF, 0x83, 0xFF, 0xAC, 0xFF, 0xBD, 0xFF, 0x8B, 0xFF, 0x83, 0xFF, 0xBD, 0xFF, 0xE6,
    0x6A, 0x29, 0x6A, 0x29, 0x6A, 0x52, 0x6A, 0x52, 0x73, 0x29, 0x6A, 0x20, 0x83, 0x62, 0x8B, 0x6A,
    0x6A, 0x20, 0x62, 0x18, 0x8B, 0x5A, 0x94, 0x73, 0x6A, 0x29, 0x62, 0x18, 0x94, 0x73, 0xB4, 0x8B,
    0x24, 0x00, 0x91, 0x00, 0x91, 0x00, 0xFF, 0x52, 0xB6, 0x66, 0xFF, 0x73, 0xFF, 0x6A, 0xFF, 0x73,
    0xFF, 0x8B, 0xFF, 0x8B, 0xFF, 0x8B, 0xFF, 0x94, 0xFF, 0x83, 0xFF, 0x83, 0xFF, 0x83, 0xFF, 0x83,
    0x00, 0x00, 0x00, 0x00, 0x00, 0x00, 0x52, 0x41, 0x77, 0x44, 0x73, 0x41, 0x62, 0x52, 0x6A, 0x20,
    0x7B, 0x31, 0x7B, 0x31, 0x7B, 0x31, 0x83, 0x39, 0x73, 0x29, 0x73, 0x29, 0x73, 0x29, 0x73, 0x29,
    0xFF, 0x52, 0xFF, 0x52, 0xFF, 0x5A, 0xFF, 0x6A, 0xFF, 0x6A, 0xFF, 0x52, 0xFF, 0x52, 0xFF, 0x5A,
    0xFF, 0x8B, 0xFF, 0x83, 0xFF, 0x73, 0xFF, 0x7B, 0xFF, 0x8B, 0xFF, 0x83, 0xFF, 0x83, 0xFF, 0x7B,
    0x4A, 0x10, 0x4A, 0x10, 0x52, 0x10, 0x62, 0x18, 0x62, 0x18, 0x4A, 0x10, 0x4A, 0x10, 0x52, 0x10,
    0x7B, 0x31, 0x73, 0x39, 0x6A, 0x20, 0x6A, 0x39, 0x7B, 0x31, 0x73, 0x29, 0x73, 0x39, 0x6A, 0x39,
    0xFF, 0x6A, 0xFF, 0x83, 0xFF, 0x83, 0xFF, 0x83, 0xFF, 0x6A, 0xFF, 0x6A, 0xFF, 0x83, 0xFF, 0x83,
    0xFF, 0x6A, 0xFF, 0x6A, 0xFF, 0x6A, 0xFF, 0x7B, 0xFF, 0x7B, 0xFF, 0x62, 0xFF, 0x62, 0xFF, 0x73,
    0x6A, 0x29, 0x73, 0x29, 0x73, 0x29, 0x62, 0x18, 0x62, 0x18, 0x6A, 0x29, 0x73, 0x29, 0x62, 0x18,
    0x6A, 0x29, 0x6A, 0x29, 0x6A, 0x29, 0x62, 0x29, 0x6A, 0x39, 0x6A, 0x39, 0x6A, 0x39, 0x52, 0x18,
    0xFF, 0x8B, 0xFF, 0xDE, 0xFF, 0xEE, 0xFF, 0xEE, 0xFF, 0xAC, 0xFF, 0xC5, 0xFF, 0xCD, 0xFF, 0xBD,
    0xFF, 0x8B, 0xFF, 0x94, 0xFF, 0x9C, 0xFF, 0x8B, 0xFF, 0x73, 0xFF, 0x7B, 0xFF, 0x7B, 0xFF, 0x62,
    0x6A, 0x29, 0xB4, 0x73, 0xD5, 0x94, 0xD5, 0x94, 0x83, 0x41, 0xA4, 0x62, 0xA4, 0x83, 0x94, 0x73,
    0x6A, 0x29, 0x7B, 0x4A, 0x83, 0x4A, 0x73, 0x41, 0x52, 0x18, 0x62, 0x29, 0x62, 0x39, 0x52, 0x29,
    0xFF, 0xC5, 0xFF, 0xA4, 0xFF, 0x83, 0xFF, 0x73, 0xFF, 0x9C, 0xFF, 0x7B, 0xFF, 0x73, 0xFF, 0x6A,
    0xFF, 0x6A, 0xFF, 0x6A, 0xFF, 0x6A, 0xFF, 0x6A, 0xFF, 0x62, 0xFF, 0x5A, 0xFF, 0x6A, 0xFF, 0x6A,
    0xAC, 0x73, 0x83, 0x5A, 0x73, 0x41, 0x5A, 0x4A, 0x7B, 0x52, 0x6A, 0x41, 0x6A, 0x4A, 0x52, 0x41,
    0x5A, 0x31, 0x52, 0x41, 0x52, 0x41, 0x52, 0x41, 0x52, 0x29, 0x4A, 0x39, 0x52, 0x41, 0x5A, 0x31,
    0xFF, 0x83, 0xFF, 0xFF, 0xFF, 0xBD, 0xFF, 0x52, 0xFF, 0xA4, 0xFF, 0xF6, 0xFF, 0xF6, 0xFF, 0xC5,
    0xFF, 0x9C, 0xFF, 0xD5, 0xFF, 0xD5, 0xFF, 0xEE, 0xFF, 0x94, 0xFF, 0xB4, 0xFF, 0xBD, 0xFF, 0xC5,
    0x7B, 0x6A, 0xFF, 0xFF, 0xBD, 0xBD, 0x4A, 0x52, 0x94, 0x8B, 0xF6, 0xF6, 0xF6, 0xF6, 0xC5, 0xC5,
    0x8B, 0x7B, 0xD5, 0xD5, 0xD5, 0xD5, 0xEE, 0xEE, 0x8B, 0x83, 0xAC, 0xAC, 0xBD, 0xBD, 0xC5, 0xC5,
    0xFF, 0x41, 0xFF, 0x6A, 0xFF, 0x7B, 0xFF, 0x7B, 0xFF, 0x52, 0xFF, 0x39, 0xFF, 0x5A, 0xFF, 0x73,
    0xFF, 0xDE, 0xFF, 0x4A, 0xFF, 0x31, 0xFF, 0x41, 0xFF, 0xFF, 0xFF, 0xA4, 0xFF, 0x18, 0xFF, 0x29,
    0x41, 0x41, 0x6A, 0x6A, 0x7B, 0x7B, 0x7B, 0x7B, 0x4A, 0x52, 0x39, 0x39, 0x5A, 0x5A, 0x73, 0x73,
    0xDE, 0xDE, 0x4A, 0x4A, 0x31, 0x31, 0x41, 0x41, 0xFF, 0xFF, 0xA4, 0x9C, 0x18, 0x18, 0x29, 0x29,
    0xFF, 0x6A, 0xFF, 0x52, 0xFF, 0x52, 0xFF, 0x52, 0xFF, 0x73, 0xFF, 0x52, 0xFF, 0x52, 0xFF, 0x52,
    0xFF, 0x62, 0xFF, 0x5A, 0xFF, 0x41, 0xFF, 0x52, 0xFF, 0x29, 0xFF, 0x39, 0xFF, 0x41, 0xFF, 0x41,
    0x6A, 0x6A, 0x52, 0x52, 0x52, 0x52, 0x52, 0x52, 0x73, 0x73, 0x52, 0x52, 0x4A, 0x52, 0x52, 0x52,
    0x62, 0x62, 0x5A, 0x5A, 0x41, 0x41, 0x4A, 0x52, 0x29, 0x29, 0x39, 0x39, 0x41, 0x41, 0x41, 0x41,
    0xFF, 0x52, 0xFF, 0x52, 0xFF, 0x4A, 0xFF, 0x52, 0xFF, 0x52, 0xFF, 0x4A, 0xFF, 0x41, 0xFF, 0x41,
    0xFF, 0x41, 0xFF, 0x52, 0xFF, 0x73, 0xFF, 0x5A, 0xFF, 0x52, 0xFF, 0x73, 0xFF, 0x94, 0xFF, 0x94,
    0x52, 0x52, 0x4A, 0x52, 0x4A, 0x4A, 0x4A, 0x52, 0x4A, 0x52, 0x4A, 0x4A, 0x41, 0x41, 0x41, 0x41,
    0x41, 0x41, 0x4A, 0x52, 0x6A, 0x5A, 0x5A, 0x5A, 0x4A, 0x52, 0x6A, 0x5A, 0x83, 0x73, 0x83, 0x73,
    0xFF, 0x4A, 0xFF, 0x52, 0xFF, 0x41, 0xFF, 0x52, 0xFF, 0x4A, 0xFF, 0x4A, 0xFF, 0x39, 0xFF, 0x52,
    0xFF, 0x41, 0xFF, 0x39, 0xFF, 0x31, 0xFF, 0x31, 0xFF, 0x83, 0xFF, 0x52, 0xFF, 0x41, 0xFF, 0x73,
    0x4A, 0x4A, 0x4A, 0x52, 0x41, 0x41, 0x4A, 0x52, 0x4A, 0x4A, 0x4A, 0x4A, 0x39, 0x39, 0x4A, 0x52,
    0x41, 0x41, 0x39, 0x39, 0x31, 0x31, 0x31, 0x31, 0x7B, 0x6A, 0x52, 0x41, 0x41, 0x41, 0x6A, 0x5A,
    0xFF, 0x62, 0xFF, 0x4A, 0xFF, 0x4A, 0xFF, 0x52, 0xFF, 0x41, 0xFF, 0x39, 0xFF, 0x39, 0xFF, 0x31,
    0xFF, 0x20, 0xFF, 0x31, 0xFF, 0x41, 0xFF, 0xBD, 0xFF, 0xAC, 0xFF, 0xDE, 0xFF, 0xEE, 0xFF, 0xEE,
    0x62, 0x62, 0x4A, 0x4A, 0x4A, 0x4A, 0x4A, 0x52, 0x41, 0x41, 0x39, 0x39, 0x39, 0x39, 0x31, 0x31,
    0x20, 0x20, 0x31, 0x31, 0x39, 0x31, 0xBD, 0x9C, 0xA4, 0x94, 0xCD, 0xAC, 0xDE, 0xC5, 0xDE, 0xC5,
    0xFF, 0x41, 0xFF, 0x52, 0xFF, 0xDE, 0xFF, 0xFF, 0xFF, 0x7B, 0xFF, 0xDE, 0xFF, 0xFF, 0xFF, 0xEE,
    0xFF, 0xEE, 0xFF, 0xEE, 0xFF, 0xDE, 0xFF, 0xC5, 0xFF, 0xDE, 0xFF, 0xBD, 0xFF, 0xB4, 0xFF, 0xA4,
    0x41, 0x41, 0x52, 0x52, 0xCD, 0xAC, 0xEE, 0xC5, 0x73, 0x62, 0xCD, 0xAC, 0xFF, 0xF6, 0xEE, 0xEE,
    0xDE, 0xC5, 0xDE, 0xC5, 0xDE, 0xDE, 0xC5, 0xC5, 0xCD, 0xAC, 0xBD, 0xBD, 0xB4, 0xB4, 0xA4, 0x9C,
    0xFF, 0xD5, 0xFF, 0xDE, 0xFF, 0xD5, 0xFF, 0xD5, 0xFF, 0xCD, 0xFF, 0xC5, 0xFF, 0xBD, 0xFF, 0xAC,
    0xFF, 0xA4, 0xFF, 0xB4, 0xFF, 0xAC, 0xFF, 0x8B, 0xFF, 0x94, 0xFF, 0xA4, 0xFF, 0x8B, 0xFF, 0x7B,
    0xD5, 0xD5, 0xDE, 0xDE, 0xD5, 0xD5, 0xD5, 0xCD, 0xCD, 0xCD, 0xC5, 0xC5, 0xBD, 0xBD, 0xAC, 0xAC,
    0xA4, 0xA4, 0xB4, 0xB4, 0xAC, 0xAC, 0x8B, 0x8B, 0x94, 0x94, 0xA4, 0x9C, 0x8B, 0x8B, 0x7B, 0x7B,
    0xFF, 0xBD, 0xFF, 0x94, 0xFF, 0x94, 0xFF, 0x73, 0xFF, 0x8B, 0xFF, 0xA4, 0xFF, 0x9C, 0xFF, 0x5A,
    0xFF, 0x83, 0xFF, 0x8B, 0xFF, 0x9C, 0xFF, 0x94, 0xFF, 0x7B, 0xFF, 0x73, 0xFF, 0x7B, 0xFF, 0xA4,
    0xBD, 0xBD, 0x94, 0x94, 0x94, 0x94, 0x5A, 0x4A, 0x8B, 0x8B, 0xA4, 0x9C, 0x9C, 0x9C, 0x4A, 0x39,
    0x83, 0x83, 0x8B, 0x8B, 0x9C, 0x9C, 0x83, 0x73, 0x7B, 0x7B, 0x73, 0x73, 0x7B, 0x7B, 0xA4, 0x9C,
    0xFF, 0x6A, 0xFF, 0x73, 0xFF, 0x8B, 0xFF, 0x9C, 0xFF, 0x6A, 0xFF, 0x6A, 0xFF, 0x7B, 0xFF, 0x8B,
    0xFF, 0x6A, 0xFF, 0x6A, 0xFF, 0x73, 0xFF, 0x8B, 0xFF, 0x83, 0xFF, 0x6A, 0xFF, 0x7B, 0xFF, 0x7B,
    0x5A, 0x31, 0x62, 0x31, 0x6A, 0x29, 0x7B, 0x39, 0x52, 0x41, 0x5A, 0x31, 0x6A, 0x31, 0x6A, 0x29,
    0x5A, 0x31, 0x5A, 0x31, 0x52, 0x18, 0x6A, 0x29, 0x7B, 0x6A, 0x5A, 0x31, 0x62, 0x29, 0x62, 0x29,
    0xFF, 0xAC, 0xFF, 0x9C, 0xFF, 0x7B, 0xFF, 0x73, 0xFF, 0x9C, 0xFF, 0xAC, 0xFF, 0x8B, 0xFF, 0x73,
    0xFF, 0x8B, 0xFF, 0xAC, 0xFF, 0x9C, 0xFF, 0x7B, 0xFF, 0x8B, 0xFF, 0x9C, 0xFF, 0xAC, 0xFF, 0x83,
    0x83, 0x41, 0x83, 0x41, 0x6A, 0x41, 0x5A, 0x4A, 0x7B, 0x39, 0x83, 0x41, 0x73, 0x41, 0x5A, 0x4A,
    0x6A, 0x29, 0x83, 0x41, 0x7B, 0x39, 0x6A, 0x41, 0x6A, 0x29, 0x7B, 0x39, 0x83, 0x41, 0x73, 0x41,
    0xFF, 0x73, 0xFF, 0x73, 0xFF, 0x73, 0xFF, 0x7B, 0xFF, 0x73, 0xFF, 0x73, 0xFF, 0x73, 0xFF, 0x7B,
    0xFF, 0x6A, 0xFF, 0x73, 0xFF, 0x73, 0xFF, 0x73, 0xFF, 0x73, 0xFF, 0x6A, 0xFF, 0x73, 0xFF, 0x73,
    0x5A, 0x4A, 0x6A, 0x4A, 0x6A, 0x4A, 0x6A, 0x41, 0x5A, 0x4A, 0x5A, 0x4A, 0x6A, 0x4A, 0x6A, 0x41,
    0x52, 0x41, 0x5A, 0x4A, 0x5A, 0x4A, 0x6A, 0x4A, 0x5A, 0x4A, 0x52, 0x41, 0x5A, 0x4A, 0x5A, 0x4A,
    0xFF, 0x7B, 0xFF, 0x94, 0xFF, 0x83, 0xFF, 0x83, 0xFF, 0x7B, 0xFF, 0x7B, 0xFF, 0x7B, 0xFF, 0x7B,
    0xFF, 0x73, 0xFF, 0x7B, 0xFF, 0x6A, 0xFF, 0x6A, 0xFF, 0x73, 0xFF, 0x6A, 0xFF, 0x73, 0xFF, 0x62,
    0x6A, 0x41, 0x6A, 0x4A, 0x73, 0x41, 0x73, 0x41, 0x6A, 0x41, 0x6A, 0x41, 0x6A, 0x41, 0x62, 0x39,
    0x5A, 0x4A, 0x62, 0x39, 0x5A, 0x31, 0x5A, 0x31, 0x5A, 0x4A, 0x5A, 0x31, 0x4A, 0x31, 0x52, 0x29,
    0xFF, 0x7B, 0xFF, 0x8B, 0xFF, 0x7B, 0xFF, 0x8B, 0xFF, 0x7B, 0xFF, 0x7B, 0xFF, 0x7B, 0xFF, 0x73,
    0xFF, 0x73, 0xFF, 0x73, 0xFF, 0x6A, 0xFF, 0x6A, 0xFF, 0x62, 0xFF, 0x62, 0xFF, 0x6A, 0xFF, 0x62,
    0x6A, 0x39, 0x6A, 0x29, 0x62, 0x29, 0x6A, 0x29, 0x62, 0x39, 0x62, 0x29, 0x62, 0x29, 0x52, 0x18,
    0x52, 0x18, 0x52, 0x18, 0x4A, 0x18, 0x4A, 0x18, 0x52, 0x29, 0x41, 0x10, 0x4A, 0x18, 0x41, 0x10,
    0xFF, 0x7B, 0xFF, 0x73, 0xFF, 0xAC, 0xFF, 0xE6, 0xFF, 0x7B, 0xFF, 0x6A, 0xFF, 0x9C, 0xFF, 0xE6,
    0xFF, 0x6A, 0xFF, 0x62, 0xFF, 0x9C, 0xFF, 0xE6, 0xFF, 0x62, 0xFF, 0x6A, 0xFF, 0xC5, 0xFF, 0xC5,
    0x62, 0x29, 0x52, 0x18, 0x8B, 0x5A, 0xB4, 0x8B, 0x62, 0x29, 0x4A, 0x18, 0x7B, 0x52, 0xB4, 0x8B,
    0x4A, 0x18, 0x41, 0x10, 0x7B, 0x52, 0xB4, 0x8B, 0x41, 0x10, 0x4A, 0x18, 0xA4, 0x7B, 0xA4, 0x7B,
    0xFF, 0x6A, 0xFF, 0x6A, 0xFF, 0x6A, 0xFF, 0x6A, 0xFF, 0x5A, 0xFF, 0x52, 0xFF, 0x41, 0xFF, 0x41,
    0xFF, 0x52, 0xFF, 0x62, 0xFF, 0x94, 0xFF, 0xAC, 0xFF, 0xC5, 0xFF, 0xDE, 0xFF, 0xEE, 0xFF, 0xEE,
    0x62, 0x18, 0x6A, 0x29, 0x6A, 0x29, 0x6A, 0x29, 0x52, 0x10, 0x4A, 0x10, 0x52, 0x20, 0x52, 0x20,
    0x4A, 0x10, 0x6A, 0x39, 0x83, 0x73, 0xAC, 0xAC, 0xC5, 0xC5, 0xDE, 0xDE, 0xEE, 0xEE, 0xEE, 0xEE,
    0xFF, 0x6A, 0xFF, 0x6A, 0xFF, 0x5A, 0xFF, 0x5A, 0xFF, 0x5A, 0xFF, 0x7B, 0xFF, 0xA4, 0xFF, 0xB4,
    0xFF, 0xC5, 0xFF, 0xDE, 0xFF, 0xEE, 0xFF, 0xF6, 0xFF, 0xF6, 0xFF, 0xF6, 0xFF, 0xFF, 0xFF, 0xEE,
    0x6A, 0x29, 0x6A, 0x29, 0x62, 0x29, 0x62, 0x29, 0x62, 0x29, 0x7B, 0x5A, 0x94, 0x8B, 0xB4, 0xB4,
    0xC5, 0xC5, 0xDE, 0xDE, 0xEE, 0xEE, 0xF6, 0xF6, 0xF6, 0xF6, 0xF6, 0xF6, 0xFF, 0xF6, 0xEE, 0xEE,
    0xFF, 0x62, 0xFF, 0x83, 0xFF, 0xA4, 0xFF, 0x94, 0xFF, 0xD5, 0xFF, 0xE6, 0xFF, 0xF6, 0xFF, 0xAC,
    0xFF, 0xF6, 0xFF, 0xF6, 0xFF, 0xF6, 0xFF, 0xBD, 0xFF, 0xE6, 0xFF, 0xEE, 0xFF, 0xFF, 0xFF, 0xF6,
    0x6A, 0x39, 0x7B, 0x6A, 0xA4, 0xA4, 0x7B, 0x62, 0xD5, 0xCD, 0xE6, 0xE6, 0xF6, 0xF6, 0xA4, 0x94,
    0xF6, 0xF6, 0xF6, 0xF6, 0xF6, 0xF6, 0xBD, 0xBD, 0xE6, 0xE6, 0xEE, 0xEE, 0xFF, 0xFF, 0xF6, 0xF6,
    0xFF, 0x52, 0xFF, 0x62, 0xFF, 0x5A, 0xFF, 0x5A, 0xFF, 0x52, 0xFF, 0x52, 0xFF, 0x5A, 0xFF, 0x5A,
    0xFF, 0x4A, 0xFF, 0x52, 0xFF, 0x52, 0xFF, 0x5A, 0xFF, 0x62, 0xFF, 0x4A, 0xFF, 0x52, 0xFF, 0x4A,
    0x39, 0x10, 0x41, 0x10, 0x41, 0x20, 0x41, 0x20, 0x39, 0x10, 0x39, 0x10, 0x41, 0x20, 0x41, 0x20,
    0x31, 0x08, 0x39, 0x10, 0x31, 0x18, 0x41, 0x20, 0x52, 0x29, 0x31, 0x08, 0x39, 0x20, 0x39, 0x20,
    0xFF, 0x5A, 0xFF, 0x5A, 0xFF, 0x5A, 0xFF, 0x7B, 0xFF, 0x5A, 0xFF, 0x52, 0xFF, 0x6A, 0xFF, 0x8B,
    0xFF, 0x52, 0xFF, 0x52, 0xFF, 0x6A, 0xFF, 0x8B, 0xFF, 0x52, 0xFF, 0x52, 0xFF, 0x7B, 0xFF, 0x83,
    0x4A, 0x29, 0x4A, 0x39, 0x4A, 0x39, 0x6A, 0x31, 0x4A, 0x29, 0x41, 0x31, 0x52, 0x41, 0x6A, 0x29,
    0x41, 0x31, 0x41, 0x31, 0x5A, 0x31, 0x6A, 0x20, 0x41, 0x31, 0x41, 0x31, 0x62, 0x29, 0x62, 0x18,
    0xFF, 0x94, 0xFF, 0xA4, 0xFF, 0xAC, 0xFF, 0xAC, 0xFF, 0x7B, 0xFF, 0x7B, 0xFF, 0x94, 0xFF, 0x94,
    0xFF, 0x73, 0xFF, 0x52, 0xFF, 0x73, 0xFF, 0x83, 0xFF, 0x73, 0xFF, 0x4A, 0xFF, 0x41, 0xFF, 0x62,
    0x83, 0x73, 0xA4, 0x9C, 0xAC, 0xAC, 0xAC, 0xAC, 0x6A, 0x41, 0x7B, 0x7B, 0x94, 0x94, 0x94, 0x94,
    0x52, 0x18, 0x52, 0x41, 0x73, 0x73, 0x83, 0x83, 0x52, 0x18, 0x31, 0x08, 0x39, 0x31, 0x62, 0x62,
    0xFF, 0xC5, 0xFF, 0xBD, 0xFF, 0x31, 0xFF, 0x20, 0xFF, 0xA4, 0xFF, 0xA4, 0xFF, 0x4A, 0xFF, 0x18,
    0xFF, 0x8B, 0xFF, 0x94, 0xFF, 0x73, 0xFF, 0x18, 0xFF, 0x83, 0xFF, 0x83, 0xFF, 0x8B, 0xFF, 0x39,
    0xC5, 0xC5, 0xBD, 0xBD, 0x29, 0x18, 0x20, 0x10, 0xA4, 0x9C, 0xA4, 0xA4, 0x4A, 0x4A, 0x18, 0x08,
    0x8B, 0x8B, 0x94, 0x94, 0x73, 0x73, 0x18, 0x08, 0x83, 0x8B, 0x83, 0x83, 0x8B, 0x8B, 0x31, 0x20,
    0xFF, 0x20, 0xFF, 0x31, 0xFF, 0x39, 0xFF, 0x52, 0xFF, 0x20, 0xFF, 0x31, 0xFF, 0x39, 0xFF, 0x52,
    0xFF, 0x18, 0xFF, 0x31, 0xFF, 0x39, 0xFF, 0x52, 0xFF, 0x18, 0xFF, 0x20, 0xFF, 0x39, 0xFF, 0x41,
    0x20, 0x10, 0x29, 0x18, 0x31, 0x20, 0x41, 0x31, 0x20, 0x10, 0x29, 0x18, 0x31, 0x20, 0x41, 0x31,
    0x18, 0x08, 0x29, 0x18, 0x31, 0x20, 0x41, 0x31, 0x18, 0x08, 0x20, 0x10, 0x31, 0x20, 0x39, 0x31,
    0xFF, 0x6A, 0xFF, 0x73, 0xFF, 0x83, 0xFF, 0x83, 0xFF, 0x52, 0xFF, 0x73, 0xFF, 0x83, 0xFF, 0x73,
    0xFF, 0x52, 0xFF, 0x6A, 0xFF, 0x73, 0xFF, 0x73, 0xFF, 0x5A, 0xFF, 0x52, 0xFF, 0x52, 0xFF, 0x52,
    0x52, 0x41, 0x6A, 0x5A, 0x7B, 0x6A, 0x7B, 0x6A, 0x52, 0x41, 0x6A, 0x5A, 0x7B, 0x6A, 0x6A, 0x5A,
    0x52, 0x41, 0x62, 0x52, 0x6A, 0x5A, 0x6A, 0x5A, 0x4A, 0x39, 0x52, 0x41, 0x52, 0x41, 0x52, 0x41,
    0xFF, 0x7B, 0xFF, 0x7B, 0xFF, 0x7B, 0xFF, 0xBD, 0xFF, 0x73, 0xFF, 0x6A, 0xFF, 0x7B, 0xFF, 0xA4,
    0xFF, 0x52, 0xFF, 0x52, 0xFF, 0x5A, 0xFF, 0x73, 0xFF, 0x52, 0xFF, 0x5A, 0xFF, 0x52, 0xFF, 0x5A,
    0x73, 0x62, 0x73, 0x62, 0x73, 0x62, 0xBD, 0x9C, 0x6A, 0x5A, 0x62, 0x52, 0x73, 0x62, 0x9C, 0x7B,
    0x52, 0x41, 0x52, 0x41, 0x4A, 0x39, 0x6A, 0x5A, 0x52, 0x41, 0x4A, 0x39, 0x41, 0x31, 0x4A, 0x39,
    0xFF, 0xEE, 0xFF, 0xFF, 0xFF, 0xF6, 0xFF, 0xDE, 0xFF, 0xC5, 0xFF, 0xC5, 0xFF, 0xC5, 0xFF, 0xBD,
    0xFF, 0x83, 0xFF, 0x9C, 0xFF, 0xA4, 0xFF, 0x94, 0xFF, 0x5A, 0xFF, 0x73, 0xFF, 0x7B, 0xFF, 0x73,
    0xDE, 0xC5, 0xF6, 0xD5, 0xCD, 0xAC, 0xCD, 0xAC, 0xB4, 0xA4, 0xB4, 0xA4, 0xB4, 0xA4, 0xBD, 0x9C,
    0x7B, 0x6A, 0x8B, 0x7B, 0x9C, 0x7B, 0x8B, 0x83, 0x4A, 0x39, 0x6A, 0x4A, 0x73, 0x62, 0x73, 0x73,
    0xFF, 0xAC, 0xFF, 0x94, 0xFF, 0x94, 0xFF, 0x8B, 0xFF, 0x94, 0xFF, 0x8B, 0xFF, 0x83, 0xFF, 0x7B,
    0xFF, 0x83, 0xFF, 0x7B, 0xFF, 0x73, 0xFF, 0x5A, 0xFF, 0x73, 0xFF, 0x73, 0xFF, 0x52, 0xFF, 0x4A,
    0xA4, 0x94, 0x94, 0x94, 0x94, 0x94, 0x8B, 0x8B, 0x94, 0x94, 0x8B, 0x8B, 0x83, 0x8B, 0x7B, 0x7B,
    0x83, 0x83, 0x7B, 0x7B, 0x73, 0x73, 0x5A, 0x5A, 0x73, 0x73, 0x73, 0x73, 0x4A, 0x52, 0x4A, 0x4A,
    0xFF, 0x83, 0xFF, 0x83, 0xFF, 0x73, 0xFF, 0x62, 0xFF, 0x73, 0xFF, 0x5A, 0xFF, 0x41, 0xFF, 0x41,
    0xFF, 0x41, 0xFF, 0x18, 0xFF, 0x10, 0xFF, 0x20, 0xFF, 0xA4, 0xFF, 0x9C, 0xFF, 0x4A, 0xFF, 0x00,
    0x83, 0x83, 0x83, 0x83, 0x73, 0x73, 0x62, 0x62, 0x73, 0x73, 0x5A, 0x5A, 0x41, 0x41, 0x39, 0x31,
    0x39, 0x31, 0x18, 0x08, 0x10, 0x00, 0x20, 0x20, 0xA4, 0x9C, 0x8B, 0x7B, 0x20, 0x08, 0x00, 0x00,
    0xFF, 0x4A, 0xFF, 0x41, 0xFF, 0x52, 0xFF, 0x94, 0xFF, 0x29, 0xFF, 0x31, 0xFF, 0x6A, 0xFF, 0x7B,
    0xFF, 0x31, 0xFF, 0x41, 0xFF, 0x6A, 0xFF, 0x83, 0xFF, 0x10, 0xFF, 0x41, 0xFF, 0x7B, 0xFF, 0x94,
    0x4A, 0x4A, 0x41, 0x41, 0x52, 0x52, 0x94, 0x94, 0x29, 0x29, 0x31, 0x31, 0x62, 0x52, 0x7B, 0x5A,
    0x29, 0x18, 0x39, 0x31, 0x62, 0x52, 0x7B, 0x6A, 0x10, 0x10, 0x41, 0x41, 0x73, 0x62, 0x83, 0x73,
    0xFF, 0xA4, 0xFF, 0x7B, 0xFF, 0x6A, 0xFF, 0x7B, 0xFF, 0xA4, 0xFF, 0x9C, 0xFF, 0x73, 0xFF, 0x73,
    0xFF, 0xA4, 0xFF, 0xBD, 0xFF, 0x7B, 0xFF, 0x73, 0xFF, 0xA4, 0xFF, 0xA4, 0xFF, 0x7B, 0xFF, 0x6A,
    0x9C, 0x7B, 0x6A, 0x41, 0x4A, 0x18, 0x62, 0x29, 0x9C, 0x7B, 0x94, 0x6A, 0x4A, 0x31, 0x52, 0x18,
    0x9C, 0x7B, 0xBD, 0x9C, 0x5A, 0x39, 0x52, 0x18, 0x9C, 0x7B, 0x9C, 0x7B, 0x62, 0x39, 0x4A, 0x18,
    0xFF, 0x7B, 0xFF, 0x94, 0xFF, 0x9C, 0xFF, 0x9C, 0xFF, 0x8B, 0xFF, 0x8B, 0xFF, 0x9C, 0xFF, 0x9C,
    0xFF, 0x7B, 0xFF, 0x8B, 0xFF, 0x8B, 0xFF, 0x9C, 0xFF, 0x7B, 0xFF, 0x7B, 0xFF, 0x8B, 0xFF, 0x8B,
    0x62, 0x29, 0x73, 0x29, 0x7B, 0x39, 0x7B, 0x39, 0x6A, 0x29, 0x6A, 0x29, 0x7B, 0x39, 0x7B, 0x39,
    0x62, 0x29, 0x6A, 0x29, 0x6A, 0x29, 0x7B, 0x39, 0x62, 0x29, 0x62, 0x29, 0x6A, 0x29, 0x6A, 0x29,
    0xFF, 0x73, 0xFF, 0x6A, 0xFF, 0x6A, 0xFF, 0x6A, 0xFF, 0x83, 0xFF, 0x6A, 0xFF, 0x6A, 0xFF, 0x5A,
    0xFF, 0x7B, 0xFF, 0x6A, 0xFF, 0x5A, 0xFF, 0x52, 0xFF, 0x8B, 0xFF, 0x6A, 0xFF, 0x62, 0xFF, 0x52,
    0x62, 0x31, 0x52, 0x41, 0x52, 0x41, 0x52, 0x41, 0x62, 0x41, 0x52, 0x41, 0x52, 0x41, 0x4A, 0x39,
    0x6A, 0x31, 0x52, 0x41, 0x4A, 0x29, 0x41, 0x31, 0x6A, 0x29, 0x5A, 0x31, 0x52, 0x29, 0x41, 0x31,
    0xFF, 0x5A, 0xFF, 0x62, 0xFF, 0x5A, 0xFF, 0x5A, 0xFF, 0x5A, 0xFF, 0x52, 0xFF, 0x5A, 0xFF, 0x52,
    0xFF, 0x52, 0xFF, 0x52, 0xFF, 0x4A, 0xFF, 0x52, 0xFF, 0x52, 0xFF, 0x4A, 0xFF, 0x4A, 0xFF, 0x52,
    0x4A, 0x39, 0x52, 0x29, 0x4A, 0x29, 0x4A, 0x29, 0x4A, 0x39, 0x41, 0x31, 0x41, 0x20, 0x39, 0x20,
    0x41, 0x31, 0x41, 0x31, 0x39, 0x20, 0x39, 0x20, 0x41, 0x31, 0x39, 0x20, 0x39, 0x20, 0x39, 0x20,
    0xFF, 0x5A, 0xFF, 0x5A, 0xFF, 0x52, 0xFF, 0x52, 0xFF, 0x52, 0xFF, 0x4A, 0xFF, 0x52, 0xFF, 0x4A,
    0xFF, 0x4A, 0xFF, 0x4A, 0xFF, 0x4A, 0xFF, 0x4A, 0xFF, 0x41, 0xFF, 0x4A, 0xFF, 0x4A, 0xFF, 0x4A,
    0x41, 0x20, 0x41, 0x20, 0x39, 0x10, 0x39, 0x10, 0x39, 0x20, 0x31, 0x08, 0x39, 0x10, 0x31, 0x08,
    0x31, 0x08, 0x31, 0x08, 0x31, 0x08, 0x31, 0x08, 0x31, 0x18, 0x31, 0x08, 0x31, 0x08, 0x31, 0x08,
    0xFF, 0x4A, 0xFF, 0x94, 0xFF, 0xBD, 0xFF, 0xB4, 0xFF, 0x62, 0xFF, 0xB4, 0xFF, 0xBD, 0xFF, 0xAC,
    0xFF, 0x7B, 0xFF, 0xB4, 0xFF, 0xA4, 0xFF, 0xAC, 0xFF, 0x9C, 0xFF, 0xA4, 0xFF, 0xAC, 0xFF, 0xAC,
    0x31, 0x08, 0x6A, 0x4A, 0x94, 0x73, 0x8B, 0x6A, 0x41, 0x10, 0x8B, 0x6A, 0x94, 0x73, 0x83, 0x62,
    0x5A, 0x39, 0x8B, 0x6A, 0x83, 0x5A, 0x83, 0x62, 0x7B, 0x52, 0x83, 0x5A, 0x83, 0x62, 0x83, 0x62,
    0xFF, 0xE6, 0xFF, 0xEE, 0xFF, 0xEE, 0xFF, 0xFF, 0xFF, 0xFF, 0xFF, 0xFF, 0xFF, 0xFF, 0xFF, 0xEE,
    0xFF, 0xF6, 0xFF, 0xE6, 0xFF, 0xCD, 0xFF, 0xBD, 0xFF, 0xC5, 0xFF, 0xAC, 0xFF, 0x94, 0xFF, 0x83,
    0xE6, 0xE6, 0xEE, 0xEE, 0xEE, 0xEE, 0xFF, 0xF6, 0xFF, 0xF6, 0xFF, 0xFF, 0xFF, 0xF6, 0xEE, 0xEE,
    0xF6, 0xF6, 0xE6, 0xE6, 0xCD, 0xCD, 0xBD, 0xBD, 0xC5, 0xC5, 0xAC, 0xAC, 0x94, 0x94, 0x83, 0x83,
    0xFF, 0xFF, 0xFF, 0xEE, 0xFF, 0xDE, 0xFF, 0xD5, 0xFF, 0xD5, 0xFF, 0xC5, 0xFF, 0xB4, 0xFF, 0x94,
    0xFF, 0xA4, 0xFF, 0x83, 0xFF, 0x6A, 0xFF, 0x7B, 0xFF, 0x62, 0xFF, 0x62, 0xFF, 0x8B, 0xFF, 0xAC,
    0xFF, 0xF6, 0xEE, 0xEE, 0xDE, 0xDE, 0xD5, 0xCD, 0xD5, 0xD5, 0xC5, 0xC5, 0xAC, 0xAC, 0x8B, 0x83,
    0xA4, 0xA4, 0x7B, 0x6A, 0x52, 0x41, 0x5A, 0x39, 0x62, 0x62, 0x41, 0x29, 0x62, 0x4A, 0x83, 0x62,
    0xFF, 0xBD, 0xFF, 0xA4, 0xFF, 0xBD, 0xFF, 0xFF, 0xFF, 0x7B, 0xFF, 0x73, 0xFF, 0x7B, 0xFF, 0x94,
    0xFF, 0x83, 0xFF, 0x8B, 0xFF, 0x83, 0xFF, 0x83, 0xFF, 0xAC, 0xFF, 0x9C, 0xFF, 0x94, 0xFF, 0x8B,
    0xBD, 0xBD, 0xA4, 0xA4, 0xBD, 0xBD, 0xFF, 0xFF, 0x73, 0x62, 0x5A, 0x4A, 0x5A, 0x39, 0x83, 0x73,
    0x62, 0x41, 0x62, 0x4A, 0x62, 0x41, 0x5A, 0x39, 0x83, 0x62, 0x73, 0x5A, 0x6A, 0x52, 0x62, 0x4A,
    0xFF, 0x83, 0xFF, 0x39, 0xFF, 0x41, 0xFF, 0x4A, 0xFF, 0x94, 0xFF, 0x39, 0xFF, 0x4A, 0xFF, 0x41,
    0xFF, 0x83, 0xFF, 0x41, 0xFF, 0x39, 0xFF, 0x39, 0xFF, 0x94, 0xFF, 0x62, 0xFF, 0x39, 0xFF, 0x39,
    0x7B, 0x6A, 0x29, 0x00, 0x31, 0x18, 0x39, 0x20, 0x7B, 0x62, 0x29, 0x00, 0x39, 0x20, 0x31, 0x18,
    0x5A, 0x39, 0x31, 0x18, 0x29, 0x18, 0x31, 0x20, 0x6A, 0x52, 0x41, 0x29, 0x29, 0x18, 0x29, 0x18,
    0xFF, 0x4A, 0xFF, 0x5A, 0xFF, 0x83, 0xFF, 0x83, 0xFF, 0x4A, 0xFF, 0x5A, 0xFF, 0x7B, 0xFF, 0x73,
    0xFF, 0x41, 0xFF, 0x5A, 0xFF, 0x73, 0xFF, 0x73, 0xFF, 0x4A, 0xFF, 0x6A, 0xFF, 0x73, 0xFF, 0x6A,
    0x39, 0x20, 0x4A, 0x29, 0x62, 0x18, 0x62, 0x18, 0x39, 0x20, 0x4A, 0x29, 0x62, 0x29, 0x52, 0x18,
    0x31, 0x18, 0x4A, 0x29, 0x52, 0x18, 0x52, 0x18, 0x39, 0x20, 0x4A, 0x18, 0x52, 0x18, 0x4A, 0x18,
    0xFF, 0x62, 0xFF, 0x52, 0xFF, 0x39, 0xFF, 0x20, 0xFF, 0x62, 0xFF, 0x4A, 0xFF, 0x39, 0xFF, 0x10,
    0xFF, 0x52, 0xFF, 0x4A, 0xFF, 0x31, 0xFF, 0x39, 0xFF, 0x52, 0xFF, 0x4A, 0xFF, 0x31, 0xFF, 0x52,
    0x41, 0x10, 0x39, 0x10, 0x29, 0x18, 0x20, 0x10, 0x41, 0x10, 0x39, 0x20, 0x31, 0x20, 0x10, 0x00,
    0x39, 0x10, 0x39, 0x20, 0x29, 0x18, 0x29, 0x18, 0x39, 0x10, 0x39, 0x20, 0x29, 0x18, 0x41, 0x31,
    0xFF, 0x52, 0xFF, 0x7B, 0xFF, 0x83, 0xFF, 0x6A, 0xFF, 0x62, 0xFF, 0x94, 0xFF, 0x62, 0xFF, 0x6A,
    0xFF, 0xD5, 0xFF, 0xEE, 0xFF, 0x6A, 0xFF, 0x41, 0xFF, 0xF6, 0xFF, 0xFF, 0xFF, 0xDE, 0xFF, 0x5A,
    0x52, 0x52, 0x7B, 0x7B, 0x83, 0x83, 0x6A, 0x6A, 0x62, 0x62, 0x94, 0x94, 0x62, 0x62, 0x6A, 0x6A,
    0xD5, 0xD5, 0xEE, 0xEE, 0x6A, 0x6A, 0x41, 0x41, 0xF6, 0xF6, 0xFF, 0xFF, 0xCD, 0xBD, 0x5A, 0x5A,
    0xFF, 0x18, 0xFF, 0x20, 0xFF, 0x20, 0xFF, 0x39, 0xFF, 0x41, 0xFF, 0x10, 0xFF, 0x20, 0xFF, 0x20,
    0xFF, 0x41, 0xFF, 0x18, 0xFF, 0x10, 0xFF, 0x18, 0xFF, 0x31, 0xFF, 0x20, 0xFF, 0x10, 0xFF, 0x10,
    0x18, 0x08, 0x20, 0x10, 0x20, 0x10, 0x31, 0x20, 0x39, 0x31, 0x10, 0x00, 0x20, 0x10, 0x20, 0x10,
    0x41, 0x41, 0x18, 0x08, 0x10, 0x00, 0x18, 0x08, 0x31, 0x31, 0x20, 0x20, 0x10, 0x00, 0x10, 0x00,
    0xFF, 0x39, 0xFF, 0x41, 0xFF, 0x41, 0xFF, 0x52, 0xFF, 0x31, 0xFF, 0x20, 0xFF, 0x31, 0xFF, 0x20,
    0xFF, 0x10, 0xFF, 0x18, 0xFF, 0x10, 0xFF, 0x10, 0xFF, 0x10, 0xFF, 0x10, 0xFF, 0x10, 0xFF, 0x10,
    0x31, 0x20, 0x39, 0x31, 0x39, 0x31, 0x41, 0x31, 0x29, 0x18, 0x20, 0x10, 0x29, 0x18, 0x20, 0x10,
    0x10, 0x00, 0x18, 0x08, 0x10, 0x00, 0x10, 0x00, 0x10, 0x00, 0x10, 0x00, 0x10, 0x00, 0x10, 0x00,
    0xFF, 0x39, 0xFF, 0x41, 0xFF, 0x39, 0xFF, 0x39, 0xFF, 0x39, 0xFF, 0x39, 0xFF, 0x20, 0xFF, 0x20,
    0xFF, 0x10, 0xFF, 0x10, 0xFF, 0x18, 0xFF, 0x18, 0xFF, 0x10, 0xFF, 0x10, 0xFF, 0x20, 0xFF, 0x18,
    0x31, 0x20, 0x39, 0x31, 0x31, 0x20, 0x31, 0x20, 0x29, 0x18, 0x29, 0x18, 0x20, 0x10, 0x20, 0x10,
    0x10, 0x00, 0x10, 0x00, 0x18, 0x08, 0x18, 0x08, 0x10, 0x00, 0x10, 0x00, 0x20, 0x10, 0x18, 0x08,
    0xFF, 0x4A, 0xFF, 0x52, 0xFF, 0x52, 0xFF, 0x62, 0xFF, 0x39, 0xFF, 0x39, 0xFF, 0x52, 0xFF, 0x4A,
    0xFF, 0x20, 0xFF, 0x31, 0xFF, 0x31, 0xFF, 0x29, 0xFF, 0x20, 0xFF, 0x29, 0xFF, 0x29, 0xFF, 0x20,
    0x39, 0x20, 0x41, 0x31, 0x52, 0x41, 0x62, 0x62, 0x31, 0x20, 0x31, 0x20, 0x4A, 0x52, 0x4A, 0x4A,
    0x20, 0x10, 0x31, 0x31, 0x31, 0x31, 0x29, 0x29, 0x20, 0x10, 0x29, 0x29, 0x29, 0x29, 0x20, 0x10,
    0xFF, 0x62, 0xFF, 0x41, 0xFF, 0x62, 0xFF, 0xC5, 0xFF, 0x31, 0xFF, 0x6A, 0xFF, 0xEE, 0xFF, 0xFF,
    0xFF, 0x41, 0xFF, 0xC5, 0xFF, 0xF6, 0xFF, 0xE6, 0xFF, 0xA4, 0xFF, 0xDE, 0xFF, 0xB4, 0xFF, 0xDE,
    0x62, 0x62, 0x41, 0x41, 0x62, 0x62, 0xC5, 0xC5, 0x31, 0x31, 0x62, 0x52, 0xEE, 0xEE, 0xFF, 0xFF,
    0x39, 0x31, 0xB4, 0xA4, 0xC5, 0x9C, 0xE6, 0xE6, 0x7B, 0x62, 0x6A, 0x39, 0x52, 0x08, 0x62, 0x18,
    0xFF, 0xEE, 0xFF, 0xF6, 0xFF, 0xBD, 0xFF, 0x73, 0xFF, 0xFF, 0xFF, 0xF6, 0xFF, 0xEE, 0xFF, 0xAC,
    0xFF, 0xF6, 0xFF, 0xF6, 0xFF, 0xEE, 0xFF, 0xA4, 0xFF, 0xE6, 0xFF, 0xEE, 0xFF, 0xEE, 0xFF, 0x6A,
    0xEE, 0xEE, 0xF6, 0xF6, 0xBD, 0x9C, 0x31, 0x10, 0xFF, 0xF6, 0xF6, 0xF6, 0xEE, 0xEE, 0x83, 0x62,
    0xF6, 0xF6, 0xF6, 0xF6, 0xEE, 0xEE, 0x7B, 0x62, 0xB4, 0x8B, 0xEE, 0xEE, 0xEE, 0xEE, 0x52, 0x41,
    0xFF, 0x10, 0xFF, 0x4A, 0xFF, 0x73, 0xFF, 0x94, 0xFF, 0x31, 0xFF, 0x52, 0xFF, 0x7B, 0xFF, 0x6A,
    0xFF, 0x31, 0xFF, 0x52, 0xFF, 0x5A, 0xFF, 0x52, 0xFF, 0x31, 0xFF, 0x52, 0xFF, 0x4A, 0xFF, 0x4A,
    0x10, 0x00, 0x4A, 0x4A, 0x6A, 0x5A, 0x83, 0x73, 0x18, 0x08, 0x52, 0x41, 0x62, 0x5A, 0x62, 0x52,
    0x29, 0x18, 0x52, 0x41, 0x4A, 0x39, 0x41, 0x31, 0x31, 0x31, 0x41, 0x31, 0x39, 0x20, 0x39, 0x20,
    0xFF, 0x7B, 0xFF, 0x7B, 0xFF, 0x5A, 0xFF, 0x62, 0xFF, 0x6A, 0xFF, 0x5A, 0xFF, 0x5A, 0xFF, 0x52,
    0xFF, 0x4A, 0xFF, 0x52, 0xFF, 0x41, 0xFF, 0x52, 0xFF, 0x4A, 0xFF, 0x52, 0xFF, 0x4A, 0xFF, 0x41,
    0x7B, 0x5A, 0x7B, 0x5A, 0x4A, 0x29, 0x41, 0x10, 0x62, 0x52, 0x4A, 0x39, 0x41, 0x20, 0x39, 0x10,
    0x39, 0x20, 0x41, 0x31, 0x31, 0x18, 0x39, 0x20, 0x39, 0x20, 0x41, 0x31, 0x39, 0x20, 0x31, 0x18,
    0xFF, 0x6A, 0xFF, 0x73, 0xFF, 0x83, 0xFF, 0x8B, 0xFF, 0x62, 0xFF, 0x6A, 0xFF, 0x73, 0xFF, 0x7B,
    0xFF, 0x52, 0xFF, 0x62, 0xFF, 0x6A, 0xFF, 0x73, 0xFF, 0x52, 0xFF, 0x52, 0xFF, 0x62, 0xFF, 0x62,
    0x4A, 0x18, 0x52, 0x18, 0x62, 0x18, 0x6A, 0x29, 0x41, 0x10, 0x4A, 0x18, 0x52, 0x18, 0x62, 0x29,
    0x39, 0x10, 0x41, 0x10, 0x4A, 0x18, 0x52, 0x18, 0x39, 0x20, 0x39, 0x10, 0x41, 0x10, 0x41, 0x10,
    0xFF, 0x7B, 0xFF, 0x7B, 0xFF, 0x5A, 0xFF, 0x52, 0xFF, 0x8B, 0xFF, 0x7B, 0xFF, 0x6A, 0xFF, 0x5A,
    0xFF, 0x73, 0xFF, 0x7B, 0xFF, 0x73, 0xFF, 0x5A, 0xFF, 0x73, 0xFF, 0x73, 0xFF, 0x73, 0xFF, 0x5A,
    0x62, 0x29, 0x62, 0x29, 0x4A, 0x29, 0x41, 0x31, 0x6A, 0x29, 0x62, 0x29, 0x5A, 0x31, 0x41, 0x20,
    0x52, 0x18, 0x62, 0x29, 0x52, 0x18, 0x4A, 0x29, 0x52, 0x18, 0x52, 0x18, 0x52, 0x18, 0x41, 0x20,
    0xFF, 0x4A, 0xFF, 0x4A, 0xFF, 0x39, 0xFF, 0x41, 0xFF, 0x4A, 0xFF, 0x4A, 0xFF, 0x4A, 0xFF, 0x41,
    0xFF, 0x4A, 0xFF, 0x39, 0xFF, 0x39, 0xFF, 0x39, 0xFF, 0x5A, 0xFF, 0x41, 0xFF, 0x39, 0xFF, 0x39,
    0x39, 0x20, 0x39, 0x20, 0x31, 0x20, 0x31, 0x18, 0x39, 0x20, 0x39, 0x20, 0x39, 0x20, 0x31, 0x18,
    0x39, 0x20, 0x31, 0x20, 0x29, 0x18, 0x29, 0x18, 0x41, 0x20, 0x31, 0x18, 0x29, 0x18, 0x29, 0x18,
    0xFF, 0x4A, 0xFF, 0x41, 0xFF, 0x31, 0xFF, 0x6A, 0xFF, 0x41, 0xFF, 0x39, 0xFF, 0x39, 0xFF, 0x73,
    0xFF, 0x41, 0xFF, 0x39, 0xFF, 0x52, 0xFF, 0x7B, 0xFF, 0x41, 0xFF, 0x41, 0xFF, 0x73, 0xFF, 0x7B,
    0x31, 0x08, 0x31, 0x18, 0x20, 0x00, 0x52, 0x41, 0x31, 0x18, 0x29, 0x00, 0x29, 0x00, 0x73, 0x73,
    0x20, 0x10, 0x29, 0x00, 0x41, 0x31, 0x73, 0x62, 0x20, 0x10, 0x31, 0x18, 0x5A, 0x4A, 0x52, 0x31,
    0xFF, 0xA4, 0xFF, 0x94, 0xFF, 0x83, 0xFF, 0x9C, 0xFF, 0x8B, 0xFF, 0x94, 0xFF, 0x8B, 0xFF, 0x8B,
    0xFF, 0x83, 0xFF, 0x83, 0xFF, 0x83, 0xFF, 0x83, 0xFF, 0x7B, 0xFF, 0x7B, 0xFF, 0x7B, 0xFF, 0x7B,
    0x94, 0x8B, 0x94, 0x94, 0x7B, 0x6A, 0x73, 0x5A, 0x8B, 0x8B, 0x7B, 0x62, 0x62, 0x4A, 0x62, 0x4A,
    0x62, 0x41, 0x5A, 0x39, 0x5A, 0x39, 0x5A, 0x39, 0x5A, 0x39, 0x52, 0x31, 0x5A, 0x39, 0x5A, 0x39,
    0xFF, 0x83, 0xFF, 0x7B, 0xFF, 0x73, 0xFF, 0x62, 0xFF, 0x83, 0xFF, 0x7B, 0xFF, 0x73, 0xFF, 0x6A,
    0xFF, 0x73, 0xFF, 0x83, 0xFF, 0x6A, 0xFF, 0x62, 0xFF, 0x62, 0xFF, 0x62, 0xFF, 0x6A, 0xFF, 0x7B,
    0x83, 0x8B, 0x7B, 0x7B, 0x73, 0x73, 0x62, 0x62, 0x83, 0x83, 0x7B, 0x7B, 0x73, 0x73, 0x41, 0x29,
    0x73, 0x73, 0x83, 0x83, 0x52, 0x41, 0x41, 0x29, 0x62, 0x62, 0x62, 0x62, 0x52, 0x41, 0x5A, 0x39,
    0xFF, 0x5A, 0xFF, 0x83, 0xFF, 0x94, 0xFF, 0x9C, 0xFF, 0x7B, 0xFF, 0x83, 0xFF, 0x94, 0xFF, 0x94,
    0xFF, 0x73, 0xFF, 0x7B, 0xFF, 0x7B, 0xFF, 0x8B, 0xFF, 0x83, 0xFF, 0x83, 0xFF, 0x83, 0xFF, 0x8B,
    0x39, 0x20, 0x5A, 0x39, 0x6A, 0x52, 0x73, 0x5A, 0x52, 0x31, 0x62, 0x41, 0x6A, 0x52, 0x6A, 0x52,
    0x4A, 0x31, 0x52, 0x31, 0x5A, 0x39, 0x62, 0x4A, 0x5A, 0x39, 0x5A, 0x39, 0x62, 0x41, 0x62, 0x4A,
    0xFF, 0x9C, 0xFF, 0x9C, 0xFF, 0x94, 0xFF, 0x94, 0xFF, 0x94, 0xFF, 0x94, 0xFF, 0x9C, 0xFF, 0x94,
    0xFF, 0x83, 0xFF, 0x9C, 0xFF, 0x94, 0xFF, 0x94, 0xFF, 0x94, 0xFF, 0x9C, 0xFF, 0xA4, 0xFF, 0x9C,
    0x73, 0x5A, 0x73, 0x5A, 0x6A, 0x52, 0x6A, 0x52, 0x6A, 0x52, 0x6A, 0x52, 0x73, 0x5A, 0x6A, 0x52,
    0x62, 0x41, 0x73, 0x5A, 0x6A, 0x52, 0x6A, 0x52, 0x6A, 0x52, 0x73, 0x5A, 0x7B, 0x62, 0x73, 0x5A,
    0xFF, 0x83, 0xFF, 0x7B, 0xFF, 0x31, 0xFF, 0x39, 0xFF, 0x94, 0xFF, 0x8B, 0xFF, 0x4A, 0xFF, 0x31,
    0xFF, 0x94, 0xFF, 0x94, 0xFF, 0x6A, 0xFF, 0x39, 0xFF, 0x9C, 0xFF, 0x8B, 0xFF, 0x94, 0xFF, 0x4A,
    0x62, 0x41, 0x52, 0x31, 0x29, 0x18, 0x29, 0x18, 0x6A, 0x52, 0x62, 0x4A, 0x39, 0x20, 0x29, 0x18,
    0x6A, 0x52, 0x6A, 0x52, 0x52, 0x41, 0x29, 0x18, 0x73, 0x5A, 0x62, 0x4A, 0x6A, 0x52, 0x39, 0x20,
    0xFF, 0x41, 0xFF, 0x6A, 0xFF, 0x6A, 0xFF, 0x62, 0xFF, 0x52, 0xFF, 0x6A, 0xFF, 0x6A, 0xFF, 0x62,
    0xFF, 0x4A, 0xFF, 0x6A, 0xFF, 0x62, 0xFF, 0x52, 0xFF, 0x52, 0xFF, 0x62, 0xFF, 0x62, 0xFF, 0x4A,
    0x31, 0x18, 0x4A, 0x18, 0x4A, 0x18, 0x41, 0x10, 0x39, 0x20, 0x4A, 0x18, 0x4A, 0x18, 0x41, 0x10,
    0x31, 0x08, 0x4A, 0x18, 0x41, 0x10, 0x39, 0x10, 0x39, 0x10, 0x41, 0x10, 0x41, 0x10, 0x31, 0x08,
    0xFF, 0x4A, 0xFF, 0x41, 0xFF, 0x31, 0xFF, 0x39, 0xFF, 0x52, 0xFF, 0x39, 0xFF, 0x31, 0xFF, 0x20,
    0xFF, 0x4A, 0xFF, 0x31, 0xFF, 0x18, 0xFF, 0x18, 0xFF, 0x39, 0xFF, 0x5A, 0xFF, 0x5A, 0xFF, 0x10,
    0x31, 0x08, 0x31, 0x18, 0x29, 0x18, 0x31, 0x20, 0x39, 0x10, 0x29, 0x00, 0x29, 0x18, 0x20, 0x10,
    0x31, 0x08, 0x20, 0x00, 0x18, 0x08, 0x18, 0x08, 0x29, 0x00, 0x4A, 0x39, 0x4A, 0x39, 0x10, 0x00,
    0xFF, 0xD5, 0xFF, 0xF6, 0xFF, 0xDE, 0xFF, 0xE6, 0xFF, 0xC5, 0xFF, 0x94, 0xFF, 0x31, 0xFF, 0xDE,
    0xFF, 0x73, 0xFF, 0x73, 0xFF, 0x00, 0xFF, 0x94, 0xFF, 0x20, 0xFF, 0x7B, 0xFF, 0x73, 0xFF, 0x94,
    0xD5, 0xCD, 0x9C, 0x62, 0x62, 0x18, 0x7B, 0x52, 0xA4, 0x7B, 0x4A, 0x10, 0x20, 0x00, 0x62, 0x18,
    0x5A, 0x4A, 0x4A, 0x31, 0x00, 0x00, 0x4A, 0x10, 0x20, 0x10, 0x5A, 0x39, 0x31, 0x10, 0x4A, 0x10,
    0xFF, 0x41, 0xFF, 0x20, 0xFF, 0x18, 0xFF, 0x18, 0xFF, 0xCD, 0xFF, 0x20, 0xFF, 0x18, 0xFF, 0x18,
    0xFF, 0xDE, 0xFF, 0x73, 0xFF, 0x00, 0xFF, 0x18, 0xFF, 0xCD, 0xFF, 0x4A, 0xFF, 0x29, 0xFF, 0x10,
    0x41, 0x41, 0x20, 0x20, 0x18, 0x08, 0x18, 0x08, 0x5A, 0x31, 0x20, 0x10, 0x18, 0x08, 0x18, 0x08,
    0x6A, 0x39, 0x31, 0x10, 0x00, 0x00, 0x18, 0x08, 0x5A, 0x31, 0x20, 0x08, 0x10, 0x00, 0x10, 0x00,
    0xFF, 0x18, 0xFF, 0x18, 0xFF, 0x10, 0xFF, 0x18, 0xFF, 0x20, 0xFF, 0x20, 0xFF, 0x20, 0xFF, 0x18,
    0xFF, 0x18, 0xFF, 0x18, 0xFF, 0x10, 0xFF, 0x10, 0xFF, 0x18, 0xFF, 0x31, 0xFF, 0x5A, 0xFF, 0x94,
    0x18, 0x08, 0x18, 0x08, 0x10, 0x00, 0x18, 0x08, 0x20, 0x10, 0x20, 0x10, 0x20, 0x10, 0x18, 0x08,
    0x18, 0x08, 0x18, 0x08, 0x10, 0x00, 0x10, 0x00, 0x18, 0x08, 0x29, 0x18, 0x5A, 0x5A, 0x94, 0x94,
    0xFF, 0x18, 0xFF, 0x20, 0xFF, 0x20, 0xFF, 0x20, 0xFF, 0x20, 0xFF, 0x20, 0xFF, 0x20, 0xFF, 0x18,
    0xFF, 0x10, 0xFF, 0x18, 0xFF, 0x10, 0xFF, 0x10, 0xFF, 0x8B, 0xFF, 0x52, 0xFF, 0x52, 0xFF, 0x39,
    0x18, 0x08, 0x20, 0x10, 0x20, 0x10, 0x20, 0x10, 0x20, 0x10, 0x20, 0x10, 0x20, 0x10, 0x18, 0x08,
    0x10, 0x00, 0x18, 0x08, 0x10, 0x00, 0x10, 0x00, 0x8B, 0x8B, 0x52, 0x41, 0x4A, 0x52, 0x31, 0x20,
    0xFF, 0x18, 0xFF, 0x20, 0xFF, 0x00, 0xFF, 0x39, 0xFF, 0x18, 0xFF, 0x10, 0xFF, 0x00, 0xFF, 0x73,
    0xFF, 0x18, 0xFF, 0x20, 0xFF, 0x20, 0xFF, 0x52, 0xFF, 0x39, 0xFF, 0x52, 0xFF, 0x5A, 0xFF, 0x39,
    0x18, 0x08, 0x20, 0x20, 0x00, 0x00, 0x29, 0x18, 0x18, 0x08, 0x10, 0x00, 0x00, 0x00, 0x31, 0x10,
    0x18, 0x08, 0x20, 0x20, 0x20, 0x10, 0x31, 0x18, 0x31, 0x20, 0x41, 0x31, 0x4A, 0x39, 0x31, 0x20,
    0xFF, 0xCD, 0xFF, 0x94, 0xFF, 0x00, 0xFF, 0x29, 0xFF, 0xCD, 0xFF, 0x73, 0xFF, 0x00, 0xFF, 0x29,
    0xFF, 0x7B, 0xFF, 0x94, 0xFF, 0x73, 0xFF, 0x94, 0xFF, 0x39, 0xFF, 0x39, 0xFF, 0x5A, 0xFF, 0x5A,
    0x5A, 0x31, 0x4A, 0x10, 0x00, 0x00, 0x10, 0x00, 0x5A, 0x31, 0x31, 0x10, 0x00, 0x00, 0x10, 0x00,
    0x5A, 0x39, 0x4A, 0x10, 0x31, 0x10, 0x4A, 0x10, 0x31, 0x20, 0x31, 0x20, 0x39, 0x20, 0x4A, 0x39,
    0xFF, 0xB4, 0xFF, 0xE6, 0xFF, 0xBD, 0xFF, 0x39, 0xFF, 0xE6, 0xFF, 0xE6, 0xFF, 0x83, 0xFF, 0x18,
    0xFF, 0x9C, 0xFF, 0x7B, 0xFF, 0x31, 0xFF, 0x31, 0xFF, 0x52, 0xFF, 0x4A, 0xFF, 0x4A, 0xFF, 0x20,
    0x52, 0x08, 0xE6, 0xE6, 0xBD, 0xBD, 0x29, 0x18, 0x7B, 0x52, 0xE6, 0xE6, 0x7B, 0x6A, 0x18, 0x08,
    0x8B, 0x7B, 0x7B, 0x7B, 0x29, 0x18, 0x29, 0x18, 0x41, 0x31, 0x39, 0x20, 0x39, 0x20, 0x20, 0x10,
    0xFF, 0x39, 0xFF, 0x39, 0xFF, 0x31, 0xFF, 0x39, 0xFF, 0x39, 0xFF, 0x39, 0xFF, 0x31, 0xFF, 0x20,
    0xFF, 0x31, 0xFF, 0x18, 0xFF, 0x5A, 0xFF, 0xC5, 0xFF, 0x18, 0xFF, 0x5A, 0xFF, 0xF6, 0xFF, 0xFF,
    0x31, 0x20, 0x31, 0x20, 0x29, 0x18, 0x29, 0x18, 0x29, 0x18, 0x29, 0x18, 0x18, 0x08, 0x20, 0x10,
    0x29, 0x18, 0x18, 0x08, 0x5A, 0x5A, 0xC5, 0xC5, 0x18, 0x08, 0x5A, 0x5A, 0xF6, 0xF6, 0xFF, 0xFF,
    0xFF, 0x39, 0xFF, 0x4A, 0xFF, 0x31, 0xFF, 0x39, 0xFF, 0x52, 0xFF, 0x94, 0xFF, 0xB4, 0xFF, 0x94,
    0xFF, 0xFF, 0xFF, 0xFF, 0xFF, 0xFF, 0xFF, 0xFF, 0xFF, 0xFF, 0xFF, 0xFF, 0xFF, 0xFF, 0xFF, 0xFF,
    0x29, 0x18, 0x39, 0x20, 0x29, 0x18, 0x20, 0x08, 0x52, 0x41, 0x8B, 0x83, 0xB4, 0xB4, 0x8B, 0x83,
    0xFF, 0xFF, 0xFF, 0xFF, 0xFF, 0xFF, 0xFF, 0xFF, 0xFF, 0xFF, 0xFF, 0xFF, 0xFF, 0xFF, 0xFF, 0xFF,
    0xFF, 0x39, 0xFF, 0x4A, 0xFF, 0x4A, 0xFF, 0x52, 0xFF, 0x52, 0xFF, 0x39, 0xFF, 0x4A, 0xFF, 0x4A,
    0xFF, 0xFF, 0xFF, 0x7B, 0xFF, 0x31, 0xFF, 0x4A, 0xFF, 0xFF, 0xFF, 0xCD, 0xFF, 0x31, 0xFF, 0x31,
    0x29, 0x00, 0x31, 0x08, 0x31, 0x08, 0x39, 0x10, 0x41, 0x31, 0x29, 0x00, 0x31, 0x08, 0x31, 0x08,
    0xFF, 0xFF, 0x62, 0x5A, 0x18, 0x08, 0x31, 0x08, 0xFF, 0xFF, 0xCD, 0xCD, 0x20, 0x00, 0x20, 0x00,
    0xFF, 0x62, 0xFF, 0x6A, 0xFF, 0x6A, 0xFF, 0x6A, 0xFF, 0x52, 0xFF, 0x52, 0xFF, 0x62, 0xFF, 0x62,
    0xFF, 0x39, 0xFF, 0x52, 0xFF, 0x52, 0xFF, 0x62, 0xFF, 0x39, 0xFF, 0x39, 0xFF, 0x4A, 0xFF, 0x4A,
    0x41, 0x10, 0x4A, 0x18, 0x4A, 0x18, 0x4A, 0x18, 0x39, 0x10, 0x39, 0x10, 0x41, 0x10, 0x41, 0x10,
    0x29, 0x00, 0x39, 0x10, 0x39, 0x10, 0x41, 0x10, 0x29, 0x00, 0x29, 0x00, 0x31, 0x08, 0x31, 0x08,
    0xFF, 0x52, 0xFF, 0x41, 0xFF, 0x31, 0xFF, 0x31, 0xFF, 0x5A, 0xFF, 0x41, 0xFF, 0x39, 0xFF, 0x20,
    0xFF, 0x52, 0xFF, 0x41, 0xFF, 0x29, 0xFF, 0x5A, 0xFF, 0x52, 0xFF, 0x4A, 0xFF, 0x5A, 0xFF, 0xAC,
    0x39, 0x10, 0x31, 0x18, 0x29, 0x18, 0x29, 0x18, 0x41, 0x20, 0x31, 0x18, 0x29, 0x18, 0x20, 0x10,
    0x39, 0x10, 0x31, 0x18, 0x10, 0x00, 0x4A, 0x39, 0x39, 0x10, 0x31, 0x08, 0x4A, 0x39, 0xAC, 0xAC,
    0xFF, 0x31, 0xFF, 0x6A, 0xFF, 0x73, 0xFF, 0x7B, 0xFF, 0x52, 0xFF, 0x6A, 0xFF, 0x6A, 0xFF, 0x62,
    0xFF, 0x6A, 0xFF, 0x62, 0xFF, 0x62, 0xFF, 0x62, 0xFF, 0x94, 0xFF, 0x62, 0xFF, 0x62, 0xFF, 0x62,
    0x29, 0x18, 0x41, 0x29, 0x4A, 0x31, 0x52, 0x31, 0x39, 0x20, 0x41, 0x29, 0x41, 0x29, 0x41, 0x29,
    0x52, 0x41, 0x41, 0x29, 0x41, 0x29, 0x41, 0x29, 0x83, 0x73, 0x41, 0x29, 0x41, 0x29, 0x41, 0x29,
    0xFF, 0x6A, 0xFF, 0x6A, 0xFF, 0x62, 0xFF, 0x6A, 0xFF, 0x62, 0xFF, 0x62, 0xFF, 0x62, 0xFF, 0x5A,
    0xFF, 0x62, 0xFF, 0x5A, 0xFF, 0x62, 0xFF, 0x5A, 0xFF, 0x62, 0xFF, 0x5A, 0xFF, 0x5A, 0xFF, 0x52,
    0x41, 0x29, 0x4A, 0x31, 0x41, 0x29, 0x41, 0x29, 0x41, 0x29, 0x39, 0x20, 0x41, 0x29, 0x31, 0x18,
    0x41, 0x29, 0x39, 0x20, 0x41, 0x29, 0x39, 0x20, 0x41, 0x29, 0x39, 0x20, 0x39, 0x20, 0x39, 0x20,
    0xFF, 0x73, 0xFF, 0x62, 0xFF, 0x62, 0xFF, 0x7B, 0xFF, 0x6A, 0xFF, 0x62, 0xFF, 0x62, 0xFF, 0x5A,
    0xFF, 0x62, 0xFF, 0x62, 0xFF, 0x5A, 0xFF, 0x5A, 0xFF, 0x5A, 0xFF, 0x52, 0xFF, 0x52, 0xFF, 0x41,
    0x73, 0x73, 0x62, 0x62, 0x62, 0x62, 0x73, 0x62, 0x6A, 0x6A, 0x62, 0x62, 0x62, 0x62, 0x5A, 0x5A,
    0x62, 0x62, 0x62, 0x62, 0x5A, 0x5A, 0x5A, 0x5A, 0x5A, 0x5A, 0x52, 0x52, 0x4A, 0x52, 0x41, 0x41,
    0xFF, 0xAC, 0xFF, 0xBD, 0xFF, 0xAC, 0xFF, 0xB4, 0xFF, 0x6A, 0xFF, 0xAC, 0xFF, 0xE6, 0xFF, 0xCD,
    0xFF, 0x52, 0xFF, 0x4A, 0xFF, 0x73, 0xFF, 0xF6, 0xFF, 0x41, 0xFF, 0x39, 0xFF, 0x31, 0xFF, 0x94,
    0x83, 0x62, 0x94, 0x73, 0x83, 0x62, 0x8B, 0x6A, 0x6A, 0x6A, 0x83, 0x62, 0xB4, 0x8B, 0xA4, 0x83,
    0x4A, 0x52, 0x4A, 0x4A, 0x6A, 0x5A, 0xC5, 0x9C, 0x41, 0x41, 0x39, 0x39, 0x31, 0x31, 0x83, 0x73,
    0xFF, 0xB4, 0xFF, 0xB4, 0xFF, 0xB4, 0xFF, 0xB4, 0xFF, 0xCD, 0xFF, 0xCD, 0xFF, 0xD5, 0xFF, 0xCD,
    0xFF, 0xE6, 0xFF, 0xE6, 0xFF, 0xF6, 0xFF, 0xF6, 0xFF, 0xF6, 0xFF, 0xF6, 0xFF, 0xFF, 0xFF, 0xF6,
    0x8B, 0x6A, 0x8B, 0x6A, 0x8B, 0x6A, 0x8B, 0x6A, 0xA4, 0x83, 0xA4, 0x83, 0xB4, 0x8B, 0xA4, 0x83,
    0xBD, 0x94, 0xBD, 0x94, 0xC5, 0x9C, 0xC5, 0x9C, 0xC5, 0x9C, 0xCD, 0xAC, 0xD5, 0xAC, 0xCD, 0xAC,
    0xFF, 0xAC, 0xFF, 0xAC, 0xFF, 0xA4, 0xFF, 0x83, 0xFF, 0xD5, 0xFF, 0xCD, 0xFF, 0xC5, 0xFF, 0xBD,
    0xFF, 0xF6, 0xFF, 0xF6, 0xFF, 0xF6, 0xFF, 0xF6, 0xFF, 0xFF, 0xFF, 0xFF, 0xFF, 0xFF, 0xFF, 0xFF,
    0x83, 0x62, 0x83, 0x62, 0x7B, 0x62, 0x62, 0x41, 0xB4, 0x8B, 0xA4, 0x83, 0xA4, 0x7B, 0x94, 0x73,
    0xC5, 0x9C, 0xCD, 0xAC, 0xC5, 0x9C, 0xCD, 0xAC, 0xD5, 0xAC, 0xD5, 0xAC, 0xD5, 0xAC, 0xE6, 0xBD,
    0xFF, 0x4A, 0xFF, 0x52, 0xFF, 0x4A, 0xFF, 0x39, 0xFF, 0x83, 0xFF, 0x39, 0xFF, 0x4A, 0xFF, 0x31,
    0xFF, 0xD5, 0xFF, 0x7B, 0xFF, 0x4A, 0xFF, 0x4A, 0xFF, 0xFF, 0xFF, 0xF6, 0xFF, 0xF6, 0xFF, 0xD5,
    0x31, 0x08, 0x39, 0x10, 0x31, 0x08, 0x29, 0x00, 0x62, 0x41, 0x29, 0x00, 0x31, 0x08, 0x20, 0x00,
    0xB4, 0x8B, 0x52, 0x31, 0x31, 0x08, 0x31, 0x08, 0xE6, 0xBD, 0xCD, 0xAC, 0xC5, 0x9C, 0xB4, 0x8B,
    0xFF, 0x41, 0xFF, 0xE6, 0xFF, 0xFF, 0xFF, 0xD5, 0xFF, 0x9C, 0xFF, 0xFF, 0xFF, 0xFF, 0xFF, 0xFF,
    0xFF, 0xDE, 0xFF, 0xFF, 0xFF, 0xFF, 0xFF, 0xFF, 0xFF, 0xFF, 0xFF, 0xFF, 0xFF, 0xFF, 0xFF, 0xF6,
    0x31, 0x18, 0xE6, 0xE6, 0xFF, 0xFF, 0xD5, 0xCD, 0x8B, 0x7B, 0xFF, 0xFF, 0xFF, 0xFF, 0xFF, 0xFF,
    0xDE, 0xDE, 0xFF, 0xFF, 0xFF, 0xFF, 0xFF, 0xFF, 0xFF, 0xFF, 0xFF, 0xFF, 0xFF, 0xFF, 0xF6, 0xF6,
    0xFF, 0x4A, 0xFF, 0x18, 0xFF, 0x52, 0xFF, 0x6A, 0xFF, 0xDE, 0xFF, 0x41, 0xFF, 0x52, 0xFF, 0xDE,
    0xFF, 0xF6, 0xFF, 0xB4, 0xFF, 0xEE, 0xFF, 0xFF, 0xFF, 0xCD, 0xFF, 0xD5, 0xFF, 0xFF, 0xFF, 0xFF,
    0x4A, 0x4A, 0x18, 0x08, 0x39, 0x20, 0x4A, 0x31, 0xDE, 0xDE, 0x39, 0x31, 0x52, 0x41, 0xDE, 0xDE,
    0xF6, 0xF6, 0xAC, 0xAC, 0xEE, 0xEE, 0xFF, 0xFF, 0xCD, 0xCD, 0xD5, 0xCD, 0xFF, 0xFF, 0xFF, 0xFF,
    0xFF, 0x52, 0xFF, 0x7B, 0xFF, 0x94, 0xFF, 0x94, 0xFF, 0xFF, 0xFF, 0xFF, 0xFF, 0xFF, 0xFF, 0xFF,
    0xFF, 0xFF, 0xFF, 0xFF, 0xFF, 0xFF, 0xFF, 0xFF, 0xFF, 0xFF, 0xFF, 0xFF, 0xFF, 0xFF, 0xFF, 0xFF,
    0x52, 0x41, 0x7B, 0x7B, 0x83, 0x73, 0x8B, 0x83, 0xFF, 0xFF, 0xFF, 0xFF, 0xFF, 0xFF, 0xFF, 0xFF,
    0xFF, 0xFF, 0xFF, 0xFF, 0xFF, 0xFF, 0xFF, 0xFF, 0xFF, 0xFF, 0xFF, 0xFF, 0xFF, 0xFF, 0xFF, 0xFF,
    0xFF, 0xBD, 0xFF, 0xEE, 0xFF, 0xFF, 0xFF, 0xFF, 0xFF, 0xFF, 0xFF, 0xFF, 0xFF, 0xFF, 0xFF, 0xFF,
    0xFF, 0xFF, 0xFF, 0xFF, 0xFF, 0xFF, 0xFF, 0xFF, 0xFF, 0xFF, 0xFF, 0xFF, 0xFF, 0xFF, 0xFF, 0xFF,
    0xBD, 0xBD, 0xEE, 0xEE, 0xFF, 0xFF, 0xFF, 0xFF, 0xFF, 0xFF, 0xFF, 0xFF, 0xFF, 0xFF, 0xFF, 0xFF,
    0xFF, 0xFF, 0xFF, 0xFF, 0xFF, 0xFF, 0xFF, 0xFF, 0xFF, 0xFF, 0xFF, 0xFF, 0xFF, 0xFF, 0xFF, 0xFF,
    0xFF, 0xFF, 0xFF, 0xFF, 0xFF, 0xEE, 0xFF, 0xD5, 0xFF, 0xFF, 0xFF, 0xFF, 0xFF, 0xFF, 0xFF, 0xFF,
    0xFF, 0xFF, 0xFF, 0xFF, 0xFF, 0xFF, 0xFF, 0xFF, 0xFF, 0xFF, 0xFF, 0xFF, 0xFF, 0xFF, 0xFF, 0xEE,
    0xFF, 0xFF, 0xFF, 0xFF, 0xEE, 0xEE, 0xD5, 0xD5, 0xFF, 0xFF, 0xFF, 0xFF, 0xFF, 0xFF, 0xFF, 0xFF,
    0xFF, 0xFF, 0xFF, 0xFF, 0xFF, 0xFF, 0xFF, 0xFF, 0xFF, 0xFF, 0xFF, 0xFF, 0xFF, 0xF6, 0xEE, 0xEE,
    0xFF, 0xA4, 0xFF, 0x52, 0xFF, 0x39, 0xFF, 0x39, 0xFF, 0xFF, 0xFF, 0xBD, 0xFF, 0x5A, 0xFF, 0x5A,
    0xFF, 0xFF, 0xFF, 0xFF, 0xFF, 0xEE, 0xFF, 0xD5, 0xFF, 0xEE, 0xFF, 0xFF, 0xFF, 0xFF, 0xFF, 0xFF,
    0xA4, 0xA4, 0x41, 0x31, 0x29, 0x18, 0x29, 0x18, 0xFF, 0xFF, 0xBD, 0xBD, 0x4A, 0x39, 0x5A, 0x5A,
    0xFF, 0xFF, 0xFF, 0xFF, 0xEE, 0xEE, 0xD5, 0xCD, 0xEE, 0xEE, 0xFF, 0xFF, 0xFF, 0xFF, 0xFF, 0xFF,
    0xFF, 0x39, 0xFF, 0x39, 0xFF, 0x41, 0xFF, 0x5A, 0xFF, 0x7B, 0xFF, 0x83, 0xFF, 0x94, 0xFF, 0x94,
    0xFF, 0xCD, 0xFF, 0xD5, 0xFF, 0xD5, 0xFF, 0xD5, 0xFF, 0xFF, 0xFF, 0xEE, 0xFF, 0xEE, 0xFF, 0xF6,
    0x29, 0x18, 0x31, 0x20, 0x39, 0x31, 0x4A, 0x39, 0x7B, 0x7B, 0x83, 0x83, 0x8B, 0x83, 0x8B, 0x83,
    0xCD, 0xCD, 0xD5, 0xCD, 0xD5, 0xCD, 0xD5, 0xD5, 0xFF, 0xFF, 0xEE, 0xEE, 0xEE, 0xEE, 0xF6, 0xF6,
    0xFF, 0x52, 0xFF, 0x73, 0xFF, 0x31, 0xFF, 0x10, 0xFF, 0x94, 0xFF, 0x9C, 0xFF, 0x7B, 0xFF, 0x62,
    0xFF, 0xD5, 0xFF, 0xD5, 0xFF, 0xDE, 0xFF, 0xE6, 0xFF, 0xFF, 0xFF, 0xFF, 0xFF, 0xFF, 0xFF, 0xFF,
    0x52, 0x41, 0x6A, 0x5A, 0x29, 0x18, 0x10, 0x00, 0x94, 0x94, 0x9C, 0x9C, 0x7B, 0x7B, 0x62, 0x62,
    0xD5, 0xD5, 0xD5, 0xD5, 0xDE, 0xDE, 0xE6, 0xE6, 0xFF, 0xFF, 0xFF, 0xFF, 0xFF, 0xFF, 0xFF, 0xFF,
    0xFF, 0x52, 0xFF, 0xE6, 0xFF, 0xFF, 0xFF, 0xFF, 0xFF, 0xBD, 0xFF, 0xEE, 0xFF, 0xFF, 0xFF, 0xFF,
    0xFF, 0xE6, 0xFF, 0xFF, 0xFF, 0xFF, 0xFF, 0xFF, 0xFF, 0xFF, 0xFF, 0xFF, 0xFF, 0xFF, 0xFF, 0xFF,
    0x52, 0x41, 0xE6, 0xE6, 0xFF, 0xFF, 0xFF, 0xFF, 0xBD, 0xBD, 0xEE, 0xEE, 0xFF, 0xFF, 0xFF, 0xFF,
    0xE6, 0xE6, 0xFF, 0xF6, 0xFF, 0xFF, 0xFF, 0xFF, 0xFF, 0xFF, 0xFF, 0xFF, 0xFF, 0xFF, 0xFF, 0xFF,
    0xFF, 0xFF, 0xFF, 0xFF, 0xFF, 0xFF, 0xFF, 0xFF, 0xFF, 0xFF, 0xFF, 0xFF, 0xFF, 0xFF, 0xFF, 0xFF,
    0xFF, 0xFF, 0xFF, 0xFF, 0xFF, 0xFF, 0xFF, 0xFF, 0xFF, 0xFF, 0xFF, 0xFF, 0xFF, 0xFF, 0xFF, 0xFF,
    0xFF, 0xFF, 0xFF, 0xFF, 0xFF, 0xFF, 0xFF, 0xFF, 0xFF, 0xFF, 0xFF, 0xFF, 0xFF, 0xFF, 0xFF, 0xFF,
    0xFF, 0xFF, 0xFF, 0xFF, 0xFF, 0xFF, 0xFF, 0xFF, 0xFF, 0xFF, 0xFF, 0xFF, 0xFF, 0xFF, 0xFF, 0xFF,
    0xFF, 0xFF, 0xFF, 0xFF, 0xFF, 0x5A, 0xFF, 0x29, 0xFF, 0xFF, 0xFF, 0xFF, 0xFF, 0xA4, 0xFF, 0x29,
    0xFF, 0xFF, 0xFF, 0xFF, 0xFF, 0xEE, 0xFF, 0x6A, 0xFF, 0xFF, 0xFF, 0xFF, 0xFF, 0xFF, 0xFF, 0x83,
    0xFF, 0xFF, 0xFF, 0xFF, 0x4A, 0x39, 0x10, 0x00, 0xFF, 0xFF, 0xFF, 0xFF, 0xA4, 0x9C, 0x10, 0x00,
    0xFF, 0xFF, 0xFF, 0xFF, 0xEE, 0xEE, 0x4A, 0x31, 0xFF, 0xFF, 0xFF, 0xFF, 0xFF, 0xF6, 0x7B, 0x6A,
    0xFF, 0x31, 0xFF, 0x39, 0xFF, 0x39, 0xFF, 0x4A, 0xFF, 0x39, 0xFF, 0x4A, 0xFF, 0x7B, 0xFF, 0x5A,
    0xFF, 0x4A, 0xFF, 0x52, 0xFF, 0x7B, 0xFF, 0x7B, 0xFF, 0x4A, 0xFF, 0x4A, 0xFF, 0x7B, 0xFF, 0x83,
    0x20, 0x00, 0x29, 0x00, 0x29, 0x00, 0x31, 0x08, 0x29, 0x00, 0x31, 0x08, 0x52, 0x31, 0x39, 0x20,
    0x20, 0x08, 0x31, 0x18, 0x5A, 0x39, 0x52, 0x31, 0x20, 0x08, 0x20, 0x08, 0x52, 0x31, 0x5A, 0x39,
    0xFF, 0x10, 0xFF, 0x52, 0xFF, 0xBD, 0xFF, 0xBD, 0xFF, 0x00, 0xFF, 0x4A, 0xFF, 0xBD, 0xFF, 0xBD,
    0xFF, 0x10, 0xFF, 0x73, 0xFF, 0xBD, 0xFF, 0xBD, 0xFF, 0x52, 0xFF, 0x94, 0xFF, 0xBD, 0xFF, 0xBD,
    0x10, 0x00, 0x4A, 0x52, 0xBD, 0xBD, 0xBD, 0xBD, 0x00, 0x00, 0x4A, 0x4A, 0xBD, 0xBD, 0xBD, 0xBD,
    0x10, 0x00, 0x73, 0x73, 0xBD, 0xBD, 0xBD, 0xBD, 0x39, 0x20, 0x94, 0x94, 0xBD, 0xBD, 0xBD, 0xBD,
    0xFF, 0xAC, 0xFF, 0x62, 0xFF, 0x5A, 0xFF, 0x62, 0xFF, 0xA4, 0xFF, 0x6A, 0xFF, 0x73, 0xFF, 0x62,
    0xFF, 0x83, 0xFF, 0x6A, 0xFF, 0x62, 0xFF, 0x6A, 0xFF, 0x7B, 0xFF, 0x62, 0xFF, 0x6A, 0xFF, 0x62,
    0xA4, 0x94, 0x41, 0x29, 0x39, 0x20, 0x41, 0x29, 0xA4, 0x9C, 0x4A, 0x31, 0x4A, 0x31, 0x41, 0x29,
    0x7B, 0x6A, 0x41, 0x29, 0x41, 0x29, 0x41, 0x29, 0x73, 0x62, 0x41, 0x29, 0x4A, 0x31, 0x41, 0x29,
    0xFF, 0x5A, 0xFF, 0x5A, 0xFF, 0x52, 0xFF, 0x5A, 0xFF, 0x6A, 0xFF, 0x5A, 0xFF, 0x62, 0xFF, 0x52,
    0xFF, 0x5A, 0xFF, 0x5A, 0xFF, 0x52, 0xFF, 0x52, 0xFF, 0x62, 0xFF, 0x62, 0xFF, 0x62, 0xFF, 0x5A,
    0x39, 0x20, 0x39, 0x20, 0x39, 0x20, 0x39, 0x20, 0x41, 0x29, 0x31, 0x18, 0x41, 0x29, 0x39, 0x20,
    0x39, 0x20, 0x39, 0x20, 0x39, 0x20, 0x39, 0x20, 0x41, 0x29, 0x41, 0x29, 0x39, 0x20, 0x39, 0x20,
    0xFF, 0x41, 0xFF, 0x39, 0xFF, 0x31, 0xFF, 0x39, 0xFF, 0x39, 0xFF, 0x31, 0xFF, 0x39, 0xFF, 0x39,
    0xFF, 0x39, 0xFF, 0x39, 0xFF, 0x39, 0xFF, 0x39, 0xFF, 0x41, 0xFF, 0x41, 0xFF, 0x4A, 0xFF, 0x62,
    0x41, 0x41, 0x39, 0x39, 0x31, 0x31, 0x39, 0x39, 0x39, 0x39, 0x31, 0x31, 0x39, 0x39, 0x39, 0x39,
    0x39, 0x39, 0x39, 0x39, 0x39, 0x39, 0x39, 0x39, 0x41, 0x41, 0x41, 0x41, 0x4A, 0x4A, 0x62, 0x62,
    0xFF, 0x31, 0xFF, 0x39, 0xFF, 0x31, 0xFF, 0x41, 0xFF, 0x41, 0xFF, 0x39, 0xFF, 0x41, 0xFF, 0x39,
    0xFF, 0x39, 0xFF, 0x41, 0xFF, 0x41, 0xFF, 0x4A, 0xFF, 0x73, 0xFF, 0x5A, 0xFF, 0x52, 0xFF, 0x52,
    0x31, 0x31, 0x39, 0x39, 0x31, 0x31, 0x41, 0x41, 0x41, 0x41, 0x39, 0x39, 0x41, 0x41, 0x39, 0x39,
    0x39, 0x39, 0x41, 0x41, 0x41, 0x41, 0x4A, 0x4A, 0x73, 0x73, 0x5A, 0x5A, 0x52, 0x52, 0x4A, 0x52,
    0xFF, 0xBD, 0xFF, 0xF6, 0xFF, 0xF6, 0xFF, 0xF6, 0xFF, 0x52, 0xFF, 0xC5, 0xFF, 0xE6, 0xFF, 0xF6,
    0xFF, 0x41, 0xFF, 0x7B, 0xFF, 0xCD, 0xFF, 0xE6, 0xFF, 0x52, 0xFF, 0x4A, 0xFF, 0xA4, 0xFF, 0xCD,
    0x94, 0x73, 0xC5, 0x9C, 0xC5, 0x9C, 0xCD, 0xAC, 0x4A, 0x52, 0xA4, 0x7B, 0xBD, 0x94, 0xC5, 0x9C,
    0x41, 0x41, 0x73, 0x62, 0xA4, 0x83, 0xBD, 0x94, 0x4A, 0x52, 0x4A, 0x4A, 0x7B, 0x62, 0xA4, 0x83,
    0xFF, 0xFF, 0xFF, 0xFF, 0xFF, 0xFF, 0xFF, 0xFF, 0xFF, 0xFF, 0xFF, 0xFF, 0xFF, 0xFF, 0xFF, 0xFF,
    0xFF, 0xF6, 0xFF, 0xFF, 0xFF, 0xFF, 0xFF, 0xFF, 0xFF, 0xE6, 0xFF, 0xF6, 0xFF, 0xFF, 0xFF, 0xFF,
    0xD5, 0xAC, 0xE6, 0xBD, 0xE6, 0xBD, 0xEE, 0xC5, 0xD5, 0xAC, 0xE6, 0xBD, 0xEE, 0xC5, 0xEE, 0xC5,
    0xC5, 0x9C, 0xD5, 0xAC, 0xD5, 0xAC, 0xEE, 0xC5, 0xB4, 0x8B, 0xC5, 0x9C, 0xD5, 0xAC, 0xE6, 0xBD,
    0xFF, 0xFF, 0xFF, 0xFF, 0xFF, 0xFF, 0xFF, 0xFF, 0xFF, 0xFF, 0xFF, 0xFF, 0xFF, 0xFF, 0xFF, 0xFF,
    0xFF, 0xFF, 0xFF, 0xFF, 0xFF, 0xFF, 0xFF, 0xFF, 0xFF, 0xFF, 0xFF, 0xFF, 0xFF, 0xFF, 0xFF, 0xFF,
    0xEE, 0xC5, 0xF6, 0xD5, 0xE6, 0xBD, 0xF6, 0xD5, 0xFF, 0xC5, 0xF6, 0xD5, 0xEE, 0xC5, 0xFF, 0xF6,
    0xEE, 0xC5, 0xF6, 0xD5, 0xF6, 0xD5, 0xFF, 0xF6, 0xEE, 0xC5, 0xEE, 0xC5, 0xF6, 0xD5, 0xF6, 0xD5,
    0xFF, 0xFF, 0xFF, 0xFF, 0xFF, 0xFF, 0xFF, 0xEE, 0xFF, 0xFF, 0xFF, 0xFF, 0xFF, 0xFF, 0xFF, 0xFF,
    0xFF, 0xFF, 0xFF, 0xFF, 0xFF, 0xFF, 0xFF, 0xFF, 0xFF, 0xFF, 0xFF, 0xFF, 0xFF, 0xFF, 0xFF, 0xFF,
    0xFF, 0xFF, 0xFF, 0xFF, 0xFF, 0xF6, 0xEE, 0xEE, 0xFF, 0xFF, 0xFF, 0xFF, 0xFF, 0xFF, 0xFF, 0xFF,
    0xFF, 0xFF, 0xFF, 0xFF, 0xFF, 0xFF, 0xFF, 0xFF, 0xFF, 0xF6, 0xFF, 0xFF, 0xFF, 0xFF, 0xFF, 0xFF,
    0xFF, 0xEE, 0xFF, 0xFF, 0xFF, 0xEE, 0xFF, 0xEE, 0xFF, 0xFF, 0xFF, 0xFF, 0xFF, 0xD5, 0xFF, 0x8B,
    0xFF, 0xFF, 0xFF, 0xFF, 0xFF, 0xEE, 0xFF, 0xBD, 0xFF, 0xFF, 0xFF, 0xFF, 0xFF, 0xFF, 0xFF, 0xE6,
    0xEE, 0xEE, 0xFF, 0xF6, 0xEE, 0xEE, 0xEE, 0xEE, 0xFF, 0xFF, 0xFF, 0xFF, 0xD5, 0xCD, 0x8B, 0x8B,
    0xFF, 0xFF, 0xFF, 0xFF, 0xEE, 0xEE, 0xBD, 0xBD, 0xFF, 0xFF, 0xFF, 0xFF, 0xFF, 0xFF, 0xE6, 0xE6,
    0xFF, 0xFF, 0xFF, 0xFF, 0xFF, 0xFF, 0xFF, 0xFF, 0xFF, 0xD5, 0xFF, 0xFF, 0xFF, 0xFF, 0xFF, 0xFF,
    0xFF, 0xA4, 0xFF, 0xD5, 0xFF, 0xFF, 0xFF, 0xFF, 0xFF, 0xD5, 0xFF, 0xAC, 0xFF, 0xDE, 0xFF, 0xF6,
    0xFF, 0xFF, 0xFF, 0xFF, 0xFF, 0xFF, 0xFF, 0xFF, 0xD5, 0xCD, 0xFF, 0xFF, 0xFF, 0xFF, 0xFF, 0xFF,
    0xA4, 0xA4, 0xD5, 0xD5, 0xFF, 0xF6, 0xFF, 0xFF, 0xD5, 0xCD, 0xAC, 0xAC, 0xDE, 0xDE, 0xF6, 0xF6,
    0xFF, 0xFF, 0xFF, 0xFF, 0xFF, 0xFF, 0xFF, 0xFF, 0xFF, 0xFF, 0xFF, 0xFF, 0xFF, 0xF6, 0xFF, 0xBD,
    0xFF, 0xFF, 0xFF, 0xEE, 0xFF, 0xBD, 0xFF, 0x83, 0xFF, 0xEE, 0xFF, 0xC5, 0xFF, 0x8B, 0xFF, 0xA4,
    0xFF, 0xFF, 0xFF, 0xFF, 0xFF, 0xFF, 0xFF, 0xF6, 0xFF, 0xFF, 0xFF, 0xFF, 0xF6, 0xF6, 0xBD, 0xBD,
    0xFF, 0xFF, 0xEE, 0xEE, 0xBD, 0xBD, 0x83, 0x83, 0xEE, 0xEE, 0xC5, 0xC5, 0x8B, 0x8B, 0xA4, 0x9C,
    0xFF, 0xCD, 0xFF, 0xA4, 0xFF, 0xC5, 0xFF, 0xD5, 0xFF, 0x7B, 0xFF, 0x8B, 0xFF, 0xA4, 0xFF, 0xE6,
    0xFF, 0xB4, 0xFF, 0xBD, 0xFF, 0xCD, 0xFF, 0xFF, 0xFF, 0xB4, 0xFF, 0xCD, 0xFF, 0xFF, 0xFF, 0xFF,
    0xCD, 0xCD, 0xA4, 0x9C, 0xC5, 0xC5, 0xD5, 0xCD, 0x7B, 0x7B, 0x8B, 0x8B, 0xA4, 0xA4, 0xE6, 0xE6,
    0xAC, 0xAC, 0xBD, 0xBD, 0xCD, 0xCD, 0xFF, 0xFF, 0xAC, 0xAC, 0xCD, 0xCD, 0xFF, 0xFF, 0xFF, 0xFF,
    0xFF, 0xEE, 0xFF, 0xFF, 0xFF, 0xFF, 0xFF, 0xFF, 0xFF, 0xFF, 0xFF, 0xFF, 0xFF, 0xFF, 0xFF, 0xFF,
    0xFF, 0xFF, 0xFF, 0xFF, 0xFF, 0xFF, 0xFF, 0xFF, 0xFF, 0xFF, 0xFF, 0xFF, 0xFF, 0xFF, 0xFF, 0xFF,
    0xEE, 0xEE, 0xFF, 0xFF, 0xFF, 0xFF, 0xFF, 0xFF, 0xFF, 0xFF, 0xFF, 0xFF, 0xFF, 0xFF, 0xFF, 0xFF,
    0xFF, 0xFF, 0xFF, 0xFF, 0xFF, 0xFF, 0xFF, 0xFF, 0xFF, 0xFF, 0xFF, 0xFF, 0xFF, 0xFF, 0xFF, 0xFF,
    0xFF, 0xFF, 0xFF, 0xFF, 0xFF, 0xFF, 0xFF, 0xFF, 0xFF, 0xFF, 0xFF, 0xFF, 0xFF, 0xFF, 0xFF, 0xFF,
    0xFF, 0xFF, 0xFF, 0xFF, 0xFF, 0xFF, 0xFF, 0xFF, 0xFF, 0xFF, 0xFF, 0xFF, 0xFF, 0xFF, 0xFF, 0xFF,
    0xFF, 0xFF, 0xFF, 0xFF, 0xFF, 0xFF, 0xFF, 0xFF, 0xFF, 0xFF, 0xFF, 0xFF, 0xFF, 0xFF, 0xFF, 0xFF,
    0xFF, 0xFF, 0xFF, 0xFF, 0xFF, 0xFF, 0xFF, 0xFF, 0xFF, 0xFF, 0xFF, 0xFF, 0xFF, 0xFF, 0xFF, 0xFF,
    0xFF, 0xFF, 0xFF, 0xFF, 0xFF, 0xFF, 0xFF, 0xFF, 0xFF, 0xFF, 0xFF, 0xFF, 0xFF, 0xFF, 0xFF, 0xFF,
    0xFF, 0xFF, 0xFF, 0xFF, 0xFF, 0xFF, 0xFF, 0xFF, 0xFF, 0xFF, 0xFF, 0xFF, 0xFF, 0xFF, 0xFF, 0xCD,
    0xFF, 0xFF, 0xFF, 0xFF, 0xFF, 0xFF, 0xFF, 0xFF, 0xFF, 0xFF, 0xFF, 0xFF, 0xFF, 0xFF, 0xFF, 0xFF,
    0xFF, 0xFF, 0xFF, 0xFF, 0xFF, 0xFF, 0xFF, 0xFF, 0xFF, 0xFF, 0xFF, 0xFF, 0xFF, 0xFF, 0xCD, 0xCD,
    0xFF, 0xFF, 0xFF, 0xFF, 0xFF, 0xFF, 0xFF, 0xFF, 0xFF, 0xFF, 0xFF, 0xFF, 0xFF, 0xFF, 0xFF, 0xD5,
    0xFF, 0xFF, 0xFF, 0xFF, 0xFF, 0xFF, 0xFF, 0xBD, 0xFF, 0xE6, 0xFF, 0xEE, 0xFF, 0xE6, 0xFF, 0x83,
    0xFF, 0xFF, 0xFF, 0xFF, 0xFF, 0xFF, 0xFF, 0xF6, 0xFF, 0xFF, 0xFF, 0xFF, 0xFF, 0xFF, 0xD5, 0xCD,
    0xFF, 0xFF, 0xFF, 0xFF, 0xFF, 0xFF, 0xBD, 0xBD, 0xE6, 0xE6, 0xEE, 0xEE, 0xE6, 0xE6, 0x83, 0x8B,
    0xFF, 0xFF, 0xFF, 0xFF, 0xFF, 0xFF, 0xFF, 0xFF, 0xFF, 0xD5, 0xFF, 0xF6, 0xFF, 0xF6, 0xFF, 0xE6,
    0xFF, 0x94, 0xFF, 0xBD, 0xFF, 0xB4, 0xFF, 0x94, 0xFF, 0x73, 0xFF, 0x73, 0xFF, 0x62, 0xFF, 0x5A,
    0xFF, 0xFF, 0xFF, 0xFF, 0xFF, 0xFF, 0xFF, 0xFF, 0xD5, 0xCD, 0xF6, 0xF6, 0xF6, 0xF6, 0xE6, 0xE6,
    0x94, 0x94, 0xBD, 0xBD, 0xAC, 0xAC, 0x94, 0x94, 0x73, 0x73, 0x73, 0x73, 0x62, 0x62, 0x5A, 0x5A,
    0xFF, 0xFF, 0xFF, 0xE6, 0xFF, 0xBD, 0xFF, 0x7B, 0xFF, 0xD5, 0xFF, 0x9C, 0xFF, 0x94, 0xFF, 0x6A,
    0xFF, 0x7B, 0xFF, 0x83, 0xFF, 0x83, 0xFF, 0x6A, 0xFF, 0x73, 0xFF, 0x94, 0xFF, 0x83, 0xFF, 0x6A,
    0xFF, 0xFF, 0xE6, 0xE6, 0xBD, 0xBD, 0x62, 0x5A, 0xD5, 0xCD, 0x9C, 0x9C, 0x94, 0x94, 0x52, 0x41,
    0x7B, 0x7B, 0x83, 0x83, 0x83, 0x83, 0x52, 0x41, 0x73, 0x73, 0x94, 0x94, 0x83, 0x83, 0x4A, 0x31,
    0xFF, 0x52, 0xFF, 0x52, 0xFF, 0x6A, 0xFF, 0x7B, 0xFF, 0x6A, 0xFF, 0x62, 0xFF, 0x73, 0xFF, 0x83,
    0xFF, 0x62, 0xFF, 0x6A, 0xFF, 0x83, 0xFF, 0x8B, 0xFF, 0x62, 0xFF, 0x6A, 0xFF, 0x8B, 0xFF, 0x8B,
    0x31, 0x18, 0x31, 0x18, 0x41, 0x29, 0x5A, 0x39, 0x41, 0x29, 0x39, 0x20, 0x4A, 0x31, 0x5A, 0x39,
    0x41, 0x29, 0x41, 0x29, 0x5A, 0x39, 0x62, 0x4A, 0x41, 0x29, 0x41, 0x29, 0x62, 0x4A, 0x62, 0x4A,
    0xFF, 0x7B, 0xFF, 0xB4, 0xFF, 0xB4, 0xFF, 0xB4, 0xFF, 0x94, 0xFF, 0xBD, 0xFF, 0xBD, 0xFF, 0xA4,
    0xFF, 0x9C, 0xFF, 0xBD, 0xFF, 0xBD, 0xFF, 0x94, 0xFF, 0xA4, 0xFF, 0xB4, 0xFF, 0xBD, 0xFF, 0x83,
    0x5A, 0x39, 0xAC, 0xAC, 0xB4, 0xB4, 0xAC, 0xAC, 0x7B, 0x62, 0xBD, 0xBD, 0xBD, 0xBD, 0xA4, 0xA4,
    0x8B, 0x7B, 0xBD, 0xBD, 0xBD, 0xBD, 0x8B, 0x83, 0xA4, 0xA4, 0xB4, 0xB4, 0xBD, 0xBD, 0x7B, 0x6A,
    0xFF, 0x73, 0xFF, 0x6A, 0xFF, 0x73, 0xFF, 0x73, 0xFF, 0x7B, 0xFF, 0x6A, 0xFF, 0x73, 0xFF, 0x6A,
    0xFF, 0x7B, 0xFF, 0x7B, 0xFF, 0x6A, 0xFF, 0x6A, 0xFF, 0x8B, 0xFF, 0x7B, 0xFF, 0x6A, 0xFF, 0x6A,
    0x5A, 0x4A, 0x41, 0x29, 0x4A, 0x31, 0x4A, 0x31, 0x5A, 0x39, 0x41, 0x29, 0x4A, 0x31, 0x41, 0x29,
    0x5A, 0x39, 0x5A, 0x39, 0x41, 0x29, 0x4A, 0x31, 0x62, 0x4A, 0x52, 0x31, 0x41, 0x29, 0x41, 0x29,
    0xFF, 0x6A, 0xFF, 0x62, 0xFF, 0x5A, 0xFF, 0x5A, 0xFF, 0x6A, 0xFF, 0x62, 0xFF, 0x62, 0xFF, 0x62,
    0xFF, 0x6A, 0xFF, 0x6A, 0xFF, 0x62, 0xFF, 0x62, 0xFF, 0x6A, 0xFF, 0x62, 0xFF, 0x62, 0xFF, 0x62,
    0x41, 0x29, 0x39, 0x20, 0x31, 0x18, 0x31, 0x18, 0x41, 0x29, 0x39, 0x20, 0x41, 0x29, 0x39, 0x20,
    0x41, 0x29, 0x41, 0x29, 0x39, 0x20, 0x39, 0x20, 0x41, 0x29, 0x41, 0x29, 0x39, 0x20, 0x39, 0x20,
    0xFF, 0x4A, 0xFF, 0x52, 0xFF, 0x4A, 0xFF, 0x83, 0xFF, 0x52, 0xFF, 0x52, 0xFF, 0x52, 0xFF, 0x94,
    0xFF, 0x52, 0xFF, 0x52, 0xFF, 0x52, 0xFF, 0xA4, 0xFF, 0x5A, 0xFF, 0x5A, 0xFF, 0x6A, 0xFF, 0xA4,
    0x4A, 0x4A, 0x4A, 0x52, 0x4A, 0x4A, 0x83, 0x83, 0x4A, 0x52, 0x4A, 0x52, 0x4A, 0x52, 0x94, 0x94,
    0x4A, 0x52, 0x4A, 0x52, 0x52, 0x52, 0xA4, 0xA4, 0x5A, 0x5A, 0x5A, 0x5A, 0x6A, 0x6A, 0xA4, 0xA4,
    0xFF, 0xBD, 0xFF, 0xB4, 0xFF, 0xAC, 0xFF, 0x8B, 0xFF, 0xBD, 0xFF, 0xBD, 0xFF, 0xA4, 0xFF, 0x73,
    0xFF, 0xBD, 0xFF, 0x8B, 0xFF, 0x62, 0xFF, 0x6A, 0xFF, 0x83, 0xFF, 0x62, 0xFF, 0x62, 0xFF, 0x6A,
    0xBD, 0xBD, 0xB4, 0xB4, 0xAC, 0xAC, 0x8B, 0x8B, 0xBD, 0xBD, 0xBD, 0xBD, 0xA4, 0x9C, 0x73, 0x73,
    0xBD, 0xBD, 0x8B, 0x8B, 0x62, 0x62, 0x6A, 0x6A, 0x83, 0x83, 0x62, 0x62, 0x62, 0x62, 0x6A, 0x6A,
    0xFF, 0x73, 0xFF, 0x52, 0xFF, 0x52, 0xFF, 0xB4, 0xFF, 0x94, 0xFF, 0x5A, 0xFF, 0x5A, 0xFF, 0x73,
    0xFF, 0x8B, 0xFF, 0x62, 0xFF, 0x6A, 0xFF, 0x6A, 0xFF, 0x83, 0xFF, 0x6A, 0xFF, 0x6A, 0xFF, 0x62,
    0x73, 0x73, 0x4A, 0x52, 0x4A, 0x52, 0x8B, 0x6A, 0x94, 0x94, 0x5A, 0x5A, 0x5A, 0x5A, 0x6A, 0x5A,
    0x8B, 0x8B, 0x62, 0x62, 0x6A, 0x6A, 0x6A, 0x6A, 0x83, 0x83, 0x6A, 0x6A, 0x6A, 0x6A, 0x62, 0x62,
    0xFF, 0xCD, 0xFF, 0xE6, 0xFF, 0xF6, 0xFF, 0xF6, 0xFF, 0xC5, 0xFF, 0xCD, 0xFF, 0xE6, 0xFF, 0xE6,
    0xFF, 0x83, 0xFF, 0xBD, 0xFF, 0xC5, 0xFF, 0xE6, 0xFF, 0x62, 0xFF, 0x94, 0xFF, 0xBD, 0xFF, 0xC5,
    0xA4, 0x83, 0xB4, 0x8B, 0xC5, 0x9C, 0xCD, 0xAC, 0xA4, 0x7B, 0xA4, 0x83, 0xBD, 0x94, 0xBD, 0x94,
    0x7B, 0x6A, 0x94, 0x73, 0xA4, 0x7B, 0xB4, 0x8B, 0x62, 0x62, 0x7B, 0x62, 0x94, 0x73, 0xA4, 0x7B,
    0xFF, 0xFF, 0xFF, 0xFF, 0xFF, 0xFF, 0xFF, 0xFF, 0xFF, 0xF6, 0xFF, 0xFF, 0xFF, 0xFF, 0xFF, 0xFF,
    0xFF, 0xE6, 0xFF, 0xF6, 0xFF, 0xFF, 0xFF, 0xFF, 0xFF, 0xE6, 0xFF, 0xE6, 0xFF, 0xE6, 0xFF, 0xF6,
    0xD5, 0xAC, 0xE6, 0xBD, 0xEE, 0xC5, 0xFF, 0xC5, 0xCD, 0xAC, 0xD5, 0xAC, 0xE6, 0xBD, 0xE6, 0xBD,
    0xBD, 0x94, 0xCD, 0xAC, 0xD5, 0xAC, 0xD5, 0xAC, 0xB4, 0x8B, 0xB4, 0x8B, 0xBD, 0x94, 0xC5, 0x9C,
    0xFF, 0xDE, 0xFF, 0xEE, 0xFF, 0xFF, 0xFF, 0xFF, 0xFF, 0xDE, 0xFF, 0xC5, 0xFF, 0xFF, 0xFF, 0xFF,
    0xFF, 0xF6, 0xFF, 0xDE, 0xFF, 0xFF, 0xFF, 0xFF, 0xFF, 0xF6, 0xFF, 0xFF, 0xFF, 0xFF, 0xFF, 0xFF,
    0xCD, 0xBD, 0xEE, 0xEE, 0xFF, 0xFF, 0xFF, 0xFF, 0xCD, 0xBD, 0xC5, 0xC5, 0xFF, 0xFF, 0xFF, 0xFF,
    0xCD, 0xAC, 0xCD, 0xBD, 0xFF, 0xFF, 0xFF, 0xFF, 0xCD, 0xAC, 0xEE, 0xC5, 0xFF, 0xFF, 0xFF, 0xFF,
    0xFF, 0xFF, 0xFF, 0xFF, 0xFF, 0xFF, 0xFF, 0xFF, 0xFF, 0xFF, 0xFF, 0xFF, 0xFF, 0xFF, 0xFF, 0xFF,
    0xFF, 0xFF, 0xFF, 0xFF, 0xFF, 0xFF, 0xFF, 0xFF, 0xFF, 0xFF, 0xFF, 0xF6, 0xFF, 0xEE, 0xFF, 0xEE,
    0xFF, 0xFF, 0xFF, 0xFF, 0xFF, 0xFF, 0xFF, 0xFF, 0xFF, 0xFF, 0xFF, 0xFF, 0xFF, 0xFF, 0xFF, 0xF6,
    0xFF, 0xFF, 0xFF, 0xFF, 0xFF, 0xFF, 0xFF, 0xF6, 0xFF, 0xFF, 0xF6, 0xF6, 0xEE, 0xEE, 0xEE, 0xEE,
    0xFF, 0xE6, 0xFF, 0xBD, 0xFF, 0xB4, 0xFF, 0xDE, 0xFF, 0xF6, 0xFF, 0xD5, 0xFF, 0xB4, 0xFF, 0xBD,
    0xFF, 0xEE, 0xFF, 0xEE, 0xFF, 0xC5, 0xFF, 0xA4, 0xFF, 0xEE, 0xFF, 0xDE, 0xFF, 0xC5, 0xFF, 0xA4,
    0xE6, 0xE6, 0xBD, 0xBD, 0xB4, 0xB4, 0xDE, 0xDE, 0xF6, 0xF6, 0xD5, 0xD5, 0xB4, 0xB4, 0xBD, 0xBD,
    0xEE, 0xEE, 0xEE, 0xEE, 0xC5, 0xC5, 0xA4, 0x9C, 0xEE, 0xEE, 0xDE, 0xDE, 0xC5, 0xC5, 0xA4, 0x9C,
    0xFF, 0xD5, 0xFF, 0xB4, 0xFF, 0x94, 0xFF, 0xA4, 0xFF, 0xBD, 0xFF, 0xA4, 0xFF, 0x9C, 0xFF, 0xBD,
    0xFF, 0xA4, 0xFF, 0x94, 0xFF, 0x9C, 0xFF, 0xCD, 0xFF, 0x8B, 0xFF, 0x83, 0xFF, 0x9C, 0xFF, 0xBD,
    0xD5, 0xD5, 0xAC, 0xAC, 0x94, 0x94, 0xA4, 0x9C, 0xBD, 0xBD, 0xA4, 0xA4, 0x9C, 0x9C, 0xBD, 0xBD,
    0xA4, 0x9C, 0x94, 0x94, 0x9C, 0x9C, 0xCD, 0xCD, 0x8B, 0x8B, 0x83, 0x8B, 0x9C, 0x9C, 0xBD, 0xBD,
    0xFF, 0xBD, 0xFF, 0xF6, 0xFF, 0xFF, 0xFF, 0xFF, 0xFF, 0xE6, 0xFF, 0xEE, 0xFF, 0xFF, 0xFF, 0xFF,
    0xFF, 0xE6, 0xFF, 0xEE, 0xFF, 0xEE, 0xFF, 0xF6, 0xFF, 0xD5, 0xFF, 0xD5, 0xFF, 0xD5, 0xFF, 0xD5,
    0xBD, 0xBD, 0xF6, 0xF6, 0xFF, 0xF6, 0xFF, 0xFF, 0xE6, 0xE6, 0xEE, 0xEE, 0xFF, 0xF6, 0xFF, 0xFF,
    0xE6, 0xE6, 0xEE, 0xEE, 0xEE, 0xEE, 0xF6, 0xF6, 0xD5, 0xCD, 0xD5, 0xD5, 0xD5, 0xD5, 0xD5, 0xD5,
    0xFF, 0xFF, 0xFF, 0xFF, 0xFF, 0xFF, 0xFF, 0xFF, 0xFF, 0xFF, 0xFF, 0xFF, 0xFF, 0xFF, 0xFF, 0xFF,
    0xFF, 0xFF, 0xFF, 0xFF, 0xFF, 0xFF, 0xFF, 0xFF, 0xFF, 0xDE, 0xFF, 0xDE, 0xFF, 0xE6, 0xFF, 0xEE,
    0xFF, 0xFF, 0xFF, 0xFF, 0xFF, 0xFF, 0xFF, 0xFF, 0xFF, 0xFF, 0xFF, 0xFF, 0xFF, 0xFF, 0xFF, 0xFF,
    0xFF, 0xF6, 0xFF, 0xFF, 0xFF, 0xFF, 0xFF, 0xFF, 0xDE, 0xDE, 0xDE, 0xDE, 0xE6, 0xE6, 0xEE, 0xEE,
    0xFF, 0xFF, 0xFF, 0xFF, 0xFF, 0xFF, 0xFF, 0xFF, 0xFF, 0xFF, 0xFF, 0xFF, 0xFF, 0xFF, 0xFF, 0xFF,
    0xFF, 0xFF, 0xFF, 0xFF, 0xFF, 0xFF, 0xFF, 0xFF, 0xFF, 0xEE, 0xFF, 0xF6, 0xFF, 0xFF, 0xFF, 0xEE,
    0xFF, 0xFF, 0xFF, 0xFF, 0xFF, 0xFF, 0xFF, 0xFF, 0xFF, 0xFF, 0xFF, 0xFF, 0xFF, 0xFF, 0xFF, 0xFF,
    0xFF, 0xFF, 0xFF, 0xFF, 0xFF, 0xFF, 0xFF, 0xFF, 0xEE, 0xEE, 0xF6, 0xF6, 0xFF, 0xFF, 0xEE, 0xEE,
    0xFF, 0xDE, 0xFF, 0xDE, 0xFF, 0xD5, 0xFF, 0x6A, 0xFF, 0xAC, 0xFF, 0x73, 0xFF, 0x62, 0xFF, 0x20,
    0xFF, 0x83, 0xFF, 0x39, 0xFF, 0x31, 0xFF, 0x31, 0xFF, 0x52, 0xFF, 0x5A, 0xFF, 0x41, 0xFF, 0x4A,
    0xDE, 0xDE, 0xDE, 0xDE, 0xD5, 0xCD, 0x6A, 0x6A, 0xAC, 0xAC, 0x73, 0x73, 0x62, 0x62, 0x20, 0x20,
    0x83, 0x83, 0x39, 0x39, 0x31, 0x31, 0x31, 0x31, 0x4A, 0x52, 0x5A, 0x5A, 0x41, 0x41, 0x4A, 0x4A,
    0xFF, 0x5A, 0xFF, 0x73, 0xFF, 0x52, 0xFF, 0x39, 0xFF, 0x31, 0xFF, 0x39, 0xFF, 0x31, 0xFF, 0x31,
    0xFF, 0x52, 0xFF, 0x62, 0xFF, 0x52, 0xFF, 0x52, 0xFF, 0x73, 0xFF, 0x73, 0xFF, 0x52, 0xFF, 0x62,
    0x5A, 0x5A, 0x73, 0x73, 0x52, 0x52, 0x39, 0x39, 0x29, 0x39, 0x39, 0x39, 0x31, 0x31, 0x31, 0x31,
    0x4A, 0x52, 0x62, 0x62, 0x4A, 0x52, 0x4A, 0x52, 0x73, 0x73, 0x73, 0x73, 0x52, 0x52, 0x62, 0x62,
    0xFF, 0x4A, 0xFF, 0x4A, 0xFF, 0x52, 0xFF, 0x62, 0xFF, 0x41, 0xFF, 0x52, 0xFF, 0x62, 0xFF, 0x83,
    0xFF, 0x5A, 0xFF, 0x6A, 0xFF, 0x83, 0xFF, 0xB4, 0xFF, 0x73, 0xFF, 0x83, 0xFF, 0xBD, 0xFF, 0xD5,
    0x4A, 0x4A, 0x4A, 0x4A, 0x4A, 0x52, 0x62, 0x62, 0x41, 0x41, 0x52, 0x52, 0x62, 0x62, 0x83, 0x83,
    0x5A, 0x5A, 0x6A, 0x6A, 0x83, 0x83, 0xB4, 0xB4, 0x73, 0x73, 0x83, 0x8B, 0xBD, 0xBD, 0xD5, 0xD5,
    0xFF, 0x94, 0xFF, 0xA4, 0xFF, 0x73, 0xFF, 0x5A, 0xFF, 0xBD, 0xFF, 0xAC, 0xFF, 0x52, 0xFF, 0x52,
    0xFF, 0xD5, 0xFF, 0x9C, 0xFF, 0x41, 0xFF, 0x4A, 0xFF, 0xD5, 0xFF, 0x83, 0xFF, 0x41, 0xFF, 0x41,
    0x94, 0x94, 0xA4, 0xA4, 0x73, 0x73, 0x39, 0x20, 0xBD, 0xBD, 0xAC, 0xAC, 0x52, 0x41, 0x31, 0x18,
    0xD5, 0xCD, 0x9C, 0x9C, 0x31, 0x18, 0x29, 0x10, 0xD5, 0xCD, 0x83, 0x83, 0x20, 0x10, 0x31, 0x18,
    0xFF, 0x5A, 0xFF, 0x7B, 0xFF, 0x8B, 0xFF, 0x9C, 0xFF, 0x62, 0xFF, 0x83, 0xFF, 0x8B, 0xFF, 0x94,
    0xFF, 0x62, 0xFF, 0x94, 0xFF, 0x83, 0xFF, 0xA4, 0xFF, 0x7B, 0xFF, 0x94, 0xFF, 0x8B, 0xFF, 0xA4,
    0x39, 0x20, 0x52, 0x31, 0x52, 0x31, 0x73, 0x5A, 0x39, 0x20, 0x5A, 0x39, 0x62, 0x4A, 0x83, 0x73,
    0x41, 0x29, 0x73, 0x52, 0x62, 0x41, 0x94, 0x8B, 0x5A, 0x39, 0x73, 0x52, 0x62, 0x4A, 0xA4, 0xA4,
    0xFF, 0xB4, 0xFF, 0xB4, 0xFF, 0xAC, 0xFF, 0x9C, 0xFF, 0xBD, 0xFF, 0xB4, 0xFF, 0xA4, 0xFF, 0x8B,
    0xFF, 0xB4, 0xFF, 0xBD, 0xFF, 0x94, 0xFF, 0x7B, 0xFF, 0xBD, 0xFF, 0xB4, 0xFF, 0x83, 0xFF, 0x83,
    0xB4, 0xB4, 0xB4, 0xB4, 0xAC, 0xAC, 0x9C, 0x9C, 0xBD, 0xBD, 0xB4, 0xB4, 0xA4, 0xA4, 0x8B, 0x8B,
    0xB4, 0xB4, 0xBD, 0xBD, 0x94, 0x94, 0x7B, 0x7B, 0xBD, 0xBD, 0xB4, 0xB4, 0x83, 0x8B, 0x83, 0x83,
    0xFF, 0xAC, 0xFF, 0x94, 0xFF, 0x62, 0xFF, 0x62, 0xFF, 0xB4, 0xFF, 0xB4, 0xFF, 0xA4, 0xFF, 0x83,
    0xFF, 0x83, 0xFF, 0x8B, 0xFF, 0x9C, 0xFF, 0xA4, 0xFF, 0x83, 0xFF, 0x83, 0xFF, 0x83, 0xFF, 0x83,
    0xA4, 0x94, 0x6A, 0x52, 0x41, 0x29, 0x39, 0x20, 0xAC, 0xAC, 0xAC, 0xAC, 0x94, 0x8B, 0x62, 0x41,
    0x83, 0x83, 0x8B, 0x8B, 0x9C, 0x9C, 0xA4, 0xA4, 0x83, 0x8B, 0x83, 0x8B, 0x83, 0x8B, 0x83, 0x8B,
    0xFF, 0x62, 0xFF, 0x62, 0xFF, 0x62, 0xFF, 0x62, 0xFF, 0x6A, 0xFF, 0x62, 0xFF, 0x62, 0xFF, 0x62,
    0xFF, 0x94, 0xFF, 0x73, 0xFF, 0x62, 0xFF, 0x62, 0xFF, 0x94, 0xFF, 0x9C, 0xFF, 0x94, 0xFF, 0x7B,
    0x39, 0x20, 0x41, 0x29, 0x41, 0x29, 0x39, 0x20, 0x41, 0x29, 0x39, 0x20, 0x41, 0x29, 0x39, 0x20,
    0x94, 0x94, 0x5A, 0x4A, 0x39, 0x20, 0x39, 0x20, 0x94, 0x94, 0x9C, 0x9C, 0x8B, 0x83, 0x62, 0x5A,
    0xFF, 0x52, 0xFF, 0x6A, 0xFF, 0x6A, 0xFF, 0x73, 0xFF, 0x39, 0xFF, 0x62, 0xFF, 0x73, 0xFF, 0x6A,
    0xFF, 0x31, 0xFF, 0x41, 0xFF, 0x62, 0xFF, 0x62, 0xFF, 0x31, 0xFF, 0x31, 0xFF, 0x4A, 0xFF, 0x62,
    0x4A, 0x52, 0x6A, 0x6A, 0x6A, 0x6A, 0x73, 0x73, 0x39, 0x39, 0x62, 0x62, 0x73, 0x73, 0x6A, 0x6A,
    0x31, 0x31, 0x41, 0x41, 0x62, 0x62, 0x62, 0x62, 0x31, 0x31, 0x31, 0x31, 0x4A, 0x4A, 0x62, 0x62,
    0xFF, 0x62, 0xFF, 0x62, 0xFF, 0x62, 0xFF, 0x6A, 0xFF, 0x6A, 0xFF, 0x62, 0xFF, 0x62, 0xFF, 0x62,
    0xFF, 0x62, 0xFF, 0x62, 0xFF, 0x5A, 0xFF, 0x5A, 0xFF, 0x5A, 0xFF, 0x52, 0xFF, 0x52, 0xFF, 0x4A,
    0x62, 0x62, 0x62, 0x62, 0x62, 0x62, 0x6A, 0x6A, 0x6A, 0x6A, 0x62, 0x62, 0x62, 0x62, 0x62, 0x62,
    0x62, 0x62, 0x62, 0x62, 0x5A, 0x5A, 0x5A, 0x5A, 0x5A, 0x5A, 0x52, 0x52, 0x4A, 0x52, 0x4A, 0x4A,
    0xFF, 0x73, 0xFF, 0x62, 0xFF, 0x6A, 0xFF, 0x62, 0xFF, 0x62, 0xFF, 0x5A, 0xFF, 0x52, 0xFF, 0x52,
    0xFF, 0x52, 0xFF, 0x4A, 0xFF, 0x41, 0xFF, 0x41, 0xFF, 0x41, 0xFF, 0x39, 0xFF, 0x39, 0xFF, 0x31,
    0x73, 0x73, 0x62, 0x62, 0x62, 0x52, 0x62, 0x62, 0x62, 0x62, 0x5A, 0x5A, 0x52, 0x52, 0x4A, 0x52,
    0x4A, 0x52, 0x4A, 0x4A, 0x41, 0x41, 0x41, 0x41, 0x41, 0x41, 0x39, 0x39, 0x39, 0x39, 0x31, 0x31,
    0xFF, 0x52, 0xFF, 0x52, 0xFF, 0x94, 0xFF, 0xB4, 0xFF, 0x4A, 0xFF, 0x41, 0xFF, 0x52, 0xFF, 0xAC,
    0xFF, 0x39, 0xFF, 0x31, 0xFF, 0x41, 0xFF, 0x9C, 0xFF, 0x31, 0xFF, 0x20, 0xFF, 0x20, 0xFF, 0x7B,
    0x52, 0x52, 0x52, 0x52, 0x7B, 0x62, 0x8B, 0x6A, 0x4A, 0x4A, 0x41, 0x41, 0x52, 0x41, 0x83, 0x62,
    0x39, 0x39, 0x31, 0x31, 0x39, 0x31, 0x73, 0x5A, 0x31, 0x31, 0x20, 0x20, 0x20, 0x20, 0x5A, 0x39,
    0xFF, 0xB4, 0xFF, 0xCD, 0xFF, 0xD5, 0xFF, 0xE6, 0xFF, 0xB4, 0xFF, 0xBD, 0xFF, 0xCD, 0xFF, 0xC5,
    0xFF, 0xA4, 0xFF, 0xB4, 0xFF, 0xAC, 0xFF, 0xBD, 0xFF, 0xA4, 0xFF, 0xA4, 0xFF, 0xAC, 0xFF, 0xAC,
    0x8B, 0x6A, 0xA4, 0x83, 0xB4, 0x8B, 0xBD, 0x94, 0x8B, 0x6A, 0x94, 0x73, 0xA4, 0x83, 0xA4, 0x7B,
    0x7B, 0x62, 0x8B, 0x6A, 0x83, 0x62, 0x94, 0x73, 0x7B, 0x62, 0x7B, 0x62, 0x83, 0x62, 0x83, 0x62,
    0xFF, 0xE6, 0xFF, 0xF6, 0xFF, 0xFF, 0xFF, 0xEE, 0xFF, 0xE6, 0xFF, 0xDE, 0xFF, 0xDE, 0xFF, 0xD5,
    0xFF, 0xBD, 0xFF, 0xC5, 0xFF, 0x83, 0xFF, 0x94, 0xFF, 0xAC, 0xFF, 0xB4, 0xFF, 0xAC, 0xFF, 0x7B,
    0xBD, 0x94, 0xF6, 0xF6, 0xFF, 0xF6, 0xEE, 0xEE, 0xB4, 0x8B, 0xCD, 0xBD, 0xDE, 0xDE, 0xD5, 0xCD,
    0x94, 0x73, 0xA4, 0x7B, 0x83, 0x83, 0x94, 0x94, 0x83, 0x62, 0x8B, 0x6A, 0x83, 0x62, 0x62, 0x5A,
    0xFF, 0xE6, 0xFF, 0xD5, 0xFF, 0xCD, 0xFF, 0xCD, 0xFF, 0xCD, 0xFF, 0xBD, 0xFF, 0xB4, 0xFF, 0xB4,
    0xFF, 0x9C, 0xFF, 0x94, 0xFF, 0x83, 0xFF, 0x83, 0xFF, 0x52, 0xFF, 0x52, 0xFF, 0x52, 0xFF, 0x4A,
    0xE6, 0xE6, 0xD5, 0xD5, 0xCD, 0xCD, 0xCD, 0xCD, 0xCD, 0xCD, 0xBD, 0xBD, 0xB4, 0xB4, 0xAC, 0xAC,
    0x9C, 0x9C, 0x94, 0x94, 0x83, 0x8B, 0x83, 0x83, 0x4A, 0x5A, 0x4A, 0x5A, 0x4A, 0x5A, 0x4A, 0x4A,
    0xFF, 0xC5, 0xFF, 0xBD, 0xFF, 0xA4, 0xFF, 0x8B, 0xFF, 0xAC, 0xFF, 0x94, 0xFF, 0x7B, 0xFF, 0x62,
    0xFF, 0x73, 0xFF, 0x62, 0xFF, 0x52, 0xFF, 0x52, 0xFF, 0x4A, 0xFF, 0x39, 0xFF, 0x41, 0xFF, 0x39,
    0xC5, 0xC5, 0xBD, 0xBD, 0xA4, 0xA4, 0x8B, 0x8B, 0xAC, 0xAC, 0x94, 0x94, 0x7B, 0x7B, 0x62, 0x62,
    0x73, 0x73, 0x62, 0x62, 0x4A, 0x52, 0x4A, 0x52, 0x4A, 0x4A, 0x39, 0x39, 0x41, 0x41, 0x39, 0x39,
    0xFF, 0x73, 0xFF, 0x62, 0xFF, 0x73, 0xFF, 0x94, 0xFF, 0x52, 0xFF, 0x39, 0xFF, 0x41, 0xFF, 0x52,
    0xFF, 0x41, 0xFF, 0x31, 0xFF, 0x31, 0xFF, 0x39, 0xFF, 0x31, 0xFF, 0x31, 0xFF, 0x31, 0xFF, 0x31,
    0x73, 0x73, 0x62, 0x62, 0x73, 0x73, 0x94, 0x94, 0x4A, 0x52, 0x39, 0x39, 0x41, 0x41, 0x52, 0x52,
    0x41, 0x41, 0x31, 0x31, 0x31, 0x31, 0x39, 0x39, 0x29, 0x39, 0x29, 0x39, 0x29, 0x39, 0x29, 0x39,
    0xFF, 0xA4, 0xFF, 0xB4, 0xFF, 0xBD, 0xFF, 0xBD, 0xFF, 0x62, 0xFF, 0x73, 0xFF, 0x8B, 0xFF, 0x94,
    0xFF, 0x41, 0xFF, 0x52, 0xFF, 0x52, 0xFF, 0x5A, 0xFF, 0x31, 0xFF, 0x31, 0xFF, 0x31, 0xFF, 0x29,
    0xA4, 0xA4, 0xB4, 0xB4, 0xBD, 0xBD, 0xBD, 0xBD, 0x62, 0x62, 0x73, 0x73, 0x8B, 0x8B, 0x94, 0x94,
    0x41, 0x41, 0x4A, 0x52, 0x4A, 0x52, 0x5A, 0x5A, 0x29, 0x39, 0x29, 0x39, 0x31, 0x31, 0x29, 0x29,
    0xFF, 0xBD, 0xFF, 0xBD, 0xFF, 0xC5, 0xFF, 0xCD, 0xFF, 0x94, 0xFF, 0x94, 0xFF, 0x9C, 0xFF, 0x9C,
    0xFF, 0x62, 0xFF, 0x5A, 0xFF, 0x52, 0xFF, 0x52, 0xFF, 0x31, 0xFF, 0x31, 0xFF, 0x31, 0xFF, 0x31,
    0xBD, 0xBD, 0xBD, 0xBD, 0xC5, 0xC5, 0xCD, 0xCD, 0x94, 0x94, 0x94, 0x94, 0x9C, 0x9C, 0x9C, 0x9C,
    0x62, 0x62, 0x5A, 0x5A, 0x4A, 0x5A, 0x4A, 0x52, 0x29, 0x39, 0x29, 0x39, 0x29, 0x39, 0x29, 0x39,
    0xFF, 0xCD, 0xFF, 0xD5, 0xFF, 0xC5, 0xFF, 0x8B, 0xFF, 0x9C, 0xFF, 0x83, 0xFF, 0x6A, 0xFF, 0x39,
    0xFF, 0x41, 0xFF, 0x39, 0xFF, 0x31, 0xFF, 0x20, 0xFF, 0x39, 0xFF, 0x39, 0xFF, 0x4A, 0xFF, 0x29,
    0xCD, 0xCD, 0xD5, 0xCD, 0xC5, 0xC5, 0x8B, 0x8B, 0x9C, 0x9C, 0x83, 0x83, 0x6A, 0x6A, 0x39, 0x39,
    0x41, 0x41, 0x39, 0x39, 0x29, 0x39, 0x20, 0x20, 0x39, 0x39, 0x39, 0x39, 0x4A, 0x4A, 0x29, 0x29,
    0xFF, 0x41, 0xFF, 0x9C, 0xFF, 0x20, 0xFF, 0x41, 0xFF, 0x41, 0xFF, 0x4A, 0xFF, 0x20, 0xFF, 0x18,
    0xFF, 0x18, 0xFF, 0x10, 0xFF, 0x4A, 0xFF, 0x10, 0xFF, 0x20, 0xFF, 0x18, 0xFF, 0xA4, 0xFF, 0x31,
    0x41, 0x41, 0x9C, 0x9C, 0x20, 0x20, 0x41, 0x41, 0x41, 0x41, 0x4A, 0x4A, 0x20, 0x20, 0x18, 0x18,
    0x18, 0x18, 0x10, 0x10, 0x4A, 0x4A, 0x10, 0x10, 0x20, 0x20, 0x18, 0x18, 0xA4, 0xA4, 0x31, 0x31,
    0xFF, 0x94, 0xFF, 0x83, 0xFF, 0x62, 0xFF, 0x83, 0xFF, 0xA4, 0xFF, 0x94, 0xFF, 0x7B, 0xFF, 0xA4,
    0xFF, 0x83, 0xFF, 0x83, 0xFF, 0x94, 0xFF, 0xCD, 0xFF, 0x52, 0xFF, 0x8B, 0xFF, 0xB4, 0xFF, 0xEE,
    0x94, 0x94, 0x83, 0x83, 0x62, 0x62, 0x83, 0x83, 0xA4, 0x9C, 0x94, 0x94, 0x7B, 0x7B, 0xA4, 0xA4,
    0x83, 0x83, 0x83, 0x8B, 0x94, 0x94, 0xCD, 0xCD, 0x52, 0x52, 0x8B, 0x8B, 0xB4, 0xB4, 0xEE, 0xEE,
    0xFF, 0x94, 0xFF, 0xBD, 0xFF, 0xDE, 0xFF, 0xE6, 0xFF, 0xBD, 0xFF, 0xE6, 0xFF, 0xEE, 0xFF, 0xDE,
    0xFF, 0xDE, 0xFF, 0xEE, 0xFF, 0xEE, 0xFF, 0xCD, 0xFF, 0xEE, 0xFF, 0xF6, 0xFF, 0xEE, 0xFF, 0xB4,
    0x94, 0x94, 0xBD, 0xBD, 0xDE, 0xDE, 0xE6, 0xE6, 0xBD, 0xBD, 0xE6, 0xE6, 0xEE, 0xEE, 0xDE, 0xDE,
    0xDE, 0xDE, 0xEE, 0xEE, 0xEE, 0xEE, 0xCD, 0xCD, 0xEE, 0xEE, 0xF6, 0xF6, 0xEE, 0xEE, 0xAC, 0xAC,
    0xFF, 0xB4, 0xFF, 0x73, 0xFF, 0x31, 0xFF, 0x41, 0xFF, 0xA4, 0xFF, 0x52, 0xFF, 0x29, 0xFF, 0x52,
    0xFF, 0x8B, 0xFF, 0x4A, 0xFF, 0x41, 0xFF, 0x83, 0xFF, 0x7B, 0xFF, 0x4A, 0xFF, 0x8B, 0xFF, 0x8B,
    0xB4, 0xB4, 0x6A, 0x5A, 0x18, 0x08, 0x20, 0x10, 0xA4, 0xA4, 0x41, 0x31, 0x10, 0x00, 0x31, 0x18,
    0x8B, 0x8B, 0x39, 0x20, 0x20, 0x10, 0x62, 0x41, 0x62, 0x5A, 0x29, 0x10, 0x62, 0x4A, 0x62, 0x4A,
    0xFF, 0x83, 0xFF, 0x94, 0xFF, 0x94, 0xFF, 0xB4, 0xFF, 0x9C, 0xFF, 0x8B, 0xFF, 0x94, 0xFF, 0xBD,
    0xFF, 0x83, 0xFF, 0x94, 0xFF, 0xAC, 0xFF, 0xB4, 0xFF, 0x94, 0xFF, 0xAC, 0xFF, 0xBD, 0xFF, 0xB4,
    0x62, 0x41, 0x73, 0x52, 0x6A, 0x52, 0xAC, 0xAC, 0x7B, 0x52, 0x62, 0x4A, 0x83, 0x73, 0xBD, 0xBD,
    0x62, 0x41, 0x6A, 0x52, 0xA4, 0x94, 0xB4, 0xB4, 0x7B, 0x62, 0xAC, 0xAC, 0xBD, 0xBD, 0xB4, 0xB4,
    0xFF, 0xB4, 0xFF, 0xB4, 0xFF, 0x94, 0xFF, 0x94, 0xFF, 0xBD, 0xFF, 0xA4, 0xFF, 0x9C, 0xFF, 0x94,
    0xFF, 0xB4, 0xFF, 0xAC, 0xFF, 0x9C, 0xFF, 0xB4, 0xFF, 0xBD, 0xFF, 0x9C, 0xFF, 0xBD, 0xFF, 0xBD,
    0xB4, 0xB4, 0xAC, 0xAC, 0x7B, 0x62, 0x7B, 0x62, 0xBD, 0xBD, 0xA4, 0xA4, 0x73, 0x5A, 0x73, 0x52,
    0xB4, 0xB4, 0xA4, 0x94, 0x83, 0x4A, 0x9C, 0x52, 0xB4, 0xC5, 0x94, 0x6A, 0xA4, 0x52, 0xA4, 0x52,
    0xFF, 0x94, 0xFF, 0x7B, 0xFF, 0x7B, 0xFF, 0x7B, 0xFF, 0x94, 0xFF, 0x8B, 0xFF, 0x73, 0xFF, 0x73,
    0xFF, 0xB4, 0xFF, 0x9C, 0xFF, 0x94, 0xFF, 0x83, 0xFF, 0xB4, 0xFF, 0xAC, 0xFF, 0xA4, 0xFF, 0x9C,
    0x7B, 0x62, 0x73, 0x62, 0x62, 0x5A, 0x62, 0x5A, 0x6A, 0x4A, 0x52, 0x31, 0x4A, 0x31, 0x4A, 0x31,
    0x9C, 0x4A, 0x83, 0x4A, 0x6A, 0x4A, 0x5A, 0x39, 0x9C, 0x52, 0x94, 0x4A, 0x94, 0x4A, 0x83, 0x41,
    0xFF, 0x7B, 0xFF, 0x7B, 0xFF, 0x7B, 0xFF, 0x83, 0xFF, 0x7B, 0xFF, 0x73, 0xFF, 0x73, 0xFF, 0x6A,
    0xFF, 0x7B, 0xFF, 0x7B, 0xFF, 0x7B, 0xFF, 0x7B, 0xFF, 0x94, 0xFF, 0x83, 0xFF, 0x83, 0xFF, 0x7B,
    0x62, 0x5A, 0x62, 0x5A, 0x62, 0x5A, 0x83, 0x83, 0x52, 0x31, 0x4A, 0x31, 0x4A, 0x31, 0x41, 0x29,
    0x52, 0x31, 0x5A, 0x39, 0x52, 0x31, 0x52, 0x31, 0x6A, 0x4A, 0x62, 0x41, 0x5A, 0x39, 0x52, 0x31,
    0xFF, 0x41, 0xFF, 0x31, 0xFF, 0x31, 0xFF, 0x4A, 0xFF, 0x7B, 0xFF, 0x39, 0xFF, 0x31, 0xFF, 0x31,
    0xFF, 0x6A, 0xFF, 0x6A, 0xFF, 0x31, 0xFF, 0x31, 0xFF, 0x6A, 0xFF, 0x6A, 0xFF, 0x52, 0xFF, 0x31,
    0x39, 0x31, 0x31, 0x31, 0x31, 0x31, 0x4A, 0x4A, 0x52, 0x31, 0x31, 0x20, 0x31, 0x31, 0x31, 0x31,
    0x4A, 0x18, 0x4A, 0x31, 0x31, 0x31, 0x31, 0x31, 0x41, 0x29, 0x41, 0x29, 0x41, 0x31, 0x31, 0x31,
    0xFF, 0x4A, 0xFF, 0x41, 0xFF, 0x39, 0xFF, 0x39, 0xFF, 0x39, 0xFF, 0x39, 0xFF, 0x31, 0xFF, 0x31,
    0xFF, 0x31, 0xFF, 0x29, 0xFF, 0x20, 0xFF, 0x20, 0xFF, 0x31, 0xFF, 0x29, 0xFF, 0x20, 0xFF, 0x20,
    0x4A, 0x4A, 0x41, 0x41, 0x39, 0x39, 0x39, 0x39, 0x39, 0x39, 0x39, 0x39, 0x31, 0x31, 0x31, 0x31,
    0x31, 0x31, 0x29, 0x29, 0x20, 0x20, 0x20, 0x20, 0x31, 0x31, 0x29, 0x29, 0x20, 0x20, 0x20, 0x20,
    0xFF, 0x31, 0xFF, 0x31, 0xFF, 0x29, 0xFF, 0x20, 0xFF, 0x29, 0xFF, 0x20, 0xFF, 0x20, 0xFF, 0x18,
    0xFF, 0x18, 0xFF, 0x18, 0xFF, 0x31, 0xFF, 0x39, 0xFF, 0x20, 0xFF, 0x18, 0xFF, 0x7B, 0xFF, 0xB4,
    0x31, 0x31, 0x31, 0x31, 0x29, 0x29, 0x20, 0x20, 0x29, 0x29, 0x20, 0x20, 0x20, 0x20, 0x18, 0x18,
    0x18, 0x18, 0x18, 0x18, 0x31, 0x31, 0x39, 0x39, 0x20, 0x20, 0x18, 0x18, 0x7B, 0x7B, 0xB4, 0xB4,
    0xFF, 0x18, 0xFF, 0x18, 0xFF, 0x10, 0xFF, 0x52, 0xFF, 0x20, 0xFF, 0x20, 0xFF, 0x20, 0xFF, 0x39,
    0xFF, 0x18, 0xFF, 0x18, 0xFF, 0x20, 0xFF, 0x31, 0xFF, 0x94, 0xFF, 0x62, 0xFF, 0x41, 0xFF, 0x29,
    0x18, 0x18, 0x18, 0x18, 0x10, 0x10, 0x41, 0x31, 0x20, 0x20, 0x20, 0x20, 0x20, 0x20, 0x31, 0x20,
    0x18, 0x18, 0x18, 0x18, 0x20, 0x20, 0x31, 0x31, 0x94, 0x94, 0x62, 0x62, 0x41, 0x41, 0x29, 0x29,
    0xFF, 0x8B, 0xFF, 0x94, 0xFF, 0x94, 0xFF, 0x9C, 0xFF, 0x83, 0xFF, 0x83, 0xFF, 0x83, 0xFF, 0x83,
    0xFF, 0x5A, 0xFF, 0x6A, 0xFF, 0x73, 0xFF, 0x7B, 0xFF, 0x5A, 0xFF, 0x62, 0xFF, 0x62, 0xFF, 0x62,
    0x62, 0x4A, 0x6A, 0x52, 0x73, 0x52, 0x73, 0x5A, 0x5A, 0x39, 0x5A, 0x39, 0x62, 0x41, 0x62, 0x41,
    0x4A, 0x29, 0x4A, 0x31, 0x4A, 0x31, 0x52, 0x31, 0x39, 0x20, 0x41, 0x29, 0x41, 0x29, 0x41, 0x29,
    0xFF, 0x9C, 0xFF, 0xA4, 0xFF, 0xA4, 0xFF, 0x9C, 0xFF, 0x94, 0xFF, 0x94, 0xFF, 0x94, 0xFF, 0x94,
    0xFF, 0x7B, 0xFF, 0x83, 0xFF, 0x83, 0xFF, 0x94, 0xFF, 0x6A, 0xFF, 0x6A, 0xFF, 0x7B, 0xFF, 0x7B,
    0x73, 0x5A, 0x7B, 0x62, 0x7B, 0x62, 0x73, 0x5A, 0x6A, 0x4A, 0x6A, 0x4A, 0x73, 0x52, 0x73, 0x52,
    0x52, 0x31, 0x5A, 0x39, 0x5A, 0x39, 0x6A, 0x4A, 0x41, 0x29, 0x41, 0x29, 0x52, 0x31, 0x5A, 0x39,
    0xFF, 0x52, 0xFF, 0x6A, 0xFF, 0x41, 0xFF, 0x31, 0xFF, 0x6A, 0xFF, 0xB4, 0xFF, 0x9C, 0xFF, 0x5A,
    0xFF, 0x62, 0xFF, 0x52, 0xFF, 0xB4, 0xFF, 0xAC, 0xFF, 0x83, 0xFF, 0x00, 0xFF, 0x31, 0xFF, 0xCD,
    0x4A, 0x5A, 0x62, 0x73, 0x41, 0x41, 0x29, 0x39, 0x62, 0x52, 0xB4, 0xB4, 0x9C, 0x9C, 0x5A, 0x5A,
    0x41, 0x29, 0x4A, 0x52, 0xB4, 0xB4, 0xAC, 0xAC, 0x5A, 0x39, 0x00, 0x00, 0x31, 0x31, 0xCD, 0xCD,
    0xFF, 0x39, 0xFF, 0x41, 0xFF, 0x18, 0xFF, 0x29, 0xFF, 0x62, 0xFF, 0x62, 0xFF, 0x20, 0xFF, 0x20,
    0xFF, 0x73, 0xFF, 0x7B, 0xFF, 0x31, 0xFF, 0x29, 0xFF, 0x9C, 0xFF, 0xAC, 0xFF, 0x62, 0xFF, 0x41,
    0x39, 0x39, 0x41, 0x41, 0x18, 0x18, 0x29, 0x29, 0x62, 0x62, 0x5A, 0x6A, 0x20, 0x20, 0x20, 0x20,
    0x73, 0x73, 0x7B, 0x7B, 0x29, 0x39, 0x29, 0x29, 0x9C, 0x9C, 0xAC, 0xAC, 0x5A, 0x6A, 0x41, 0x41,
    0xFF, 0x31, 0xFF, 0x41, 0xFF, 0x20, 0xFF, 0x29, 0xFF, 0x62, 0xFF, 0x52, 0xFF, 0x20, 0xFF, 0x29,
    0xFF, 0x83, 0xFF, 0x73, 0xFF, 0x29, 0xFF, 0x31, 0xFF, 0x73, 0xFF, 0x73, 0xFF, 0x39, 0xFF, 0x39,
    0x31, 0x31, 0x41, 0x41, 0x20, 0x20, 0x29, 0x29, 0x62, 0x62, 0x4A, 0x52, 0x20, 0x20, 0x29, 0x29,
    0x83, 0x8B, 0x73, 0x73, 0x29, 0x29, 0x31, 0x31, 0x73, 0x73, 0x73, 0x73, 0x39, 0x39, 0x39, 0x39,
    0xFF, 0x29, 0xFF, 0x29, 0xFF, 0x31, 0xFF, 0x41, 0xFF, 0x31, 0xFF, 0x31, 0xFF, 0x41, 0xFF, 0x62,
    0xFF, 0x31, 0xFF, 0x4A, 0xFF, 0x4A, 0xFF, 0x62, 0xFF, 0x4A, 0xFF, 0x52, 0xFF, 0x6A, 0xFF, 0x73,
    0x29, 0x29, 0x29, 0x29, 0x29, 0x39, 0x41, 0x41, 0x31, 0x31, 0x31, 0x31, 0x41, 0x41, 0x62, 0x62,
    0x31, 0x31, 0x4A, 0x4A, 0x4A, 0x4A, 0x5A, 0x6A, 0x4A, 0x4A, 0x4A, 0x5A, 0x62, 0x73, 0x6A, 0x7B,
    0xFF, 0x5A, 0xFF, 0x39, 0xFF, 0x41, 0xFF, 0x52, 0xFF, 0x73, 0xFF, 0x4A, 0xFF, 0x52, 0xFF, 0x52,
    0xFF, 0x73, 0xFF, 0x6A, 0xFF, 0x6A, 0xFF, 0x6A, 0xFF, 0x8B, 0xFF, 0x8B, 0xFF, 0x8B, 0xFF, 0x83,
    0x5A, 0x5A, 0x39, 0x39, 0x41, 0x41, 0x4A, 0x52, 0x73, 0x73, 0x4A, 0x4A, 0x4A, 0x5A, 0x4A, 0x5A,
    0x6A, 0x7B, 0x62, 0x73, 0x62, 0x73, 0x62, 0x73, 0x83, 0x9C, 0x83, 0x9C, 0x83, 0x9C, 0x83, 0x8B,
    0xFF, 0x52, 0xFF, 0x73, 0xFF, 0x73, 0xFF, 0x31, 0xFF, 0x62, 0xFF, 0x8B, 0xFF, 0x73, 0xFF, 0x31,
    0xFF, 0x6A, 0xFF, 0x94, 0xFF, 0x62, 0xFF, 0x41, 0xFF, 0x83, 0xFF, 0x83, 0xFF, 0x83, 0xFF, 0x5A,
    0x4A, 0x52, 0x73, 0x73, 0x73, 0x73, 0x31, 0x31, 0x62, 0x62, 0x8B, 0x8B, 0x73, 0x73, 0x31, 0x31,
    0x62, 0x73, 0x94, 0x94, 0x62, 0x62, 0x41, 0x41, 0x83, 0x8B, 0x83, 0x8B, 0x83, 0x83, 0x5A, 0x5A,
    0xFF, 0x29, 0xFF, 0x20, 0xFF, 0xBD, 0xFF, 0x8B, 0xFF, 0x39, 0xFF, 0x31, 0xFF, 0x9C, 0xFF, 0xA4,
    0xFF, 0x39, 0xFF, 0x52, 0xFF, 0x83, 0xFF, 0x73, 0xFF, 0x39, 0xFF, 0x73, 0xFF, 0x94, 0xFF, 0x52,
    0x29, 0x29, 0x20, 0x20, 0xBD, 0xBD, 0x8B, 0x8B, 0x39, 0x39, 0x31, 0x31, 0x9C, 0x9C, 0xA4, 0xA4,
    0x39, 0x39, 0x4A, 0x52, 0x83, 0x83, 0x73, 0x73, 0x39, 0x39, 0x73, 0x73, 0x94, 0x94, 0x52, 0x52,
    0xFF, 0x20, 0xFF, 0x83, 0xFF, 0xCD, 0xFF, 0xEE, 0xFF, 0x31, 0xFF, 0x94, 0xFF, 0xE6, 0xFF, 0xF6,
    0xFF, 0x52, 0xFF, 0xB4, 0xFF, 0xEE, 0xFF, 0xFF, 0xFF, 0x73, 0xFF, 0xD5, 0xFF, 0xFF, 0xFF, 0xFF,
    0x20, 0x20, 0x83, 0x8B, 0xCD, 0xCD, 0xEE, 0xEE, 0x31, 0x31, 0x94, 0x94, 0xE6, 0xE6, 0xF6, 0xF6,
    0x4A, 0x5A, 0xB4, 0xB4, 0xEE, 0xEE, 0xFF, 0xF6, 0x6A, 0x7B, 0xD5, 0xD5, 0xFF, 0xFF, 0xFF, 0xFF,
    0xFF, 0xF6, 0xFF, 0xFF, 0xFF, 0xD5, 0xFF, 0x8B, 0xFF, 0xFF, 0xFF, 0xF6, 0xFF, 0xB4, 0xFF, 0x52,
    0xFF, 0xFF, 0xFF, 0xD5, 0xFF, 0x6A, 0xFF, 0x31, 0xFF, 0xFF, 0xFF, 0x94, 0xFF, 0x31, 0xFF, 0x52,
    0xF6, 0xF6, 0xFF, 0xF6, 0xD5, 0xCD, 0x8B, 0x8B, 0xFF, 0xF6, 0xF6, 0xF6, 0xB4, 0xB4, 0x41, 0x31,
    0xFF, 0xFF, 0xD5, 0xD5, 0x62, 0x52, 0x18, 0x08, 0xFF, 0xF6, 0x8B, 0x83, 0x18, 0x08, 0x41, 0x31,
    0xFF, 0x4A, 0xFF, 0x5A, 0xFF, 0x83, 0xFF, 0x9C, 0xFF, 0x39, 0xFF, 0x7B, 0xFF, 0xA4, 0xFF, 0xBD,
    0xFF, 0x62, 0xFF, 0xAC, 0xFF, 0xBD, 0xFF, 0xB4, 0xFF, 0xAC, 0xFF, 0xBD, 0xFF, 0xB4, 0xFF, 0xBD,
    0x20, 0x08, 0x31, 0x18, 0x62, 0x41, 0x8B, 0x7B, 0x20, 0x08, 0x52, 0x31, 0x94, 0x8B, 0xBD, 0xBD,
    0x41, 0x29, 0xA4, 0x94, 0xBD, 0xBD, 0xB4, 0xB4, 0xAC, 0xAC, 0xBD, 0xBD, 0xB4, 0xB4, 0xBD, 0xBD,
    0xFF, 0xB4, 0xFF, 0xB4, 0xFF, 0xB4, 0xFF, 0xBD, 0xFF, 0xB4, 0xFF, 0xB4, 0xFF, 0xB4, 0xFF, 0x6A,
    0xFF, 0xBD, 0xFF, 0xAC, 0xFF, 0x5A, 0xFF, 0x08, 0xFF, 0xA4, 0xFF, 0x52, 0xFF, 0x18, 0xFF, 0x08,
    0xB4, 0xB4, 0xB4, 0xB4, 0xB4, 0xB4, 0xBD, 0xBD, 0xB4, 0xB4, 0xB4, 0xB4, 0xB4, 0xB4, 0x6A, 0x6A,
    0xBD, 0xBD, 0xAC, 0xAC, 0x5A, 0x5A, 0x08, 0x08, 0xA4, 0xA4, 0x52, 0x52, 0x18, 0x18, 0x08, 0x08,
    0xFF, 0x6A, 0xFF, 0x7B, 0xFF, 0xC5, 0xFF, 0xB4, 0xFF, 0x08, 0xFF, 0xA4, 0xFF, 0xCD, 0xFF, 0xBD,
    0xFF, 0x18, 0xFF, 0xC5, 0xFF, 0xCD, 0xFF, 0xC5, 0xFF, 0x8B, 0xFF, 0xD5, 0xFF, 0xCD, 0xFF, 0xCD,
    0x6A, 0x6A, 0x62, 0x39, 0xA4, 0x52, 0x9C, 0x52, 0x08, 0x08, 0x8B, 0x41, 0xAC, 0x5A, 0xA4, 0x52,
    0x18, 0x08, 0xA4, 0x52, 0xAC, 0x5A, 0xA4, 0x52, 0x73, 0x39, 0xB4, 0x5A, 0xAC, 0x5A, 0xAC, 0x5A,
    0xFF, 0xB4, 0xFF, 0xB4, 0xFF, 0xAC, 0xFF, 0xA4, 0xFF, 0xB4, 0xFF, 0xB4, 0xFF, 0xB4, 0xFF, 0xB4,
    0xFF, 0xBD, 0xFF, 0xBD, 0xFF, 0xB4, 0xFF, 0xB4, 0xFF, 0xC5, 0xFF, 0xBD, 0xFF, 0xBD, 0xFF, 0xB4,
    0x9C, 0x52, 0x9C, 0x52, 0x94, 0x4A, 0x94, 0x4A, 0x9C, 0x52, 0x9C, 0x52, 0x9C, 0x52, 0x9C, 0x52,
    0xA4, 0x52, 0xA4, 0x52, 0x9C, 0x52, 0x9C, 0x52, 0xA4, 0x52, 0xA4, 0x52, 0xA4, 0x52, 0x9C, 0x52,
    0xFF, 0xA4, 0xFF, 0xA4, 0xFF, 0x94, 0xFF, 0x7B, 0xFF, 0xB4, 0xFF, 0xB4, 0xFF, 0xBD, 0xFF, 0x9C,
    0xFF, 0xB4, 0xFF, 0xB4, 0xFF, 0xB4, 0xFF, 0xA4, 0xFF, 0xBD, 0xFF, 0xBD, 0xFF, 0xBD, 0xFF, 0x94,
    0x8B, 0x4A, 0x8B, 0x41, 0x7B, 0x4A, 0x5A, 0x39, 0x9C, 0x52, 0x9C, 0x52, 0xA4, 0x52, 0x83, 0x4A,
    0x9C, 0x52, 0x9C, 0x52, 0x9C, 0x52, 0x94, 0x4A, 0xA4, 0x52, 0xA4, 0x52, 0xA4, 0x52, 0x7B, 0x4A,
    0xFF, 0x5A, 0xFF, 0x5A, 0xFF, 0x5A, 0xFF, 0x31, 0xFF, 0x8B, 0xFF, 0x5A, 0xFF, 0x5A, 0xFF, 0x39,
    0xFF, 0x8B, 0xFF, 0x8B, 0xFF, 0x73, 0xFF, 0x52, 0xFF, 0x8B, 0xFF, 0x8B, 0xFF, 0x8B, 0xFF, 0x7B,
    0x39, 0x20, 0x41, 0x20, 0x41, 0x20, 0x31, 0x31, 0x52, 0x31, 0x41, 0x20, 0x41, 0x20, 0x31, 0x20,
    0x52, 0x31, 0x52, 0x31, 0x52, 0x18, 0x41, 0x31, 0x52, 0x31, 0x52, 0x31, 0x6A, 0x29, 0x52, 0x31,
    0xFF, 0x31, 0xFF, 0x31, 0xFF, 0x18, 0xFF, 0x20, 0xFF, 0x31, 0xFF, 0x31, 0xFF, 0x29, 0xFF, 0x29,
    0xFF, 0x31, 0xFF, 0x31, 0xFF, 0x29, 0xFF, 0x31, 0xFF, 0x31, 0xFF, 0x31, 0xFF, 0x31, 0xFF, 0x20,
    0x31, 0x31, 0x31, 0x31, 0x18, 0x18, 0x20, 0x20, 0x31, 0x31, 0x31, 0x31, 0x29, 0x29, 0x29, 0x29,
    0x31, 0x31, 0x31, 0x31, 0x29, 0x29, 0x31, 0x31, 0x31, 0x31, 0x31, 0x31, 0x31, 0x31, 0x20, 0x20,
    0xFF, 0x20, 0xFF, 0x31, 0xFF, 0xA4, 0xFF, 0xBD, 0xFF, 0x29, 0xFF, 0x62, 0xFF, 0xBD, 0xFF, 0xB4,
    0xFF, 0x29, 0xFF, 0x8B, 0xFF, 0xBD, 0xFF, 0xBD, 0xFF, 0x31, 0xFF, 0xA4, 0xFF, 0xA4, 0xFF, 0x9C,
    0x20, 0x20, 0x31, 0x31, 0xA4, 0x9C, 0xBD, 0xBD, 0x29, 0x29, 0x62, 0x62, 0xBD, 0xBD, 0xB4, 0xB4,
    0x29, 0x29, 0x8B, 0x8B, 0xBD, 0xBD, 0xBD, 0xBD, 0x31, 0x31, 0xA4, 0x9C, 0xA4, 0xA4, 0x9C, 0x9C,
    0xFF, 0xBD, 0xFF, 0xBD, 0xFF, 0x83, 0xFF, 0x18, 0xFF, 0xB4, 0xFF, 0xBD, 0xFF, 0xA4, 0xFF, 0x18,
    0xFF, 0xBD, 0xFF, 0xBD, 0xFF, 0xB4, 0xFF, 0x31, 0xFF, 0x8B, 0xFF, 0x83, 0xFF, 0x52, 0xFF, 0x10,
    0xBD, 0xBD, 0xBD, 0xBD, 0x83, 0x8B, 0x18, 0x18, 0xB4, 0xB4, 0xBD, 0xBD, 0xA4, 0xA4, 0x18, 0x18,
    0xBD, 0xBD, 0xBD, 0xBD, 0xB4, 0xB4, 0x31, 0x31, 0x8B, 0x8B, 0x83, 0x83, 0x52, 0x52, 0x10, 0x10,
    0xFF, 0x31, 0xFF, 0x62, 0xFF, 0x52, 0xFF, 0x5A, 0xFF, 0x10, 0xFF, 0x52, 0xFF, 0x5A, 0xFF, 0x5A,
    0xFF, 0x00, 0xFF, 0x41, 0xFF, 0x52, 0xFF, 0x52, 0xFF, 0x08, 0xFF, 0x20, 0xFF, 0x52, 0xFF, 0x52,
    0x29, 0x18, 0x39, 0x20, 0x39, 0x20, 0x31, 0x18, 0x10, 0x10, 0x31, 0x18, 0x31, 0x18, 0x31, 0x18,
    0x00, 0x00, 0x20, 0x10, 0x31, 0x18, 0x31, 0x18, 0x08, 0x08, 0x20, 0x10, 0x31, 0x18, 0x31, 0x18,
    0xFF, 0x62, 0xFF, 0x6A, 0xFF, 0x73, 0xFF, 0x7B, 0xFF, 0x62, 0xFF, 0x62, 0xFF, 0x73, 0xFF, 0x73,
    0xFF, 0x5A, 0xFF, 0x62, 0xFF, 0x6A, 0xFF, 0x6A, 0xFF, 0x62, 0xFF, 0x62, 0xFF, 0x62, 0xFF, 0x6A,
    0x39, 0x20, 0x41, 0x29, 0x4A, 0x31, 0x52, 0x31, 0x39, 0x20, 0x41, 0x29, 0x4A, 0x31, 0x4A, 0x31,
    0x31, 0x18, 0x41, 0x29, 0x41, 0x29, 0x4A, 0x31, 0x39, 0x20, 0x39, 0x20, 0x41, 0x29, 0x41, 0x29,
    0xFF, 0x83, 0xFF, 0x39, 0xFF, 0x00, 0xFF, 0x7B, 0xFF, 0x7B, 0xFF, 0x7B, 0xFF, 0x5A, 0xFF, 0x29,
    0xFF, 0x73, 0xFF, 0x7B, 0xFF, 0x7B, 0xFF, 0x5A, 0xFF, 0x73, 0xFF, 0x73, 0xFF, 0x73, 0xFF, 0x6A,
    0x5A, 0x39, 0x31, 0x20, 0x00, 0x00, 0x7B, 0x7B, 0x5A, 0x39, 0x5A, 0x39, 0x39, 0x20, 0x29, 0x29,
    0x4A, 0x31, 0x5A, 0x39, 0x52, 0x31, 0x39, 0x20, 0x4A, 0x31, 0x4A, 0x31, 0x4A, 0x31, 0x41, 0x29,
    0xFF, 0xD5, 0xFF, 0xDE, 0xFF, 0x8B, 0xFF, 0x8B, 0xFF, 0xDE, 0xFF, 0xFF, 0xFF, 0x8B, 0xFF, 0xB4,
    0xFF, 0x94, 0xFF, 0xFF, 0xFF, 0xA4, 0xFF, 0x94, 0xFF, 0x83, 0xFF, 0xFF, 0xFF, 0xBD, 0xFF, 0x73,
    0xD5, 0xCD, 0xDE, 0xDE, 0x83, 0x9C, 0x83, 0x9C, 0xDE, 0xDE, 0xFF, 0xFF, 0x83, 0x9C, 0xB4, 0xB4,
    0x8B, 0x83, 0xFF, 0xFF, 0x9C, 0xAC, 0x94, 0x94, 0x62, 0x41, 0xFF, 0xF6, 0xBD, 0xBD, 0x6A, 0x7B,
    0xFF, 0x4A, 0xFF, 0x52, 0xFF, 0x41, 0xFF, 0x52, 0xFF, 0x73, 0xFF, 0x52, 0xFF, 0x52, 0xFF, 0x62,
    0xFF, 0x9C, 0xFF, 0x5A, 0xFF, 0x7B, 0xFF, 0x73, 0xFF, 0xCD, 0xFF, 0x52, 0xFF, 0x83, 0xFF, 0x9C,
    0x4A, 0x4A, 0x4A, 0x52, 0x41, 0x41, 0x4A, 0x5A, 0x73, 0x73, 0x4A, 0x52, 0x4A, 0x5A, 0x5A, 0x6A,
    0x9C, 0x9C, 0x5A, 0x5A, 0x7B, 0x7B, 0x6A, 0x7B, 0xCD, 0xCD, 0x52, 0x52, 0x83, 0x8B, 0x94, 0xA4,
    0xFF, 0x6A, 0xFF, 0x83, 0xFF, 0x8B, 0xFF, 0xA4, 0xFF, 0x8B, 0xFF, 0x9C, 0xFF, 0xBD, 0xFF, 0xCD,
    0xFF, 0x8B, 0xFF, 0xAC, 0xFF, 0xCD, 0xFF, 0xF6, 0xFF, 0x9C, 0xFF, 0xBD, 0xFF, 0xEE, 0xFF, 0xFF,
    0x62, 0x73, 0x73, 0x8B, 0x83, 0x9C, 0x9C, 0xAC, 0x83, 0x9C, 0x94, 0xA4, 0xB4, 0xC5, 0xBD, 0xD5,
    0x83, 0x9C, 0xA4, 0xBD, 0xBD, 0xD5, 0xF6, 0xF6, 0x94, 0xA4, 0xB4, 0xC5, 0xE6, 0xF6, 0xFF, 0xF6,
    0xFF, 0xAC, 0xFF, 0xAC, 0xFF, 0xAC, 0xFF, 0xAC, 0xFF, 0xDE, 0xFF, 0xD5, 0xFF, 0xD5, 0xFF, 0xCD,
    0xFF, 0xFF, 0xFF, 0xF6, 0xFF, 0xE6, 0xFF, 0xD5, 0xFF, 0xFF, 0xFF, 0xFF, 0xFF, 0xEE, 0xFF, 0xD5,
    0xA4, 0xBD, 0xA4, 0xBD, 0xA4, 0xBD, 0xA4, 0xBD, 0xDE, 0xDE, 0xCD, 0xE6, 0xCD, 0xE6, 0xBD, 0xD5,
    0xFF, 0xFF, 0xF6, 0xF6, 0xE6, 0xE6, 0xCD, 0xE6, 0xFF, 0xFF, 0xFF, 0xF6, 0xE6, 0xF6, 0xCD, 0xE6,
    0xFF, 0xA4, 0xFF, 0xA4, 0xFF, 0x94, 0xFF, 0x83, 0xFF, 0xBD, 0xFF, 0xA4, 0xFF, 0x83, 0xFF, 0x6A,
    0xFF, 0xBD, 0xFF, 0x8B, 0xFF, 0x73, 0xFF, 0x9C, 0xFF, 0xBD, 0xFF, 0x83, 0xFF, 0xBD, 0xFF, 0x83,
    0x9C, 0xAC, 0x9C, 0xAC, 0x94, 0x94, 0x73, 0x8B, 0xB4, 0xC5, 0x9C, 0xAC, 0x73, 0x8B, 0x62, 0x73,
    0xB4, 0xC5, 0x83, 0x9C, 0x6A, 0x7B, 0x94, 0xA4, 0xB4, 0xC5, 0x73, 0x8B, 0xBD, 0xBD, 0x83, 0x8B,
    0xFF, 0x52, 0xFF, 0x6A, 0xFF, 0xBD, 0xFF, 0x62, 0xFF, 0x7B, 0xFF, 0x62, 0xFF, 0xA4, 0xFF, 0x83,
    0xFF, 0xB4, 0xFF, 0x83, 0xFF, 0x52, 0xFF, 0x83, 0xFF, 0xA4, 0xFF, 0xBD, 0xFF, 0x73, 0xFF, 0x9C,
    0x4A, 0x52, 0x6A, 0x6A, 0xBD, 0xBD, 0x5A, 0x6A, 0x7B, 0x7B, 0x62, 0x62, 0xA4, 0xA4, 0x73, 0x8B,
    0xB4, 0xB4, 0x83, 0x8B, 0x4A, 0x52, 0x73, 0x8B, 0xA4, 0xA4, 0xBD, 0xBD, 0x73, 0x73, 0x94, 0xA4,
    0xFF, 0x83, 0xFF, 0xF6, 0xFF, 0xFF, 0xFF, 0xFF, 0xFF, 0xBD, 0xFF, 0xFF, 0xFF, 0xFF, 0xFF, 0xD5,
    0xFF, 0xE6, 0xFF, 0xFF, 0xFF, 0xEE, 0xFF, 0x7B, 0xFF, 0xFF, 0xFF, 0xFF, 0xFF, 0xDE, 0xFF, 0xA4,
    0x83, 0x8B, 0xF6, 0xF6, 0xFF, 0xFF, 0xFF, 0xFF, 0xB4, 0xC5, 0xFF, 0xFF, 0xFF, 0xFF, 0xD5, 0xD5,
    0xE6, 0xE6, 0xFF, 0xFF, 0xEE, 0xEE, 0x73, 0x62, 0xFF, 0xFF, 0xFF, 0xFF, 0xDE, 0xDE, 0xA4, 0xA4,
    0xFF, 0xBD, 0xFF, 0x41, 0xFF, 0x6A, 0xFF, 0xB4, 0xFF, 0x5A, 0xFF, 0x7B, 0xFF, 0xBD, 0xFF, 0xB4,
    0xFF, 0x94, 0xFF, 0xBD, 0xFF, 0xB4, 0xFF, 0xB4, 0xFF, 0xBD, 0xFF, 0xB4, 0xFF, 0xB4, 0xFF, 0xB4,
    0xBD, 0xBD, 0x20, 0x10, 0x52, 0x41, 0xB4, 0xB4, 0x4A, 0x39, 0x73, 0x62, 0xBD, 0xBD, 0xB4, 0xB4,
    0x83, 0x73, 0xBD, 0xBD, 0xB4, 0xB4, 0xB4, 0xB4, 0xBD, 0xBD, 0xB4, 0xB4, 0xB4, 0xB4, 0xAC, 0xAC,
    0xFF, 0xB4, 0xFF, 0xB4, 0xFF, 0xB4, 0xFF, 0x9C, 0xFF, 0xB4, 0xFF, 0xB4, 0xFF, 0x94, 0xFF, 0x83,
    0xFF, 0xB4, 0xFF, 0x94, 0xFF, 0xA4, 0xFF, 0xBD, 0xFF, 0x94, 0xFF, 0xA4, 0xFF, 0xBD, 0xFF, 0xB4,
    0xB4, 0xB4, 0xB4, 0xB4, 0xB4, 0xB4, 0x9C, 0x9C, 0xB4, 0xB4, 0xAC, 0xAC, 0x94, 0x94, 0x83, 0x83,
    0xAC, 0xAC, 0x94, 0x94, 0xA4, 0x9C, 0xBD, 0xBD, 0x94, 0x94, 0xA4, 0x9C, 0xBD, 0xBD, 0xB4, 0xB4,
    0xFF, 0x52, 0xFF, 0x29, 0xFF, 0x20, 0xFF, 0xA4, 0xFF, 0x62, 0xFF, 0x4A, 0xFF, 0xB4, 0xFF, 0xD5,
    0xFF, 0xB4, 0xFF, 0xC5, 0xFF, 0xCD, 0xFF, 0xCD, 0xFF, 0xBD, 0xFF, 0xBD, 0xFF, 0xCD, 0xFF, 0xCD,
    0x4A, 0x52, 0x29, 0x29, 0x20, 0x10, 0x8B, 0x4A, 0x5A, 0x6A, 0x39, 0x20, 0x9C, 0x52, 0xB4, 0x5A,
    0xAC, 0xAC, 0xA4, 0x62, 0xAC, 0x5A, 0xAC, 0x5A, 0xBD, 0xBD, 0xBD, 0x9C, 0xAC, 0x5A, 0xAC, 0x5A,
    0xFF, 0xD5, 0xFF, 0xCD, 0xFF, 0xCD, 0xFF, 0xCD, 0xFF, 0xCD, 0xFF, 0xCD, 0xFF, 0xCD, 0xFF, 0xCD,
    0xFF, 0xCD, 0xFF, 0xCD, 0xFF, 0xCD, 0xFF, 0xCD, 0xFF, 0xCD, 0xFF, 0xCD, 0xFF, 0xCD, 0xFF, 0xCD,
    0xB4, 0x5A, 0xAC, 0x5A, 0xAC, 0x5A, 0xAC, 0x5A, 0xAC, 0x5A, 0xAC, 0x5A, 0xAC, 0x5A, 0xAC, 0x5A,
    0xAC, 0x5A, 0xAC, 0x5A, 0xAC, 0x5A, 0xAC, 0x5A, 0xAC, 0x5A, 0xAC, 0x5A, 0xAC, 0x5A, 0xAC, 0x5A,
    0xFF, 0xC5, 0xFF, 0xC5, 0xFF, 0xBD, 0xFF, 0xBD, 0xFF, 0xCD, 0xFF, 0xCD, 0xFF, 0xCD, 0xFF, 0xC5,
    0xFF, 0xCD, 0xFF, 0xCD, 0xFF, 0xCD, 0xFF, 0xCD, 0xFF, 0xCD, 0xFF, 0xCD, 0xFF, 0xCD, 0xFF, 0xC5,
    0xA4, 0x52, 0xA4, 0x52, 0xA4, 0x52, 0xA4, 0x52, 0xAC, 0x5A, 0xAC, 0x5A, 0xAC, 0x5A, 0xA4, 0x52,
    0xAC, 0x5A, 0xAC, 0x5A, 0xAC, 0x5A, 0xAC, 0x5A, 0xAC, 0x5A, 0xAC, 0x5A, 0xAC, 0x5A, 0xA4, 0x52,
    0xFF, 0xBD, 0xFF, 0xC5, 0xFF, 0xB4, 0xFF, 0x94, 0xFF, 0xCD, 0xFF, 0xBD, 0xFF, 0x9C, 0xFF, 0x83,
    0xFF, 0xBD, 0xFF, 0x9C, 0xFF, 0x83, 0xFF, 0x9C, 0xFF, 0xA4, 0xFF, 0x8B, 0xFF, 0xA4, 0xFF, 0xBD,
    0xA4, 0x52, 0xA4, 0x52, 0x9C, 0x52, 0x6A, 0x4A, 0xAC, 0x5A, 0xA4, 0x52, 0x83, 0x4A, 0x73, 0x41,
    0xA4, 0x52, 0x83, 0x4A, 0x73, 0x41, 0x83, 0x4A, 0x94, 0x4A, 0x73, 0x41, 0x94, 0x4A, 0xA4, 0x52,
    0xFF, 0x7B, 0xFF, 0x7B, 0xFF, 0x6A, 0xFF, 0x8B, 0xFF, 0x8B, 0xFF, 0x73, 0xFF, 0x7B, 0xFF, 0x73,
    0xFF, 0x6A, 0xFF, 0x73, 0xFF, 0x62, 0xFF, 0x6A, 0xFF, 0x6A, 0xFF, 0x6A, 0xFF, 0x6A, 0xFF, 0x62,
    0x52, 0x31, 0x52, 0x31, 0x5A, 0x31, 0x52, 0x31, 0x52, 0x31, 0x4A, 0x31, 0x5A, 0x39, 0x4A, 0x31,
    0x4A, 0x18, 0x4A, 0x31, 0x41, 0x29, 0x41, 0x29, 0x41, 0x29, 0x41, 0x29, 0x41, 0x29, 0x41, 0x29,
    0xFF, 0x41, 0xFF, 0x31, 0xFF, 0x31, 0xFF, 0x20, 0xFF, 0x52, 0xFF, 0x31, 0xFF, 0x31, 0xFF, 0x18,
    0xFF, 0x52, 0xFF, 0x31, 0xFF, 0x31, 0xFF, 0x20, 0xFF, 0x5A, 0xFF, 0x31, 0xFF, 0x31, 0xFF, 0x29,
    0x39, 0x31, 0x31, 0x31, 0x31, 0x31, 0x20, 0x20, 0x41, 0x31, 0x31, 0x31, 0x31, 0x31, 0x18, 0x18,
    0x39, 0x20, 0x31, 0x31, 0x31, 0x31, 0x20, 0x20, 0x39, 0x20, 0x31, 0x31, 0x31, 0x31, 0x29, 0x29,
    0xFF, 0x18, 0xFF, 0x29, 0xFF, 0x39, 0xFF, 0x52, 0xFF, 0x10, 0xFF, 0x08, 0xFF, 0x08, 0xFF, 0x08,
    0xFF, 0x08, 0xFF, 0x08, 0xFF, 0x08, 0xFF, 0x08, 0xFF, 0x08, 0xFF, 0x08, 0xFF, 0x10, 0xFF, 0x10,
    0x18, 0x18, 0x29, 0x29, 0x39, 0x39, 0x52, 0x52, 0x10, 0x10, 0x08, 0x08, 0x08, 0x08, 0x08, 0x08,
    0x08, 0x08, 0x08, 0x08, 0x08, 0x08, 0x08, 0x08, 0x08, 0x08, 0x08, 0x08, 0x10, 0x10, 0x10, 0x10,
    0xFF, 0x5A, 0xFF, 0x31, 0xFF, 0x00, 0xFF, 0x08, 0xFF, 0x18, 0xFF, 0x08, 0xFF, 0x08, 0xFF, 0x08,
    0xFF, 0x08, 0xFF, 0x10, 0xFF, 0x08, 0xFF, 0x10, 0xFF, 0x10, 0xFF, 0x10, 0xFF, 0x18, 0xFF, 0x29,
    0x5A, 0x5A, 0x31, 0x31, 0x00, 0x00, 0x08, 0x08, 0x18, 0x18, 0x08, 0x08, 0x08, 0x08, 0x08, 0x08,
    0x08, 0x08, 0x10, 0x10, 0x08, 0x08, 0x10, 0x10, 0x10, 0x10, 0x10, 0x10, 0x18, 0x18, 0x29, 0x29,
    0xFF, 0x08, 0xFF, 0x18, 0xFF, 0x4A, 0xFF, 0x52, 0xFF, 0x10, 0xFF, 0x31, 0xFF, 0x4A, 0xFF, 0x4A,
    0xFF, 0x18, 0xFF, 0x4A, 0xFF, 0x41, 0xFF, 0x4A, 0xFF, 0x39, 0xFF, 0x41, 0xFF, 0x4A, 0xFF, 0x4A,
    0x08, 0x08, 0x18, 0x08, 0x29, 0x10, 0x31, 0x18, 0x10, 0x10, 0x29, 0x18, 0x29, 0x10, 0x29, 0x10,
    0x18, 0x18, 0x29, 0x10, 0x20, 0x10, 0x29, 0x10, 0x31, 0x20, 0x20, 0x10, 0x29, 0x10, 0x29, 0x10,
    0xFF, 0x5A, 0xFF, 0x5A, 0xFF, 0x5A, 0xFF, 0x62, 0xFF, 0x5A, 0xFF, 0x52, 0xFF, 0x5A, 0xFF, 0x52,
    0xFF, 0x4A, 0xFF, 0x52, 0xFF, 0x52, 0xFF, 0x5A, 0xFF, 0x4A, 0xFF, 0x4A, 0xFF, 0x52, 0xFF, 0x52,
    0x31, 0x18, 0x39, 0x20, 0x39, 0x20, 0x41, 0x29, 0x31, 0x18, 0x39, 0x20, 0x39, 0x20, 0x39, 0x20,
    0x29, 0x10, 0x31, 0x18, 0x39, 0x20, 0x31, 0x18, 0x29, 0x10, 0x29, 0x10, 0x39, 0x20, 0x31, 0x18,
    0xFF, 0x62, 0xFF, 0x6A, 0xFF, 0x73, 0xFF, 0x6A, 0xFF, 0x62, 0xFF, 0x62, 0xFF, 0x6A, 0xFF, 0x62,
    0xFF, 0x5A, 0xFF, 0x5A, 0xFF, 0x5A, 0xFF, 0x5A, 0xFF, 0x52, 0xFF, 0x52, 0xFF, 0x5A, 0xFF, 0x52,
    0x41, 0x29, 0x41, 0x29, 0x4A, 0x31, 0x41, 0x29, 0x39, 0x20, 0x41, 0x29, 0x41, 0x29, 0x41, 0x29,
    0x31, 0x18, 0x31, 0x18, 0x31, 0x18, 0x31, 0x18, 0x31, 0x18, 0x31, 0x18, 0x31, 0x18, 0x31, 0x18,
    0xFF, 0x62, 0xFF, 0xDE, 0xFF, 0xCD, 0xFF, 0x52, 0xFF, 0x62, 0xFF, 0xD5, 0xFF, 0xDE, 0xFF, 0x62,
    0xFF, 0x6A, 0xFF, 0xDE, 0xFF, 0xC5, 0xFF, 0x62, 0xFF, 0x7B, 0xFF, 0xD5, 0xFF, 0xC5, 0xFF, 0x62,
    0x41, 0x29, 0xDE, 0xDE, 0xBD, 0xD5, 0x4A, 0x5A, 0x39, 0x20, 0xD5, 0xD5, 0xDE, 0xDE, 0x5A, 0x6A,
    0x4A, 0x31, 0xDE, 0xDE, 0xC5, 0xC5, 0x5A, 0x6A, 0x73, 0x62, 0xD5, 0xD5, 0xC5, 0xC5, 0x5A, 0x6A,
    0xFF, 0xC5, 0xFF, 0x83, 0xFF, 0x6A, 0xFF, 0x83, 0xFF, 0xB4, 0xFF, 0x73, 0xFF, 0x62, 0xFF, 0x73,
    0xFF, 0xCD, 0xFF, 0x94, 0xFF, 0x62, 0xFF, 0x73, 0xFF, 0x8B, 0xFF, 0xA4, 0xFF, 0x6A, 0xFF, 0x73,
    0xC5, 0xC5, 0x83, 0x8B, 0x62, 0x73, 0x73, 0x8B, 0xAC, 0xAC, 0x73, 0x73, 0x5A, 0x6A, 0x6A, 0x7B,
    0xCD, 0xCD, 0x94, 0x94, 0x5A, 0x6A, 0x6A, 0x7B, 0x83, 0x9C, 0xA4, 0xA4, 0x62, 0x73, 0x6A, 0x7B,
    0xFF, 0x9C, 0xFF, 0xCD, 0xFF, 0xEE, 0xFF, 0xFF, 0xFF, 0x9C, 0xFF, 0xCD, 0xFF, 0xF6, 0xFF, 0xFF,
    0xFF, 0xA4, 0xFF, 0xD5, 0xFF, 0xFF, 0xFF, 0xFF, 0xFF, 0xAC, 0xFF, 0xD5, 0xFF, 0xFF, 0xFF, 0xFF,
    0x94, 0xA4, 0xBD, 0xD5, 0xE6, 0xF6, 0xFF, 0xFF, 0x94, 0xA4, 0xBD, 0xD5, 0xF6, 0xF6, 0xFF, 0xFF,
    0x9C, 0xAC, 0xCD, 0xE6, 0xFF, 0xF6, 0xFF, 0xFF, 0xA4, 0xBD, 0xCD, 0xE6, 0xFF, 0xFF, 0xFF, 0xFF,
    0xFF, 0xFF, 0xFF, 0xFF, 0xFF, 0xEE, 0xFF, 0xD5, 0xFF, 0xFF, 0xFF, 0xFF, 0xFF, 0xF6, 0xFF, 0xCD,
    0xFF, 0xFF, 0xFF, 0xFF, 0xFF, 0xEE, 0xFF, 0xCD, 0xFF, 0xFF, 0xFF, 0xFF, 0xFF, 0xEE, 0xFF, 0xCD,
    0xFF, 0xFF, 0xFF, 0xFF, 0xE6, 0xF6, 0xCD, 0xE6, 0xFF, 0xFF, 0xFF, 0xFF, 0xF6, 0xF6, 0xBD, 0xD5,
    0xFF, 0xFF, 0xFF, 0xFF, 0xE6, 0xF6, 0xBD, 0xD5, 0xFF, 0xFF, 0xFF, 0xFF, 0xE6, 0xF6, 0xBD, 0xD5,
    0xFF, 0xA4, 0xFF, 0x83, 0xFF, 0xA4, 0xFF, 0x83, 0xFF, 0x9C, 0xFF, 0x83, 0xFF, 0x83, 0xFF, 0xCD,
    0xFF, 0x83, 0xFF, 0x73, 0xFF, 0x73, 0xFF, 0xBD, 0xFF, 0xB4, 0xFF, 0x6A, 0xFF, 0x83, 0xFF, 0x73,
    0x9C, 0xAC, 0x73, 0x8B, 0x9C, 0xAC, 0x73, 0x8B, 0x94, 0xA4, 0x73, 0x8B, 0x73, 0x8B, 0xCD, 0xCD,
    0x73, 0x8B, 0x6A, 0x7B, 0x6A, 0x7B, 0xBD, 0xBD, 0xB4, 0xB4, 0x62, 0x73, 0x73, 0x8B, 0x73, 0x73,
    0xFF, 0x7B, 0xFF, 0x83, 0xFF, 0x83, 0xFF, 0xCD, 0xFF, 0x83, 0xFF, 0x73, 0xFF, 0x9C, 0xFF, 0xD5,
    0xFF, 0xAC, 0xFF, 0x8B, 0xFF, 0x9C, 0xFF, 0xFF, 0xFF, 0x83, 0xFF, 0x9C, 0xFF, 0xD5, 0xFF, 0xE6,
    0x7B, 0x7B, 0x83, 0x83, 0x73, 0x8B, 0xBD, 0xD5, 0x83, 0x83, 0x6A, 0x7B, 0x94, 0xA4, 0xD5, 0xD5,
    0xAC, 0xAC, 0x83, 0x9C, 0x94, 0xA4, 0xFF, 0xF6, 0x83, 0x8B, 0x94, 0xA4, 0xD5, 0xCD, 0xE6, 0xE6,
    0xFF, 0xFF, 0xFF, 0xFF, 0xFF, 0xD5, 0xFF, 0xB4, 0xFF, 0xFF, 0xFF, 0xFF, 0xFF, 0xCD, 0xFF, 0xB4,
    0xFF, 0xF6, 0xFF, 0xD5, 0xFF, 0xB4, 0xFF, 0xA4, 0xFF, 0xBD, 0xFF, 0xA4, 0xFF, 0x9C, 0xFF, 0x8B,
    0xFF, 0xFF, 0xFF, 0xFF, 0xD5, 0xCD, 0xAC, 0xAC, 0xFF, 0xFF, 0xFF, 0xFF, 0xCD, 0xCD, 0xAC, 0xAC,
    0xF6, 0xF6, 0xD5, 0xD5, 0xAC, 0xAC, 0xA4, 0x9C, 0xBD, 0xBD, 0xA4, 0xA4, 0x9C, 0x9C, 0x8B, 0x8B,
    0xFF, 0xB4, 0xFF, 0xB4, 0xFF, 0xAC, 0xFF, 0x94, 0xFF, 0xB4, 0xFF, 0xA4, 0xFF, 0x94, 0xFF, 0x7B,
    0xFF, 0x8B, 0xFF, 0x8B, 0xFF, 0x83, 0xFF, 0x9C, 0xFF, 0x83, 0xFF, 0x8B, 0xFF, 0x9C, 0xFF, 0xC5,
    0xB4, 0xB4, 0xB4, 0xB4, 0xAC, 0xAC, 0x94, 0x94, 0xB4, 0xB4, 0xA4, 0x9C, 0x94, 0x94, 0x7B, 0x7B,
    0x8B, 0x8B, 0x8B, 0x8B, 0x83, 0x83, 0x94, 0x6A, 0x83, 0x8B, 0x8B, 0x8B, 0x94, 0x6A, 0xA4, 0x52,
    0xFF, 0x73, 0xFF, 0xA4, 0xFF, 0xB4, 0xFF, 0xB4, 0xFF, 0x94, 0xFF, 0xBD, 0xFF, 0xCD, 0xFF, 0xB4,
    0xFF, 0xC5, 0xFF, 0xCD, 0xFF, 0xCD, 0xFF, 0xC5, 0xFF, 0xCD, 0xFF, 0xCD, 0xFF, 0xCD, 0xFF, 0xCD,
    0x73, 0x73, 0xA4, 0x9C, 0xB4, 0xB4, 0xB4, 0xB4, 0x83, 0x73, 0xA4, 0x52, 0xB4, 0x83, 0xB4, 0xB4,
    0xA4, 0x52, 0xAC, 0x5A, 0xAC, 0x5A, 0xAC, 0x73, 0xAC, 0x5A, 0xAC, 0x5A, 0xAC, 0x5A, 0xAC, 0x5A,
    0xFF, 0xB4, 0xFF, 0xB4, 0xFF, 0xC5, 0xFF, 0xCD, 0xFF, 0xB4, 0xFF, 0xB4, 0xFF, 0xC5, 0xFF, 0xCD,
    0xFF, 0xB4, 0xFF, 0xB4, 0xFF, 0xB4, 0xFF, 0xC5, 0xFF, 0xC5, 0xFF, 0xBD, 0xFF, 0xBD, 0xFF, 0xC5,
    0xB4, 0xB4, 0xB4, 0xB4, 0xA4, 0x62, 0xAC, 0x5A, 0xB4, 0xB4, 0xB4, 0xB4, 0xB4, 0xA4, 0xAC, 0x5A,
    0xAC, 0xAC, 0xB4, 0xB4, 0xB4, 0xB4, 0xAC, 0x73, 0xA4, 0x62, 0xBD, 0x9C, 0xB4, 0xC5, 0xB4, 0xA4,
    0xFF, 0xCD, 0xFF, 0xCD, 0xFF, 0xCD, 0xFF, 0xCD, 0xFF, 0xCD, 0xFF, 0xCD, 0xFF, 0xCD, 0xFF, 0xCD,
    0xFF, 0xCD, 0xFF, 0xCD, 0xFF, 0xC5, 0xFF, 0xB4, 0xFF, 0xC5, 0xFF, 0xB4, 0xFF, 0x9C, 0xFF, 0x8B,
    0xAC, 0x5A, 0xAC, 0x5A, 0xAC, 0x5A, 0xAC, 0x5A, 0xAC, 0x5A, 0xAC, 0x5A, 0xAC, 0x5A, 0xAC, 0x5A,
    0xAC, 0x5A, 0xAC, 0x5A, 0xA4, 0x52, 0x9C, 0x52, 0xA4, 0x52, 0x9C, 0x52, 0x83, 0x4A, 0x73, 0x41,
    0xFF, 0xCD, 0xFF, 0xCD, 0xFF, 0xC5, 0xFF, 0xAC, 0xFF, 0xC5, 0xFF, 0xB4, 0xFF, 0xA4, 0xFF, 0x8B,
    0xFF, 0x9C, 0xFF, 0x94, 0xFF, 0x8B, 0xFF, 0xB4, 0xFF, 0x9C, 0xFF, 0xB4, 0xFF, 0xCD, 0xFF, 0xCD,
    0xAC, 0x5A, 0xAC, 0x5A, 0xA4, 0x52, 0x94, 0x4A, 0xA4, 0x52, 0x9C, 0x52, 0x94, 0x4A, 0x73, 0x41,
    0x83, 0x4A, 0x7B, 0x4A, 0x73, 0x41, 0x9C, 0x52, 0x83, 0x4A, 0x9C, 0x52, 0xAC, 0x5A, 0xAC, 0x5A,
    0xFF, 0x8B, 0xFF, 0xAC, 0xFF, 0xC5, 0xFF, 0xC5, 0xFF, 0xBD, 0xFF, 0xCD, 0xFF, 0xC5, 0xFF, 0xBD,
    0xFF, 0xCD, 0xFF, 0xCD, 0xFF, 0xBD, 0xFF, 0xBD, 0xFF, 0xCD, 0xFF, 0xC5, 0xFF, 0xC5, 0xFF, 0xB4,
    0x73, 0x41, 0x94, 0x4A, 0xA4, 0x52, 0xA4, 0x52, 0xA4, 0x52, 0xAC, 0x5A, 0xA4, 0x52, 0xA4, 0x52,
    0xAC, 0x5A, 0xAC, 0x5A, 0xA4, 0x52, 0xA4, 0x52, 0xAC, 0x5A, 0xA4, 0x52, 0xA4, 0x52, 0x9C, 0x52,
    0xFF, 0x62, 0xFF, 0x6A, 0xFF, 0x5A, 0xFF, 0x5A, 0xFF, 0x62, 0xFF, 0x5A, 0xFF, 0x5A, 0xFF, 0x52,
    0xFF, 0x5A, 0xFF, 0x5A, 0xFF, 0x4A, 0xFF, 0x41, 0xFF, 0x5A, 0xFF, 0x41, 0xFF, 0x39, 0xFF, 0x29,
    0x39, 0x20, 0x41, 0x29, 0x41, 0x20, 0x39, 0x20, 0x39, 0x20, 0x41, 0x20, 0x41, 0x20, 0x39, 0x20,
    0x39, 0x20, 0x39, 0x20, 0x39, 0x20, 0x39, 0x31, 0x39, 0x20, 0x39, 0x31, 0x39, 0x39, 0x29, 0x29,
    0xFF, 0x52, 0xFF, 0x39, 0xFF, 0x31, 0xFF, 0x31, 0xFF, 0x4A, 0xFF, 0x31, 0xFF, 0x31, 0xFF, 0x31,
    0xFF, 0x31, 0xFF, 0x31, 0xFF, 0x31, 0xFF, 0x31, 0xFF, 0x29, 0xFF, 0x31, 0xFF, 0x31, 0xFF, 0x31,
    0x31, 0x18, 0x31, 0x20, 0x31, 0x31, 0x31, 0x31, 0x39, 0x20, 0x31, 0x31, 0x31, 0x31, 0x31, 0x31,
    0x31, 0x31, 0x31, 0x31, 0x31, 0x31, 0x31, 0x31, 0x29, 0x29, 0x31, 0x31, 0x31, 0x31, 0x31, 0x31,
    0xFF, 0x10, 0xFF, 0x10, 0xFF, 0x10, 0xFF, 0x10, 0xFF, 0x20, 0xFF, 0x10, 0xFF, 0x18, 0xFF, 0x18,
    0xFF, 0x29, 0xFF, 0x20, 0xFF, 0x29, 0xFF, 0x5A, 0xFF, 0x31, 0xFF, 0x31, 0xFF, 0x5A, 0xFF, 0xA4,
    0x10, 0x10, 0x10, 0x10, 0x10, 0x10, 0x10, 0x10, 0x20, 0x20, 0x10, 0x10, 0x18, 0x18, 0x18, 0x18,
    0x29, 0x29, 0x20, 0x20, 0x29, 0x29, 0x5A, 0x5A, 0x31, 0x31, 0x31, 0x31, 0x5A, 0x5A, 0xA4, 0x9C,
    0xFF, 0x10, 0xFF, 0x29, 0xFF, 0x31, 0xFF, 0x41, 0xFF, 0x62, 0xFF, 0x94, 0xFF, 0x8B, 0xFF, 0x4A,
    0xFF, 0xA4, 0xFF, 0xBD, 0xFF, 0xB4, 0xFF, 0x41, 0xFF, 0xA4, 0xFF, 0xA4, 0xFF, 0xB4, 0xFF, 0x52,
    0x10, 0x10, 0x29, 0x29, 0x29, 0x39, 0x41, 0x41, 0x62, 0x62, 0x94, 0x94, 0x8B, 0x8B, 0x4A, 0x4A,
    0xA4, 0xA4, 0xBD, 0xBD, 0xB4, 0xB4, 0x39, 0x31, 0xA4, 0xA4, 0xA4, 0xA4, 0xB4, 0xB4, 0x41, 0x31,
    0xFF, 0x39, 0xFF, 0x4A, 0xFF, 0x4A, 0xFF, 0x4A, 0xFF, 0x41, 0xFF, 0x39, 0xFF, 0x41, 0xFF, 0x41,
    0xFF, 0x31, 0xFF, 0x41, 0xFF, 0x41, 0xFF, 0x41, 0xFF, 0x39, 0xFF, 0x41, 0xFF, 0x41, 0xFF, 0x41,
    0x29, 0x18, 0x29, 0x10, 0x29, 0x10, 0x29, 0x10, 0x20, 0x10, 0x20, 0x08, 0x20, 0x10, 0x20, 0x10,
    0x18, 0x08, 0x20, 0x10, 0x20, 0x10, 0x20, 0x10, 0x20, 0x08, 0x20, 0x10, 0x20, 0x10, 0x20, 0x10,
    0xFF, 0x41, 0xFF, 0x4A, 0xFF, 0x4A, 0xFF, 0x52, 0xFF, 0x4A, 0xFF, 0x4A, 0xFF, 0x4A, 0xFF, 0x52,
    0xFF, 0x41, 0xFF, 0x4A, 0xFF, 0x4A, 0xFF, 0x52, 0xFF, 0x4A, 0xFF, 0x4A, 0xFF, 0x52, 0xFF, 0x52,
    0x20, 0x10, 0x29, 0x10, 0x29, 0x10, 0x31, 0x18, 0x29, 0x10, 0x29, 0x10, 0x29, 0x10, 0x31, 0x18,
    0x20, 0x10, 0x29, 0x10, 0x29, 0x10, 0x31, 0x18, 0x29, 0x10, 0x29, 0x10, 0x31, 0x18, 0x31, 0x18,
    0xFF, 0x4A, 0xFF, 0x52, 0xFF, 0x4A, 0xFF, 0x62, 0xFF, 0x52, 0xFF, 0x52, 0xFF, 0x4A, 0xFF, 0x73,
    0xFF, 0x4A, 0xFF, 0x52, 0xFF, 0x52, 0xFF, 0x94, 0xFF, 0x5A, 0xFF, 0x4A, 0xFF, 0x6A, 0xFF, 0xA4,
    0x29, 0x10, 0x31, 0x18, 0x29, 0x10, 0x39, 0x20, 0x31, 0x18, 0x31, 0x18, 0x29, 0x10, 0x5A, 0x4A,
    0x29, 0x10, 0x31, 0x18, 0x31, 0x18, 0x8B, 0x83, 0x31, 0x18, 0x29, 0x10, 0x52, 0x41, 0x94, 0x8B,
    0xFF, 0x9C, 0xFF, 0xBD, 0xFF, 0xE6, 0xFF, 0x83, 0xFF, 0xAC, 0xFF, 0xA4, 0xFF, 0xEE, 0xFF, 0x9C,
    0xFF, 0xA4, 0xFF, 0x9C, 0xFF, 0xEE, 0xFF, 0xBD, 0xFF, 0x9C, 0xFF, 0xA4, 0xFF, 0xFF, 0xFF, 0xCD,
    0x9C, 0x9C, 0xBD, 0xBD, 0xE6, 0xE6, 0x73, 0x8B, 0xAC, 0xAC, 0x94, 0x8B, 0xEE, 0xEE, 0x94, 0xA4,
    0x94, 0x8B, 0x83, 0x4A, 0xDE, 0xC5, 0xB4, 0xC5, 0x83, 0x4A, 0x8B, 0x41, 0xD5, 0xAC, 0xCD, 0xCD,
    0xFF, 0x52, 0xFF, 0x7B, 0xFF, 0xCD, 0xFF, 0x83, 0xFF, 0x62, 0xFF, 0x73, 0xFF, 0xDE, 0xFF, 0xBD,
    0xFF, 0x73, 0xFF, 0x73, 0xFF, 0x7B, 0xFF, 0x83, 0xFF, 0x83, 0xFF, 0x83, 0xFF, 0x52, 0xFF, 0x39,
    0x4A, 0x5A, 0x7B, 0x7B, 0xCD, 0xCD, 0x73, 0x8B, 0x5A, 0x6A, 0x73, 0x73, 0xDE, 0xDE, 0xBD, 0xBD,
    0x6A, 0x7B, 0x6A, 0x7B, 0x7B, 0x7B, 0x83, 0x83, 0x73, 0x8B, 0x73, 0x8B, 0x4A, 0x5A, 0x39, 0x39,
    0xFF, 0xAC, 0xFF, 0xD5, 0xFF, 0xFF, 0xFF, 0xFF, 0xFF, 0x8B, 0xFF, 0xAC, 0xFF, 0xBD, 0xFF, 0xCD,
    0xFF, 0x6A, 0xFF, 0xBD, 0xFF, 0x83, 0xFF, 0x6A, 0xFF, 0x62, 0xFF, 0x73, 0xFF, 0x6A, 0xFF, 0x6A,
    0xA4, 0xBD, 0xCD, 0xE6, 0xFF, 0xFF, 0xFF, 0xFF, 0x83, 0x9C, 0xA4, 0xBD, 0xB4, 0xC5, 0xBD, 0xD5,
    0x6A, 0x6A, 0xBD, 0xBD, 0x83, 0x8B, 0x62, 0x73, 0x62, 0x62, 0x73, 0x73, 0x6A, 0x6A, 0x62, 0x73,
    0xFF, 0xFF, 0xFF, 0xF6, 0xFF, 0xCD, 0xFF, 0xCD, 0xFF, 0xCD, 0xFF, 0xA4, 0xFF, 0x83, 0xFF, 0x8B,
    0xFF, 0x8B, 0xFF, 0xA4, 0xFF, 0x52, 0xFF, 0x5A, 0xFF, 0x6A, 0xFF, 0x62, 0xFF, 0x62, 0xFF, 0x6A,
    0xFF, 0xFF, 0xF6, 0xF6, 0xBD, 0xD5, 0xBD, 0xD5, 0xBD, 0xD5, 0x9C, 0xAC, 0x73, 0x8B, 0x8B, 0x8B,
    0x83, 0x9C, 0xA4, 0xA4, 0x4A, 0x5A, 0x5A, 0x5A, 0x6A, 0x6A, 0x62, 0x62, 0x5A, 0x6A, 0x62, 0x73,
    0xFF, 0xFF, 0xFF, 0xAC, 0xFF, 0x83, 0xFF, 0x62, 0xFF, 0xC5, 0xFF, 0xBD, 0xFF, 0x73, 0xFF, 0xAC,
    0xFF, 0x62, 0xFF, 0x62, 0xFF, 0x83, 0xFF, 0x9C, 0xFF, 0x6A, 0xFF, 0x6A, 0xFF, 0x8B, 0xFF, 0x62,
    0xFF, 0xFF, 0xAC, 0xAC, 0x73, 0x8B, 0x62, 0x62, 0xC5, 0xC5, 0xBD, 0xBD, 0x6A, 0x7B, 0xA4, 0xBD,
    0x62, 0x62, 0x62, 0x62, 0x73, 0x8B, 0x94, 0xA4, 0x62, 0x73, 0x62, 0x73, 0x83, 0x9C, 0x5A, 0x6A,
    0xFF, 0x9C, 0xFF, 0xA4, 0xFF, 0xF6, 0xFF, 0xBD, 0xFF, 0x9C, 0xFF, 0xBD, 0xFF, 0xF6, 0xFF, 0x94,
    0xFF, 0x83, 0xFF, 0xFF, 0xFF, 0xCD, 0xFF, 0x7B, 0xFF, 0xD5, 0xFF, 0xFF, 0xFF, 0x9C, 0xFF, 0x83,
    0x94, 0xA4, 0x9C, 0xAC, 0xF6, 0xF6, 0xBD, 0xBD, 0x94, 0xA4, 0xBD, 0xBD, 0xF6, 0xF6, 0x94, 0x94,
    0x73, 0x8B, 0xFF, 0xFF, 0xCD, 0xCD, 0x7B, 0x7B, 0xD5, 0xD5, 0xFF, 0xFF, 0x9C, 0x9C, 0x83, 0x83,
    0xFF, 0x94, 0xFF, 0x94, 0xFF, 0x94, 0xFF, 0x83, 0xFF, 0x83, 0xFF, 0x83, 0xFF, 0xA4, 0xFF, 0xB4,
    0xFF, 0x83, 0xFF, 0x9C, 0xFF, 0xC5, 0xFF, 0xBD, 0xFF, 0xA4, 0xFF, 0x9C, 0xFF, 0xC5, 0xFF, 0xBD,
    0x94, 0x94, 0x94, 0x94, 0x94, 0x94, 0x83, 0x8B, 0x83, 0x83, 0x83, 0x8B, 0x9C, 0x7B, 0x9C, 0x62,
    0x83, 0x83, 0x9C, 0x9C, 0xA4, 0x62, 0xA4, 0x52, 0xA4, 0xA4, 0x9C, 0x9C, 0xA4, 0x62, 0xA4, 0x52,
    0xFF, 0x94, 0xFF, 0xB4, 0xFF, 0xBD, 0xFF, 0xC5, 0xFF, 0xBD, 0xFF, 0xBD, 0xFF, 0xC5, 0xFF, 0xC5,
    0xFF, 0xBD, 0xFF, 0xBD, 0xFF, 0xBD, 0xFF, 0xC5, 0xFF, 0xB4, 0xFF, 0xB4, 0xFF, 0xB4, 0xFF, 0xBD,
    0x8B, 0x83, 0x9C, 0x62, 0xA4, 0x52, 0xA4, 0x52, 0xA4, 0x52, 0xA4, 0x52, 0xA4, 0x52, 0xA4, 0x52,
    0x9C, 0x4A, 0xA4, 0x52, 0x9C, 0x4A, 0xA4, 0x52, 0x9C, 0x52, 0x9C, 0x4A, 0x9C, 0x52, 0xA4, 0x52,
    0xFF, 0xC5, 0xFF, 0xCD, 0xFF, 0xCD, 0xFF, 0xCD, 0xFF, 0xCD, 0xFF, 0xCD, 0xFF, 0xCD, 0xFF, 0xCD,
    0xFF, 0xC5, 0xFF, 0xCD, 0xFF, 0xC5, 0xFF, 0xAC, 0xFF, 0xC5, 0xFF, 0xB4, 0xFF, 0xA4, 0xFF, 0x83,
    0xA4, 0x52, 0xAC, 0x5A, 0xAC, 0x5A, 0xAC, 0x5A, 0xAC, 0x5A, 0xAC, 0x5A, 0xAC, 0x5A, 0xAC, 0x5A,
    0xA4, 0x52, 0xAC, 0x5A, 0xA4, 0x52, 0x94, 0x4A, 0xA4, 0x52, 0x9C, 0x52, 0x94, 0x4A, 0x73, 0x41,
    0xFF, 0xCD, 0xFF, 0xCD, 0xFF, 0xC5, 0xFF, 0xBD, 0xFF, 0xC5, 0xFF, 0xAC, 0xFF, 0x94, 0xFF, 0xA4,
    0xFF, 0x94, 0xFF, 0x94, 0xFF, 0x9C, 0xFF, 0xAC, 0xFF, 0x94, 0xFF, 0xB4, 0xFF, 0xC5, 0xFF, 0xC5,
    0xAC, 0x5A, 0xAC, 0x5A, 0xA4, 0x7B, 0xBD, 0xBD, 0xA4, 0x52, 0x94, 0x4A, 0x83, 0x41, 0x7B, 0x62,
    0x7B, 0x4A, 0x7B, 0x4A, 0x83, 0x4A, 0x94, 0x4A, 0x7B, 0x4A, 0x9C, 0x52, 0xA4, 0x52, 0xA4, 0x52,
    0xFF, 0x9C, 0xFF, 0x8B, 0xFF, 0x94, 0xFF, 0xB4, 0xFF, 0xA4, 0xFF, 0xB4, 0xFF, 0xCD, 0xFF, 0xCD,
    0xFF, 0xB4, 0xFF, 0xC5, 0xFF, 0xBD, 0xFF, 0xBD, 0xFF, 0xC5, 0xFF, 0xBD, 0xFF, 0xBD, 0xFF, 0xBD,
    0x94, 0x6A, 0x73, 0x41, 0x7B, 0x4A, 0x9C, 0x52, 0xA4, 0xA4, 0x9C, 0x62, 0xAC, 0x5A, 0xAC, 0x5A,
    0x9C, 0x62, 0xA4, 0x62, 0xA4, 0x52, 0xA4, 0x52, 0xA4, 0x52, 0xA4, 0x52, 0xA4, 0x52, 0xA4, 0x52,
    0xFF, 0xC5, 0xFF, 0xCD, 0xFF, 0xC5, 0xFF, 0xC5, 0xFF, 0xC5, 0xFF, 0xBD, 0xFF, 0xBD, 0xFF, 0xBD,
    0xFF, 0xBD, 0xFF, 0xBD, 0xFF, 0xBD, 0xFF, 0xBD, 0xFF, 0xBD, 0xFF, 0xBD, 0xFF, 0xBD, 0xFF, 0xBD,
    0xA4, 0x52, 0xAC, 0x5A, 0xA4, 0x52, 0xA4, 0x52, 0xA4, 0x52, 0xA4, 0x52, 0xA4, 0x52, 0xA4, 0x52,
    0xA4, 0x52, 0xA4, 0x52, 0x9C, 0x4A, 0xA4, 0x52, 0xA4, 0x52, 0x9C, 0x4A, 0x9C, 0x4A, 0x9C, 0x4A,
    0xFF, 0xBD, 0xFF, 0xC5, 0xFF, 0xB4, 0xFF, 0xB4, 0xFF, 0xBD, 0xFF, 0xBD, 0xFF, 0xBD, 0xFF, 0xB4,
    0xFF, 0xBD, 0xFF, 0xB4, 0xFF, 0xB4, 0xFF, 0xB4, 0xFF, 0xB4, 0xFF, 0xB4, 0xFF, 0xB4, 0xFF, 0xA4,
    0xA4, 0x52, 0xA4, 0x52, 0x9C, 0x52, 0x9C, 0x52, 0xA4, 0x52, 0xA4, 0x52, 0xA4, 0x52, 0x9C, 0x4A,
    0x9C, 0x4A, 0x9C, 0x52, 0x9C, 0x52, 0x9C, 0x4A, 0x9C, 0x52, 0x9C, 0x52, 0x9C, 0x52, 0x8B, 0x41,
    0xFF, 0x41, 0xFF, 0x39, 0xFF, 0x29, 0xFF, 0x08, 0xFF, 0x41, 0xFF, 0x29, 0xFF, 0x08, 0xFF, 0x08,
    0xFF, 0x31, 0xFF, 0x20, 0xFF, 0x10, 0xFF, 0x29, 0xFF, 0x31, 0xFF, 0x31, 0xFF, 0x31, 0xFF, 0x31,
    0x39, 0x31, 0x39, 0x39, 0x29, 0x29, 0x08, 0x08, 0x41, 0x41, 0x29, 0x29, 0x08, 0x08, 0x08, 0x08,
    0x31, 0x31, 0x20, 0x20, 0x10, 0x10, 0x29, 0x29, 0x31, 0x31, 0x31, 0x31, 0x31, 0x31, 0x31, 0x31,
    0xFF, 0x29, 0xFF, 0x31, 0xFF, 0x31, 0xFF, 0x31, 0xFF, 0x31, 0xFF, 0x31, 0xFF, 0x31, 0xFF, 0x31,
    0xFF, 0x31, 0xFF, 0x31, 0xFF, 0x31, 0xFF, 0x41, 0xFF, 0x31, 0xFF, 0x31, 0xFF, 0x31, 0xFF, 0x62,
    0x29, 0x29, 0x31, 0x31, 0x31, 0x31, 0x31, 0x31, 0x31, 0x31, 0x31, 0x31, 0x31, 0x31, 0x31, 0x31,
    0x31, 0x31, 0x31, 0x31, 0x31, 0x31, 0x41, 0x41, 0x31, 0x31, 0x31, 0x31, 0x31, 0x31, 0x62, 0x62,
    0xFF, 0x39, 0xFF, 0x5A, 0xFF, 0xA4, 0xFF, 0xAC, 0xFF, 0x52, 0xFF, 0x73, 0xFF, 0x94, 0xFF, 0xA4,
    0xFF, 0x62, 0xFF, 0x6A, 0xFF, 0x6A, 0xFF, 0x5A, 0xFF, 0x83, 0xFF, 0x73, 0xFF, 0x5A, 0xFF, 0x4A,
    0x39, 0x39, 0x5A, 0x5A, 0xA4, 0x9C, 0xAC, 0xAC, 0x4A, 0x52, 0x73, 0x73, 0x94, 0x94, 0xA4, 0x9C,
    0x62, 0x62, 0x6A, 0x6A, 0x6A, 0x6A, 0x4A, 0x39, 0x83, 0x83, 0x73, 0x73, 0x39, 0x20, 0x20, 0x08,
    0xFF, 0xA4, 0xFF, 0xA4, 0xFF, 0xB4, 0xFF, 0x6A, 0xFF, 0xA4, 0xFF, 0xAC, 0xFF, 0xBD, 0xFF, 0x7B,
    0xFF, 0x6A, 0xFF, 0x7B, 0xFF, 0x73, 0xFF, 0x7B, 0xFF, 0x4A, 0xFF, 0x4A, 0xFF, 0x4A, 0xFF, 0x4A,
    0xA4, 0xA4, 0xA4, 0xA4, 0xB4, 0xB4, 0x52, 0x41, 0xA4, 0xA4, 0xAC, 0xAC, 0xBD, 0xBD, 0x73, 0x62,
    0x4A, 0x31, 0x62, 0x5A, 0x73, 0x73, 0x62, 0x5A, 0x29, 0x10, 0x20, 0x08, 0x20, 0x08, 0x29, 0x10,
    0xFF, 0x31, 0xFF, 0x4A, 0xFF, 0x41, 0xFF, 0x39, 0xFF, 0x4A, 0xFF, 0x41, 0xFF, 0x52, 0xFF, 0x4A,
    0xFF, 0x4A, 0xFF, 0x52, 0xFF, 0x52, 0xFF, 0x52, 0xFF, 0x52, 0xFF, 0x52, 0xFF, 0x52, 0xFF, 0x5A,
    0x18, 0x08, 0x29, 0x10, 0x20, 0x10, 0x20, 0x08, 0x20, 0x08, 0x31, 0x18, 0x39, 0x20, 0x29, 0x10,
    0x29, 0x10, 0x39, 0x20, 0x39, 0x20, 0x39, 0x20, 0x31, 0x18, 0x31, 0x18, 0x39, 0x20, 0x39, 0x20,
    0xFF, 0x41, 0xFF, 0x52, 0xFF, 0x52, 0xFF, 0x5A, 0xFF, 0x52, 0xFF, 0x52, 0xFF, 0x5A, 0xFF, 0x5A,
    0xFF, 0x52, 0xFF, 0x62, 0xFF, 0x5A, 0xFF, 0x62, 0xFF, 0x62, 0xFF, 0x6A, 0xFF, 0x6A, 0xFF, 0x62,
    0x20, 0x10, 0x31, 0x18, 0x31, 0x18, 0x31, 0x18, 0x31, 0x18, 0x39, 0x20, 0x39, 0x20, 0x39, 0x20,
    0x39, 0x20, 0x41, 0x29, 0x39, 0x20, 0x41, 0x29, 0x41, 0x29, 0x4A, 0x31, 0x41, 0x29, 0x41, 0x29,
    0xFF, 0x5A, 0xFF, 0x62, 0xFF, 0x6A, 0xFF, 0x8B, 0xFF, 0x62, 0xFF, 0x62, 0xFF, 0x62, 0xFF, 0x83,
    0xFF, 0x6A, 0xFF, 0x6A, 0xFF, 0x6A, 0xFF, 0x8B, 0xFF, 0x73, 0xFF, 0x7B, 0xFF, 0x7B, 0xFF, 0x7B,
    0x39, 0x20, 0x39, 0x20, 0x52, 0x41, 0x73, 0x41, 0x41, 0x29, 0x41, 0x29, 0x41, 0x29, 0x73, 0x41,
    0x41, 0x29, 0x4A, 0x31, 0x41, 0x29, 0x73, 0x41, 0x4A, 0x31, 0x52, 0x31, 0x52, 0x31, 0x62, 0x39,
    0xFF, 0xA4, 0xFF, 0xB4, 0xFF, 0xCD, 0xFF, 0xEE, 0xFF, 0xAC, 0xFF, 0xB4, 0xFF, 0xBD, 0xFF, 0xDE,
    0xFF, 0xB4, 0xFF, 0xBD, 0xFF, 0xB4, 0xFF, 0xBD, 0xFF, 0x9C, 0xFF, 0xAC, 0xFF, 0xB4, 0xFF, 0xBD,
    0x8B, 0x41, 0x9C, 0x4A, 0xB4, 0x83, 0xEE, 0xEE, 0x94, 0x4A, 0x9C, 0x52, 0xA4, 0x52, 0xCD, 0xBD,
    0x9C, 0x4A, 0xA4, 0x52, 0x9C, 0x4A, 0xA4, 0x52, 0x83, 0x4A, 0x94, 0x4A, 0x9C, 0x52, 0xA4, 0x52,
    0xFF, 0x5A, 0xFF, 0x6A, 0xFF, 0x83, 0xFF, 0x8B, 0xFF, 0xD5, 0xFF, 0x83, 0xFF, 0x6A, 0xFF, 0x73,
    0xFF, 0xBD, 0xFF, 0xC5, 0xFF, 0xD5, 0xFF, 0xE6, 0xFF, 0xBD, 0xFF, 0x73, 0xFF, 0x73, 0xFF, 0x83,
    0x5A, 0x5A, 0x62, 0x73, 0x73, 0x8B, 0x83, 0x9C, 0xD5, 0xD5, 0x83, 0x83, 0x6A, 0x6A, 0x6A, 0x7B,
    0xBD, 0x9C, 0xC5, 0xC5, 0xD5, 0xCD, 0xE6, 0xE6, 0x9C, 0x4A, 0x6A, 0x5A, 0x73, 0x73, 0x83, 0x83,
    0xFF, 0x9C, 0xFF, 0x62, 0xFF, 0x52, 0xFF, 0x73, 0xFF, 0xA4, 0xFF, 0xBD, 0xFF, 0xCD, 0xFF, 0xBD,
    0xFF, 0xEE, 0xFF, 0xEE, 0xFF, 0xD5, 0xFF, 0xD5, 0xFF, 0x94, 0xFF, 0x94, 0xFF, 0x7B, 0xFF, 0x73,
    0x94, 0xA4, 0x5A, 0x6A, 0x4A, 0x5A, 0x6A, 0x7B, 0xA4, 0x9C, 0xB4, 0xC5, 0xBD, 0xD5, 0xB4, 0xC5,
    0xEE, 0xEE, 0xEE, 0xEE, 0xD5, 0xD5, 0xD5, 0xD5, 0x94, 0x94, 0x94, 0x94, 0x7B, 0x7B, 0x73, 0x73,
    0xFF, 0x62, 0xFF, 0x62, 0xFF, 0x6A, 0xFF, 0x73, 0xFF, 0xBD, 0xFF, 0xB4, 0xFF, 0xA4, 0xFF, 0x94,
    0xFF, 0xDE, 0xFF, 0xE6, 0xFF, 0xEE, 0xFF, 0xDE, 0xFF, 0x83, 0xFF, 0x83, 0xFF, 0x7B, 0xFF, 0x62,
    0x5A, 0x6A, 0x5A, 0x6A, 0x62, 0x73, 0x6A, 0x7B, 0xB4, 0xC5, 0xB4, 0xB4, 0xA4, 0xA4, 0x94, 0x94,
    0xDE, 0xDE, 0xE6, 0xE6, 0xEE, 0xEE, 0xDE, 0xDE, 0x83, 0x83, 0x83, 0x8B, 0x7B, 0x7B, 0x62, 0x62,
    0xFF, 0x62, 0xFF, 0x52, 0xFF, 0x6A, 0xFF, 0xBD, 0xFF, 0xA4, 0xFF, 0xBD, 0xFF, 0xE6, 0xFF, 0xEE,
    0xFF, 0xBD, 0xFF, 0xB4, 0xFF, 0x94, 0xFF, 0x8B, 0xFF, 0x6A, 0xFF, 0x6A, 0xFF, 0x73, 0xFF, 0x83,
    0x5A, 0x6A, 0x4A, 0x5A, 0x62, 0x73, 0xBD, 0xBD, 0xA4, 0xA4, 0xBD, 0xBD, 0xE6, 0xE6, 0xEE, 0xEE,
    0xBD, 0xBD, 0xAC, 0xAC, 0x94, 0x94, 0x8B, 0x8B, 0x6A, 0x6A, 0x6A, 0x6A, 0x73, 0x73, 0x83, 0x83,
    0xFF, 0xFF, 0xFF, 0xB4, 0xFF, 0x7B, 0xFF, 0xA4, 0xFF, 0xB4, 0xFF, 0x73, 0xFF, 0x94, 0xFF, 0x9C,
    0xFF, 0x7B, 0xFF, 0x8B, 0xFF, 0x8B, 0xFF, 0x62, 0xFF, 0x94, 0xFF, 0x83, 0xFF, 0x5A, 0xFF, 0x6A,
    0xFF, 0xFF, 0xB4, 0xB4, 0x7B, 0x7B, 0xA4, 0x9C, 0xB4, 0xB4, 0x73, 0x73, 0x94, 0x94, 0x9C, 0x9C,
    0x7B, 0x7B, 0x8B, 0x8B, 0x8B, 0x8B, 0x62, 0x62, 0x94, 0x94, 0x83, 0x8B, 0x5A, 0x5A, 0x52, 0x41,
    0xFF, 0x94, 0xFF, 0x7B, 0xFF, 0xBD, 0xFF, 0xBD, 0xFF, 0x62, 0xFF, 0x7B, 0xFF, 0xBD, 0xFF, 0xB4,
    0xFF, 0x6A, 0xFF, 0x9C, 0xFF, 0x8B, 0xFF, 0x8B, 0xFF, 0x83, 0xFF, 0x83, 0xFF, 0x83, 0xFF, 0x7B,
    0x94, 0x94, 0x73, 0x62, 0xA4, 0x52, 0x9C, 0x4A, 0x62, 0x62, 0x6A, 0x41, 0xA4, 0x52, 0x9C, 0x4A,
    0x52, 0x41, 0x83, 0x41, 0x7B, 0x39, 0x73, 0x41, 0x73, 0x41, 0x73, 0x41, 0x73, 0x41, 0x6A, 0x41,
    0xFF, 0xB4, 0xFF, 0xB4, 0xFF, 0xB4, 0xFF, 0xB4, 0xFF, 0xAC, 0xFF, 0xA4, 0xFF, 0x9C, 0xFF, 0x83,
    0xFF, 0x83, 0xFF, 0x83, 0xFF, 0x7B, 0xFF, 0x7B, 0xFF, 0x7B, 0xFF, 0x7B, 0xFF, 0x8B, 0xFF, 0xA4,
    0x9C, 0x4A, 0x9C, 0x4A, 0x9C, 0x4A, 0x9C, 0x4A, 0x94, 0x4A, 0x8B, 0x41, 0x83, 0x41, 0x73, 0x41,
    0x73, 0x41, 0x73, 0x41, 0x62, 0x39, 0x6A, 0x41, 0x6A, 0x41, 0x62, 0x39, 0x73, 0x39, 0x8B, 0x41,
    0xFF, 0x9C, 0xFF, 0x8B, 0xFF, 0x8B, 0xFF, 0xAC, 0xFF, 0x83, 0xFF, 0x94, 0xFF, 0xB4, 0xFF, 0xC5,
    0xFF, 0x94, 0xFF, 0xB4, 0xFF, 0xBD, 0xFF, 0xB4, 0xFF, 0xB4, 0xFF, 0xA4, 0xFF, 0xA4, 0xFF, 0xA4,
    0x83, 0x41, 0x73, 0x41, 0x73, 0x41, 0x94, 0x4A, 0x73, 0x41, 0x7B, 0x4A, 0x9C, 0x52, 0xA4, 0x52,
    0x83, 0x41, 0x9C, 0x4A, 0x9C, 0x4A, 0x9C, 0x4A, 0x9C, 0x4A, 0x8B, 0x4A, 0x94, 0x4A, 0x8B, 0x4A,
    0xFF, 0xC5, 0xFF, 0xC5, 0xFF, 0xBD, 0xFF, 0xBD, 0xFF, 0xBD, 0xFF, 0xB4, 0xFF, 0xB4, 0xFF, 0xB4,
    0xFF, 0xAC, 0xFF, 0xAC, 0xFF, 0xB4, 0xFF, 0xAC, 0xFF, 0xAC, 0xFF, 0xA4, 0xFF, 0xA4, 0xFF, 0xA4,
    0xA4, 0x52, 0xA4, 0x52, 0xA4, 0x52, 0xA4, 0x52, 0xA4, 0x52, 0x9C, 0x52, 0x9C, 0x52, 0x9C, 0x4A,
    0x94, 0x4A, 0x94, 0x4A, 0x94, 0x41, 0x94, 0x4A, 0x94, 0x4A, 0x8B, 0x4A, 0x8B, 0x4A, 0x8B, 0x4A,
    0xFF, 0xB4, 0xFF, 0xBD, 0xFF, 0xBD, 0xFF, 0xBD, 0xFF, 0xBD, 0xFF, 0xB4, 0xFF, 0xBD, 0xFF, 0xB4,
    0xFF, 0xB4, 0xFF, 0xAC, 0xFF, 0xB4, 0xFF, 0xAC, 0xFF, 0xA4, 0xFF, 0xA4, 0xFF, 0xAC, 0xFF, 0xA4,
    0x9C, 0x52, 0xA4, 0x52, 0x9C, 0x4A, 0x9C, 0x4A, 0x9C, 0x4A, 0x9C, 0x4A, 0x9C, 0x4A, 0x9C, 0x4A,
    0x94, 0x41, 0x94, 0x4A, 0x94, 0x41, 0x94, 0x4A, 0x8B, 0x4A, 0x8B, 0x4A, 0x94, 0x4A, 0x8B, 0x4A,
    0xFF, 0xB4, 0xFF, 0xBD, 0xFF, 0xB4, 0xFF, 0xB4, 0xFF, 0xBD, 0xFF, 0xB4, 0xFF, 0xB4, 0xFF, 0xB4,
    0xFF, 0xAC, 0xFF, 0xAC, 0xFF, 0xAC, 0xFF, 0xAC, 0xFF, 0xA4, 0xFF, 0x9C, 0xFF, 0x9C, 0xFF, 0x8B,
    0x9C, 0x4A, 0x9C, 0x4A, 0x9C, 0x4A, 0x9C, 0x4A, 0x9C, 0x4A, 0x9C, 0x4A, 0x9C, 0x4A, 0x9C, 0x4A,
    0x94, 0x4A, 0x94, 0x4A, 0x94, 0x4A, 0x94, 0x4A, 0x8B, 0x4A, 0x83, 0x41, 0x83, 0x41, 0x7B, 0x39,
    0xFF, 0xB4, 0xFF, 0xB4, 0xFF, 0x9C, 0xFF, 0xA4, 0xFF, 0xB4, 0xFF, 0x9C, 0xFF, 0xA4, 0xFF, 0xB4,
    0xFF, 0x9C, 0xFF, 0xA4, 0xFF, 0xB4, 0xFF, 0xB4, 0xFF, 0xA4, 0xFF, 0xAC, 0xFF, 0xB4, 0xFF, 0xB4,
    0x9C, 0x4A, 0x9C, 0x4A, 0x83, 0x41, 0x8B, 0x4A, 0x9C, 0x4A, 0x83, 0x41, 0x94, 0x4A, 0x9C, 0x4A,
    0x83, 0x41, 0x8B, 0x4A, 0x9C, 0x4A, 0x94, 0x41, 0x8B, 0x4A, 0x94, 0x4A, 0x94, 0x41, 0x9C, 0x62,
    0xFF, 0x31, 0xFF, 0x31, 0xFF, 0x31, 0xFF, 0x31, 0xFF, 0x31, 0xFF, 0x31, 0xFF, 0x31, 0xFF, 0x31,
    0xFF, 0x52, 0xFF, 0x5A, 0xFF, 0x5A, 0xFF, 0x6A, 0xFF, 0x8B, 0xFF, 0x83, 0xFF, 0x83, 0xFF, 0x83,
    0x31, 0x31, 0x31, 0x31, 0x31, 0x31, 0x31, 0x31, 0x31, 0x31, 0x31, 0x31, 0x31, 0x31, 0x31, 0x31,
    0x52, 0x52, 0x5A, 0x5A, 0x5A, 0x5A, 0x6A, 0x6A, 0x8B, 0x8B, 0x83, 0x8B, 0x83, 0x83, 0x83, 0x83,
    0xFF, 0x31, 0xFF, 0x31, 0xFF, 0x39, 0xFF, 0x73, 0xFF, 0x31, 0xFF, 0x31, 0xFF, 0x4A, 0xFF, 0x62,
    0xFF, 0x6A, 0xFF, 0x62, 0xFF, 0x62, 0xFF, 0x6A, 0xFF, 0x83, 0xFF, 0x7B, 0xFF, 0x73, 0xFF, 0x73,
    0x31, 0x31, 0x31, 0x31, 0x39, 0x39, 0x73, 0x73, 0x31, 0x31, 0x31, 0x31, 0x4A, 0x4A, 0x62, 0x62,
    0x6A, 0x6A, 0x62, 0x62, 0x62, 0x62, 0x6A, 0x6A, 0x83, 0x83, 0x7B, 0x7B, 0x73, 0x73, 0x73, 0x73,
    0xFF, 0x73, 0xFF, 0x7B, 0xFF, 0x4A, 0xFF, 0x52, 0xFF, 0x6A, 0xFF, 0x6A, 0xFF, 0x4A, 0xFF, 0x4A,
    0xFF, 0x6A, 0xFF, 0x6A, 0xFF, 0x4A, 0xFF, 0x4A, 0xFF, 0x5A, 0xFF, 0x52, 0xFF, 0x4A, 0xFF, 0x4A,
    0x73, 0x73, 0x62, 0x5A, 0x20, 0x08, 0x31, 0x18, 0x6A, 0x6A, 0x62, 0x52, 0x29, 0x10, 0x20, 0x08,
    0x6A, 0x6A, 0x62, 0x52, 0x20, 0x08, 0x29, 0x10, 0x4A, 0x39, 0x39, 0x20, 0x20, 0x08, 0x20, 0x08,
    0xFF, 0x4A, 0xFF, 0x4A, 0xFF, 0x4A, 0xFF, 0x5A, 0xFF, 0x4A, 0xFF, 0x52, 0xFF, 0x52, 0xFF, 0x52,
    0xFF, 0x4A, 0xFF, 0x5A, 0xFF, 0x5A, 0xFF, 0x5A, 0xFF, 0x4A, 0xFF, 0x5A, 0xFF, 0x62, 0xFF, 0x62,
    0x29, 0x10, 0x20, 0x08, 0x29, 0x10, 0x31, 0x18, 0x20, 0x08, 0x31, 0x18, 0x31, 0x18, 0x31, 0x18,
    0x20, 0x08, 0x31, 0x18, 0x31, 0x18, 0x31, 0x18, 0x29, 0x10, 0x31, 0x18, 0x41, 0x29, 0x39, 0x20,
    0xFF, 0x52, 0xFF, 0x52, 0xFF, 0x5A, 0xFF, 0x5A, 0xFF, 0x52, 0xFF, 0x52, 0xFF, 0x5A, 0xFF, 0x5A,
    0xFF, 0x52, 0xFF, 0x5A, 0xFF, 0x5A, 0xFF, 0x5A, 0xFF, 0x62, 0xFF, 0x5A, 0xFF, 0x5A, 0xFF, 0x5A,
    0x31, 0x18, 0x31, 0x18, 0x31, 0x18, 0x39, 0x20, 0x31, 0x18, 0x31, 0x18, 0x31, 0x18, 0x31, 0x18,
    0x31, 0x18, 0x31, 0x18, 0x31, 0x18, 0x31, 0x18, 0x39, 0x20, 0x31, 0x18, 0x31, 0x18, 0x31, 0x18,
    0xFF, 0x62, 0xFF, 0x6A, 0xFF, 0x62, 0xFF, 0x62, 0xFF, 0x62, 0xFF, 0x6A, 0xFF, 0x6A, 0xFF, 0x6A,
    0xFF, 0x5A, 0xFF, 0x62, 0xFF, 0x5A, 0xFF, 0x6A, 0xFF, 0x5A, 0xFF, 0x52, 0xFF, 0x5A, 0xFF, 0x62,
    0x41, 0x29, 0x4A, 0x31, 0x41, 0x29, 0x41, 0x29, 0x41, 0x29, 0x4A, 0x31, 0x41, 0x29, 0x4A, 0x31,
    0x31, 0x18, 0x41, 0x29, 0x41, 0x20, 0x4A, 0x31, 0x31, 0x18, 0x31, 0x18, 0x39, 0x20, 0x41, 0x29,
    0xFF, 0x7B, 0xFF, 0x83, 0xFF, 0x7B, 0xFF, 0x7B, 0xFF, 0x7B, 0xFF, 0x83, 0xFF, 0x83, 0xFF, 0x83,
    0xFF, 0x7B, 0xFF, 0x83, 0xFF, 0x83, 0xFF, 0x8B, 0xFF, 0x6A, 0xFF, 0x7B, 0xFF, 0x83, 0xFF, 0x8B,
    0x52, 0x31, 0x5A, 0x39, 0x5A, 0x39, 0x5A, 0x39, 0x5A, 0x39, 0x5A, 0x39, 0x62, 0x41, 0x62, 0x41,
    0x52, 0x31, 0x5A, 0x39, 0x5A, 0x39, 0x62, 0x4A, 0x4A, 0x31, 0x52, 0x31, 0x62, 0x41, 0x62, 0x4A,
    0xFF, 0x7B, 0xFF, 0x8B, 0xFF, 0x94, 0xFF, 0xA4, 0xFF, 0x83, 0xFF, 0x7B, 0xFF, 0x7B, 0xFF, 0x7B,
    0xFF, 0x83, 0xFF, 0x8B, 0xFF, 0x83, 0xFF, 0x8B, 0xFF, 0x94, 0xFF, 0xA4, 0xFF, 0xB4, 0xFF, 0xB4,
    0x62, 0x39, 0x7B, 0x39, 0x83, 0x41, 0x8B, 0x41, 0x62, 0x41, 0x62, 0x39, 0x62, 0x39, 0x62, 0x39,
    0x73, 0x41, 0x73, 0x41, 0x73, 0x41, 0x73, 0x41, 0x7B, 0x4A, 0x8B, 0x4A, 0x9C, 0x4A, 0x9C, 0x52,
    0xFF, 0xA4, 0xFF, 0x9C, 0xFF, 0x6A, 0xFF, 0x62, 0xFF, 0x7B, 0xFF, 0x83, 0xFF, 0x73, 0xFF, 0x73,
    0xFF, 0x8B, 0xFF, 0x94, 0xFF, 0x9C, 0xFF, 0x94, 0xFF, 0xC5, 0xFF, 0xBD, 0xFF, 0xCD, 0xFF, 0xB4,
    0x8B, 0x4A, 0x83, 0x4A, 0x6A, 0x6A, 0x62, 0x62, 0x6A, 0x41, 0x73, 0x41, 0x6A, 0x5A, 0x73, 0x73,
    0x73, 0x41, 0x7B, 0x4A, 0x83, 0x41, 0x83, 0x73, 0xA4, 0x52, 0xA4, 0x52, 0xAC, 0x5A, 0x9C, 0x62,
    0xFF, 0x52, 0xFF, 0x5A, 0xFF, 0x52, 0xFF, 0x52, 0xFF, 0x73, 0xFF, 0x73, 0xFF, 0x52, 0xFF, 0x31,
    0xFF, 0x7B, 0xFF, 0x73, 0xFF, 0x4A, 0xFF, 0x20, 0xFF, 0x83, 0xFF, 0x73, 0xFF, 0x52, 0xFF, 0x9C,
    0x52, 0x52, 0x5A, 0x5A, 0x52, 0x52, 0x4A, 0x52, 0x73, 0x73, 0x73, 0x73, 0x52, 0x52, 0x31, 0x31,
    0x7B, 0x7B, 0x73, 0x73, 0x4A, 0x4A, 0x20, 0x20, 0x83, 0x8B, 0x73, 0x73, 0x4A, 0x52, 0x83, 0x41,
    0xFF, 0x4A, 0xFF, 0x52, 0xFF, 0x5A, 0xFF, 0x62, 0xFF, 0x18, 0xFF, 0x29, 0xFF, 0x52, 0xFF, 0x73,
    0xFF, 0x6A, 0xFF, 0x5A, 0xFF, 0x31, 0xFF, 0x73, 0xFF, 0xC5, 0xFF, 0xB4, 0xFF, 0x83, 0xFF, 0x6A,
    0x4A, 0x4A, 0x52, 0x52, 0x5A, 0x5A, 0x62, 0x62, 0x18, 0x18, 0x29, 0x29, 0x52, 0x52, 0x73, 0x73,
    0x5A, 0x31, 0x4A, 0x29, 0x31, 0x31, 0x73, 0x73, 0xA4, 0x52, 0x9C, 0x52, 0x73, 0x41, 0x62, 0x52,
    0xFF, 0x6A, 0xFF, 0x73, 0xFF, 0x83, 0xFF, 0x94, 0xFF, 0x7B, 0xFF, 0x83, 0xFF, 0x8B, 0xFF, 0x83,
    0xFF, 0x83, 0xFF, 0x94, 0xFF, 0x83, 0xFF, 0x7B, 0xFF, 0x8B, 0xFF, 0x94, 0xFF, 0xA4, 0xFF, 0x94,
    0x6A, 0x6A, 0x73, 0x73, 0x83, 0x83, 0x94, 0x94, 0x7B, 0x7B, 0x83, 0x8B, 0x8B, 0x8B, 0x83, 0x83,
    0x83, 0x83, 0x94, 0x94, 0x83, 0x83, 0x7B, 0x5A, 0x8B, 0x8B, 0x94, 0x94, 0x7B, 0x62, 0x83, 0x39,
    0xFF, 0x83, 0xFF, 0x6A, 0xFF, 0x8B, 0xFF, 0xA4, 0xFF, 0x73, 0xFF, 0x9C, 0xFF, 0xAC, 0xFF, 0xA4,
    0xFF, 0x9C, 0xFF, 0xA4, 0xFF, 0x9C, 0xFF, 0x9C, 0xFF, 0x9C, 0xFF, 0x94, 0xFF, 0x94, 0xFF, 0x94,
    0x83, 0x83, 0x62, 0x52, 0x73, 0x39, 0x8B, 0x41, 0x73, 0x73, 0x83, 0x41, 0x94, 0x4A, 0x8B, 0x4A,
    0x83, 0x4A, 0x8B, 0x41, 0x83, 0x41, 0x83, 0x41, 0x83, 0x41, 0x83, 0x41, 0x83, 0x41, 0x83, 0x41,
    0xFF, 0xA4, 0xFF, 0xA4, 0xFF, 0xA4, 0xFF, 0xA4, 0xFF, 0xB4, 0xFF, 0xA4, 0xFF, 0xA4, 0xFF, 0xA4,
    0xFF, 0x9C, 0xFF, 0x9C, 0xFF, 0x94, 0xFF, 0x8B, 0xFF, 0x94, 0xFF, 0x8B, 0xFF, 0x94, 0xFF, 0x8B,
    0x8B, 0x41, 0x8B, 0x4A, 0x8B, 0x41, 0x8B, 0x41, 0x94, 0x41, 0x8B, 0x4A, 0x8B, 0x4A, 0x8B, 0x41,
    0x83, 0x41, 0x83, 0x41, 0x83, 0x41, 0x7B, 0x39, 0x83, 0x41, 0x7B, 0x39, 0x83, 0x41, 0x7B, 0x39,
    0xFF, 0xA4, 0xFF, 0xA4, 0xFF, 0xA4, 0xFF, 0xA4, 0xFF, 0xA4, 0xFF, 0x8B, 0xFF, 0x8B, 0xFF, 0x83,
    0xFF, 0x8B, 0xFF, 0x83, 0xFF, 0x7B, 0xFF, 0x7B, 0xFF, 0x8B, 0xFF, 0x83, 0xFF, 0x7B, 0xFF, 0x7B,
    0x8B, 0x41, 0x8B, 0x4A, 0x8B, 0x4A, 0x8B, 0x41, 0x8B, 0x41, 0x7B, 0x39, 0x73, 0x39, 0x73, 0x39,
    0x7B, 0x39, 0x73, 0x39, 0x62, 0x39, 0x6A, 0x39, 0x73, 0x39, 0x73, 0x39, 0x62, 0x39, 0x62, 0x39,
    0xFF, 0x9C, 0xFF, 0x9C, 0xFF, 0xA4, 0xFF, 0xA4, 0xFF, 0x94, 0xFF, 0x94, 0xFF, 0x9C, 0xFF, 0x9C,
    0xFF, 0x8B, 0xFF, 0x8B, 0xFF, 0x8B, 0xFF, 0x94, 0xFF, 0x83, 0xFF, 0x83, 0xFF, 0x7B, 0xFF, 0x7B,
    0x83, 0x41, 0x83, 0x41, 0x8B, 0x41, 0x8B, 0x41, 0x83, 0x41, 0x83, 0x41, 0x83, 0x41, 0x83, 0x41,
    0x73, 0x39, 0x7B, 0x39, 0x7B, 0x39, 0x83, 0x41, 0x73, 0x39, 0x73, 0x39, 0x6A, 0x39, 0x62, 0x39,
    0xFF, 0xA4, 0xFF, 0xA4, 0xFF, 0xA4, 0xFF, 0xA4, 0xFF, 0x9C, 0xFF, 0x9C, 0xFF, 0x9C, 0xFF, 0x8B,
    0xFF, 0x8B, 0xFF, 0x8B, 0xFF, 0x7B, 0xFF, 0x7B, 0xFF, 0x7B, 0xFF, 0x7B, 0xFF, 0x8B, 0xFF, 0x94,
    0x8B, 0x41, 0x8B, 0x41, 0x8B, 0x41, 0x8B, 0x41, 0x83, 0x41, 0x83, 0x41, 0x83, 0x41, 0x7B, 0x39,
    0x7B, 0x39, 0x73, 0x39, 0x62, 0x39, 0x6A, 0x39, 0x62, 0x39, 0x62, 0x39, 0x73, 0x39, 0x83, 0x41,
    0xFF, 0xA4, 0xFF, 0xA4, 0xFF, 0x94, 0xFF, 0x8B, 0xFF, 0x8B, 0xFF, 0x7B, 0xFF, 0x7B, 0xFF, 0x83,
    0xFF, 0x7B, 0xFF, 0x8B, 0xFF, 0x9C, 0xFF, 0xA4, 0xFF, 0x9C, 0xFF, 0x9C, 0xFF, 0x9C, 0xFF, 0x9C,
    0x8B, 0x41, 0x8B, 0x41, 0x83, 0x41, 0x73, 0x39, 0x73, 0x41, 0x6A, 0x39, 0x6A, 0x39, 0x73, 0x41,
    0x6A, 0x39, 0x7B, 0x39, 0x83, 0x41, 0x8B, 0x4A, 0x83, 0x41, 0x83, 0x41, 0x83, 0x41, 0x83, 0x41,
    0xFF, 0x7B, 0xFF, 0x83, 0xFF, 0x8B, 0xFF, 0xA4, 0xFF, 0x9C, 0xFF, 0xA4, 0xFF, 0xAC, 0xFF, 0xA4,
    0xFF, 0xA4, 0xFF, 0xA4, 0xFF, 0xA4, 0xFF, 0xA4, 0xFF, 0x9C, 0xFF, 0x9C, 0xFF, 0x9C, 0xFF, 0x9C,
    0x6A, 0x39, 0x73, 0x41, 0x7B, 0x39, 0x8B, 0x41, 0x83, 0x41, 0x8B, 0x4A, 0x94, 0x4A, 0x8B, 0x4A,
    0x8B, 0x41, 0x8B, 0x4A, 0x8B, 0x41, 0x8B, 0x41, 0x83, 0x41, 0x83, 0x41, 0x83, 0x41, 0x83, 0x41,
    0xFF, 0xA4, 0xFF, 0xA4, 0xFF, 0xA4, 0xFF, 0xA4, 0xFF, 0xA4, 0xFF, 0xA4, 0xFF, 0xA4, 0xFF, 0xAC,
    0xFF, 0x9C, 0xFF, 0xA4, 0xFF, 0x9C, 0xFF, 0xB4, 0xFF, 0x8B, 0xFF, 0x9C, 0xFF, 0xAC, 0xFF, 0xB4,
    0x8B, 0x4A, 0x8B, 0x4A, 0x94, 0x4A, 0xA4, 0xA4, 0x8B, 0x4A, 0x8B, 0x4A, 0x9C, 0x7B, 0xAC, 0xAC,
    0x83, 0x41, 0x83, 0x5A, 0x9C, 0x9C, 0xAC, 0xAC, 0x73, 0x41, 0x8B, 0x7B, 0xAC, 0xAC, 0xB4, 0xB4,
    0xFF, 0x83, 0xFF, 0x83, 0xFF, 0x83, 0xFF, 0x83, 0xFF, 0x83, 0xFF, 0x83, 0xFF, 0x83, 0xFF, 0x83,
    0xFF, 0x8B, 0xFF, 0x83, 0xFF, 0x83, 0xFF, 0x83, 0xB6, 0x11, 0xFF, 0x83, 0xFF, 0x83, 0xFF, 0x83,
    0x83, 0x83, 0x83, 0x83, 0x83, 0x83, 0x83, 0x83, 0x83, 0x83, 0x83, 0x83, 0x83, 0x83, 0x83, 0x83,
    0x52, 0x73, 0x83, 0x83, 0x83, 0x83, 0x83, 0x8B, 0x11, 0x11, 0x83, 0x83, 0x83, 0x83, 0x83, 0x83,
    0xFF, 0x83, 0xFF, 0x7B, 0xFF, 0x73, 0xFF, 0x83, 0xFF, 0x83, 0xFF, 0x7B, 0xFF, 0x83, 0xFF, 0x7B,
    0xFF, 0x83, 0xFF, 0x83, 0xFF, 0x83, 0xFF, 0x7B, 0xFF, 0x83, 0xFF, 0x83, 0xFF, 0x83, 0xFF, 0x83,
    0x83, 0x83, 0x7B, 0x7B, 0x73, 0x73, 0x83, 0x83, 0x83, 0x83, 0x7B, 0x7B, 0x83, 0x83, 0x7B, 0x7B,
    0x83, 0x83, 0x83, 0x83, 0x83, 0x83, 0x7B, 0x7B, 0x83, 0x83, 0x83, 0x83, 0x83, 0x8B, 0x83, 0x83,
    0xFF, 0x41, 0xFF, 0x31, 0xFF, 0x39, 0xFF, 0x4A, 0xFF, 0x6A, 0xFF, 0x39, 0xFF, 0x4A, 0xFF, 0x4A,
    0xFF, 0x73, 0xFF, 0x4A, 0xFF, 0x39, 0xFF, 0x4A, 0xFF, 0x73, 0xFF, 0x52, 0xFF, 0x39, 0xFF, 0x39,
    0x41, 0x41, 0x18, 0x08, 0x20, 0x08, 0x29, 0x10, 0x6A, 0x6A, 0x20, 0x08, 0x20, 0x08, 0x20, 0x08,
    0x73, 0x73, 0x39, 0x20, 0x20, 0x08, 0x20, 0x08, 0x73, 0x73, 0x41, 0x31, 0x20, 0x08, 0x20, 0x08,
    0xFF, 0x52, 0xFF, 0x52, 0xFF, 0x6A, 0xFF, 0x7B, 0xFF, 0x4A, 0xFF, 0x4A, 0xFF, 0x62, 0xFF, 0x73,
    0xFF, 0x39, 0xFF, 0x4A, 0xFF, 0x52, 0xFF, 0x6A, 0xFF, 0x4A, 0xFF, 0x4A, 0xFF, 0x4A, 0xFF, 0x52,
    0x31, 0x18, 0x31, 0x18, 0x41, 0x29, 0x52, 0x31, 0x20, 0x08, 0x20, 0x08, 0x39, 0x20, 0x4A, 0x31,
    0x20, 0x08, 0x29, 0x10, 0x31, 0x18, 0x41, 0x29, 0x20, 0x08, 0x20, 0x08, 0x29, 0x10, 0x31, 0x18,
    0xFF, 0x6A, 0xFF, 0x62, 0xFF, 0x5A, 0xFF, 0x52, 0xFF, 0x6A, 0xFF, 0x62, 0xFF, 0x62, 0xFF, 0x5A,
    0xFF, 0x6A, 0xFF, 0x62, 0xFF, 0x62, 0xFF, 0x62, 0xFF, 0x6A, 0xFF, 0x6A, 0xFF, 0x62, 0xFF, 0x62,
    0x41, 0x29, 0x39, 0x20, 0x31, 0x18, 0x31, 0x18, 0x41, 0x29, 0x39, 0x20, 0x41, 0x29, 0x31, 0x18,
    0x41, 0x29, 0x41, 0x29, 0x41, 0x29, 0x39, 0x20, 0x41, 0x29, 0x41, 0x29, 0x41, 0x29, 0x41, 0x29,
    0xFF, 0x52, 0xFF, 0x5A, 0xFF, 0x52, 0xFF, 0x5A, 0xFF, 0x62, 0xFF, 0x62, 0xFF, 0x62, 0xFF, 0x52,
    0xFF, 0x62, 0xFF, 0x62, 0xFF, 0x6A, 0xFF, 0x62, 0xFF, 0x6A, 0xFF, 0x5A, 0xFF, 0x6A, 0xFF, 0x6A,
    0x31, 0x18, 0x31, 0x18, 0x39, 0x20, 0x39, 0x20, 0x39, 0x20, 0x41, 0x29, 0x39, 0x20, 0x31, 0x18,
    0x39, 0x20, 0x41, 0x29, 0x41, 0x29, 0x41, 0x29, 0x4A, 0x31, 0x39, 0x20, 0x41, 0x29, 0x41, 0x29,
    0xFF, 0x6A, 0xFF, 0x7B, 0xFF, 0x83, 0xFF, 0x94, 0xFF, 0x5A, 0xFF, 0x6A, 0xFF, 0x7B, 0xFF, 0x83,
    0xFF, 0x4A, 0xFF, 0x41, 0xFF, 0x5A, 0xFF, 0x7B, 0xFF, 0x62, 0xFF, 0x41, 0xFF, 0x41, 0xFF, 0x5A,
    0x4A, 0x31, 0x5A, 0x39, 0x5A, 0x39, 0x6A, 0x4A, 0x39, 0x20, 0x41, 0x29, 0x5A, 0x39, 0x73, 0x41,
    0x29, 0x10, 0x31, 0x18, 0x39, 0x20, 0x62, 0x39, 0x39, 0x20, 0x20, 0x10, 0x31, 0x18, 0x41, 0x20,
    0xFF, 0x94, 0xFF, 0xAC, 0xFF, 0xB4, 0xFF, 0xBD, 0xFF, 0x94, 0xFF, 0xA4, 0xFF, 0xB4, 0xFF, 0xB4,
    0xFF, 0x83, 0xFF, 0x9C, 0xFF, 0xA4, 0xFF, 0xA4, 0xFF, 0x7B, 0xFF, 0x83, 0xFF, 0x94, 0xFF, 0x94,
    0x83, 0x41, 0x94, 0x4A, 0x9C, 0x4A, 0xA4, 0x52, 0x7B, 0x4A, 0x8B, 0x4A, 0x9C, 0x4A, 0x9C, 0x4A,
    0x73, 0x39, 0x83, 0x41, 0x8B, 0x41, 0x8B, 0x4A, 0x62, 0x39, 0x73, 0x39, 0x83, 0x41, 0x83, 0x41,
    0xFF, 0xB4, 0xFF, 0xBD, 0xFF, 0xB4, 0xFF, 0xBD, 0xFF, 0xB4, 0xFF, 0xAC, 0xFF, 0xB4, 0xFF, 0xAC,
    0xFF, 0xA4, 0xFF, 0xA4, 0xFF, 0xA4, 0xFF, 0xA4, 0xFF, 0x9C, 0xFF, 0x9C, 0xFF, 0x9C, 0xFF, 0x9C,
    0x9C, 0x52, 0xA4, 0x52, 0x9C, 0x52, 0xA4, 0x52, 0x9C, 0x4A, 0x94, 0x4A, 0x9C, 0x4A, 0x94, 0x4A,
    0x8B, 0x4A, 0x8B, 0x4A, 0x8B, 0x4A, 0x8B, 0x4A, 0x83, 0x41, 0x83, 0x41, 0x83, 0x4A, 0x83, 0x41,
    0xFF, 0x9C, 0xFF, 0x83, 0xFF, 0xA4, 0xFF, 0xB4, 0xFF, 0xAC, 0xFF, 0xA4, 0xFF, 0xA4, 0xFF, 0xA4,
    0xFF, 0xA4, 0xFF, 0xA4, 0xFF, 0x94, 0xFF, 0x9C, 0xFF, 0x9C, 0xFF, 0x94, 0xFF, 0x94, 0xFF, 0x8B,
    0x94, 0x6A, 0x7B, 0x6A, 0x8B, 0x4A, 0x9C, 0x4A, 0x94, 0x4A, 0x94, 0x4A, 0x8B, 0x4A, 0x8B, 0x41,
    0x8B, 0x41, 0x8B, 0x41, 0x83, 0x39, 0x83, 0x41, 0x83, 0x41, 0x83, 0x41, 0x83, 0x41, 0x7B, 0x39,
    0xFF, 0xA4, 0xFF, 0xA4, 0xFF, 0xA4, 0xFF, 0x9C, 0xFF, 0xA4, 0xFF, 0x9C, 0xFF, 0x9C, 0xFF, 0x94,
    0xFF, 0x94, 0xFF, 0x8B, 0xFF, 0x8B, 0xFF, 0x8B, 0xFF, 0x8B, 0xFF, 0x8B, 0xFF, 0x83, 0xFF, 0x7B,
    0x8B, 0x4A, 0x8B, 0x4A, 0x8B, 0x4A, 0x83, 0x41, 0x8B, 0x41, 0x83, 0x41, 0x83, 0x41, 0x83, 0x41,
    0x83, 0x41, 0x7B, 0x39, 0x7B, 0x31, 0x73, 0x39, 0x7B, 0x39, 0x73, 0x39, 0x73, 0x39, 0x6A, 0x39,
    0xFF, 0x83, 0xFF, 0x9C, 0xFF, 0x8B, 0xFF, 0x8B, 0xFF, 0x8B, 0xFF, 0x8B, 0xFF, 0x8B, 0xFF, 0x8B,
    0xFF, 0x83, 0xFF, 0x83, 0xFF, 0x83, 0xFF, 0x83, 0xFF, 0x83, 0xFF, 0x7B, 0xFF, 0x83, 0xFF, 0x7B,
    0x7B, 0x6A, 0x83, 0x4A, 0x7B, 0x39, 0x7B, 0x39, 0x7B, 0x39, 0x7B, 0x31, 0x7B, 0x39, 0x73, 0x39,
    0x73, 0x39, 0x73, 0x39, 0x73, 0x39, 0x73, 0x39, 0x73, 0x39, 0x6A, 0x39, 0x73, 0x39, 0x6A, 0x39,
    0xFF, 0x8B, 0xFF, 0x8B, 0xFF, 0x8B, 0xFF, 0x8B, 0xFF, 0x8B, 0xFF, 0x8B, 0xFF, 0x8B, 0xFF, 0x83,
    0xFF, 0x83, 0xFF, 0x83, 0xFF, 0x7B, 0xFF, 0x7B, 0xFF, 0x7B, 0xFF, 0x7B, 0xFF, 0x73, 0xFF, 0x6A,
    0x7B, 0x39, 0x7B, 0x39, 0x7B, 0x39, 0x7B, 0x39, 0x73, 0x39, 0x73, 0x39, 0x73, 0x39, 0x73, 0x39,
    0x73, 0x39, 0x73, 0x39, 0x6A, 0x39, 0x6A, 0x39, 0x6A, 0x39, 0x6A, 0x31, 0x62, 0x31, 0x5A, 0x31,
    0xFF, 0x8B, 0xFF, 0x8B, 0xFF, 0x8B, 0xFF, 0x8B, 0xFF, 0x83, 0xFF, 0x83, 0xFF, 0x83, 0xFF, 0x7B,
    0xFF, 0x7B, 0xFF, 0x7B, 0xFF, 0x6A, 0xFF, 0x62, 0xFF, 0x6A, 0xFF, 0x6A, 0xFF, 0x6A, 0xFF, 0x7B,
    0x73, 0x39, 0x7B, 0x39, 0x73, 0x39, 0x73, 0x39, 0x73, 0x39, 0x73, 0x39, 0x73, 0x39, 0x6A, 0x39,
    0x6A, 0x31, 0x6A, 0x31, 0x5A, 0x31, 0x52, 0x29, 0x5A, 0x31, 0x5A, 0x31, 0x5A, 0x31, 0x6A, 0x31,
    0xFF, 0x83, 0xFF, 0x7B, 0xFF, 0x7B, 0xFF, 0x73, 0xFF, 0x73, 0xFF, 0x6A, 0xFF, 0x6A, 0xFF, 0x5A,
    0xFF, 0x62, 0xFF, 0x6A, 0xFF, 0x6A, 0xFF, 0x7B, 0xFF, 0x83, 0xFF, 0x7B, 0xFF, 0x7B, 0xFF, 0x73,
    0x73, 0x39, 0x6A, 0x39, 0x6A, 0x31, 0x62, 0x31, 0x62, 0x31, 0x5A, 0x31, 0x5A, 0x31, 0x4A, 0x29,
    0x52, 0x29, 0x5A, 0x31, 0x5A, 0x31, 0x6A, 0x39, 0x73, 0x39, 0x6A, 0x39, 0x6A, 0x39, 0x62, 0x31,
    0xFF, 0x6A, 0xFF, 0x6A, 0xFF, 0x6A, 0xFF, 0x7B, 0xFF, 0x6A, 0xFF, 0x7B, 0xFF, 0x8B, 0xFF, 0x8B,
    0xFF, 0x83, 0xFF, 0x7B, 0xFF, 0x7B, 0xFF, 0x7B, 0xFF, 0x73, 0xFF, 0x73, 0xFF, 0x7B, 0xFF, 0x7B,
    0x5A, 0x31, 0x5A, 0x31, 0x5A, 0x31, 0x62, 0x39, 0x5A, 0x31, 0x6A, 0x39, 0x73, 0x39, 0x73, 0x39,
    0x73, 0x39, 0x6A, 0x39, 0x6A, 0x31, 0x6A, 0x39, 0x62, 0x31, 0x62, 0x31, 0x6A, 0x31, 0x6A, 0x31,
    0xFF, 0x8B, 0xFF, 0x8B, 0xFF, 0x8B, 0xFF, 0x8B, 0xFF, 0x8B, 0xFF, 0x8B, 0xFF, 0x8B, 0xFF, 0x83,
    0xFF, 0x7B, 0xFF, 0x83, 0xFF, 0x7B, 0xFF, 0x7B, 0xFF, 0x7B, 0xFF, 0x7B, 0xFF, 0x83, 0xFF, 0x8B,
    0x73, 0x39, 0x7B, 0x39, 0x7B, 0x39, 0x7B, 0x39, 0x73, 0x39, 0x73, 0x39, 0x73, 0x39, 0x73, 0x39,
    0x6A, 0x39, 0x73, 0x39, 0x6A, 0x31, 0x6A, 0x39, 0x62, 0x39, 0x6A, 0x31, 0x73, 0x41, 0x73, 0x39,
    0xFF, 0x8B, 0xFF, 0x8B, 0xFF, 0x8B, 0xFF, 0x94, 0xFF, 0x8B, 0xFF, 0x83, 0xFF, 0x8B, 0xFF, 0x8B,
    0xFF, 0x7B, 0xFF, 0x83, 0xFF, 0x8B, 0xFF, 0x94, 0xFF, 0x94, 0xFF, 0x94, 0xFF, 0x94, 0xFF, 0x94,
    0x7B, 0x39, 0x7B, 0x39, 0x7B, 0x39, 0x83, 0x41, 0x73, 0x39, 0x73, 0x39, 0x73, 0x39, 0x73, 0x39,
    0x6A, 0x31, 0x73, 0x39, 0x73, 0x39, 0x83, 0x41, 0x7B, 0x4A, 0x7B, 0x4A, 0x7B, 0x4A, 0x7B, 0x4A,
    0xFF, 0x94, 0xFF, 0x94, 0xFF, 0x8B, 0xFF, 0x8B, 0xFF, 0x8B, 0xFF, 0x8B, 0xFF, 0x8B, 0xFF, 0x94,
    0xFF, 0x94, 0xFF, 0x94, 0xFF, 0x9C, 0xFF, 0xA4, 0xFF, 0x9C, 0xFF, 0xA4, 0xFF, 0xA4, 0xFF, 0xA4,
    0x83, 0x41, 0x83, 0x41, 0x7B, 0x39, 0x73, 0x41, 0x7B, 0x39, 0x7B, 0x39, 0x73, 0x41, 0x7B, 0x4A,
    0x7B, 0x4A, 0x7B, 0x4A, 0x83, 0x4A, 0x94, 0x4A, 0x83, 0x4A, 0x94, 0x4A, 0x94, 0x4A, 0x94, 0x4A,
    0xFF, 0x8B, 0xFF, 0x9C, 0xFF, 0xAC, 0xFF, 0xB4, 0xFF, 0xAC, 0xFF, 0xA4, 0xFF, 0xB4, 0xFF, 0xBD,
    0xFF, 0x9C, 0xFF, 0xA4, 0xFF, 0xB4, 0xFF, 0xBD, 0xFF, 0xA4, 0xFF, 0xAC, 0xFF, 0xBD, 0xFF, 0xBD,
    0x73, 0x41, 0x9C, 0x9C, 0xAC, 0xAC, 0xB4, 0xB4, 0x8B, 0x5A, 0xA4, 0x9C, 0xB4, 0xB4, 0xBD, 0xBD,
    0x94, 0x6A, 0xA4, 0xA4, 0xB4, 0xB4, 0xBD, 0xBD, 0x9C, 0x7B, 0xAC, 0xAC, 0xBD, 0xBD, 0xBD, 0xBD,
    0x91, 0x00, 0xDA, 0x55, 0xFF, 0x83, 0xFF, 0x83, 0x91, 0x00, 0x91, 0x00, 0xFF, 0x73, 0xFF, 0x83,
    0x91, 0x00, 0x91, 0x00, 0xB6, 0x11, 0xFF, 0x83, 0x91, 0x00, 0x91, 0x00, 0x91, 0x00, 0xDA, 0x55,
    0x00, 0x00, 0x44, 0x55, 0x83, 0x83, 0x83, 0x83, 0x00, 0x00, 0x00, 0x00, 0x62, 0x62, 0x83, 0x83,
    0x00, 0x00, 0x00, 0x00, 0x11, 0x11, 0x83, 0x83, 0x00, 0x00, 0x00, 0x00, 0x00, 0x00, 0x44, 0x55,
    0xFF, 0x83, 0xFF, 0x8B, 0xFF, 0x73, 0xFF, 0x73, 0xFF, 0x83, 0xFF, 0x7B, 0xFF, 0x7B, 0xFF, 0x83,
    0xFF, 0x83, 0xFF, 0x6A, 0xFF, 0x83, 0xFF, 0xBD, 0xFF, 0x83, 0xFF, 0x6A, 0xFF, 0x94, 0xFF, 0xA4,
    0x83, 0x83, 0x8B, 0x8B, 0x73, 0x73, 0x5A, 0x4A, 0x83, 0x8B, 0x62, 0x5A, 0x52, 0x31, 0x62, 0x41,
    0x83, 0x83, 0x4A, 0x31, 0x62, 0x41, 0x94, 0x73, 0x83, 0x83, 0x4A, 0x31, 0x6A, 0x52, 0x7B, 0x62,
    0xFF, 0x6A, 0xFF, 0x7B, 0xFF, 0x39, 0xFF, 0x4A, 0xFF, 0xA4, 0xFF, 0xBD, 0xFF, 0x73, 0xFF, 0x31,
    0xFF, 0xD5, 0xFF, 0xF6, 0xFF, 0xDE, 0xFF, 0x6A, 0xFF, 0xA4, 0xFF, 0xA4, 0xFF, 0x9C, 0xFF, 0x7B,
    0x4A, 0x31, 0x52, 0x31, 0x20, 0x08, 0x20, 0x08, 0x7B, 0x62, 0x94, 0x73, 0x5A, 0x4A, 0x18, 0x08,
    0xB4, 0x8B, 0xCD, 0xAC, 0xCD, 0xAC, 0x4A, 0x31, 0x7B, 0x62, 0x7B, 0x62, 0x73, 0x5A, 0x52, 0x31,
    0xFF, 0x4A, 0xFF, 0x4A, 0xFF, 0x4A, 0xFF, 0x4A, 0xFF, 0x4A, 0xFF, 0x39, 0xFF, 0x4A, 0xFF, 0x4A,
    0xFF, 0x39, 0xFF, 0x4A, 0xFF, 0x4A, 0xFF, 0x4A, 0xFF, 0x5A, 0xFF, 0x5A, 0xFF, 0x5A, 0xFF, 0x52,
    0x20, 0x08, 0x29, 0x10, 0x20, 0x08, 0x29, 0x10, 0x20, 0x08, 0x20, 0x08, 0x20, 0x08, 0x20, 0x08,
    0x20, 0x08, 0x29, 0x10, 0x29, 0x10, 0x29, 0x10, 0x39, 0x20, 0x39, 0x20, 0x39, 0x20, 0x39, 0x20,
    0xFF, 0x5A, 0xFF, 0x62, 0xFF, 0x5A, 0xFF, 0x62, 0xFF, 0x52, 0xFF, 0x4A, 0xFF, 0x5A, 0xFF, 0x5A,
    0xFF, 0x4A, 0xFF, 0x52, 0xFF, 0x4A, 0xFF, 0x41, 0xFF, 0x52, 0xFF, 0x52, 0xFF, 0x5A, 0xFF, 0x4A,
    0x39, 0x20, 0x41, 0x29, 0x39, 0x20, 0x39, 0x20, 0x31, 0x18, 0x29, 0x10, 0x39, 0x20, 0x39, 0x20,
    0x29, 0x10, 0x31, 0x18, 0x29, 0x10, 0x31, 0x18, 0x39, 0x20, 0x31, 0x18, 0x31, 0x18, 0x29, 0x10,
    0xFF, 0x5A, 0xFF, 0x52, 0xFF, 0x5A, 0xFF, 0x5A, 0xFF, 0x52, 0xFF, 0x41, 0xFF, 0x52, 0xFF, 0x41,
    0xFF, 0x41, 0xFF, 0x41, 0xFF, 0x41, 0xFF, 0x41, 0xFF, 0x41, 0xFF, 0x41, 0xFF, 0x41, 0xFF, 0x41,
    0x31, 0x18, 0x31, 0x18, 0x39, 0x20, 0x39, 0x20, 0x39, 0x20, 0x31, 0x18, 0x31, 0x18, 0x31, 0x18,
    0x20, 0x10, 0x31, 0x18, 0x20, 0x10, 0x31, 0x18, 0x31, 0x18, 0x20, 0x10, 0x20, 0x10, 0x20, 0x10,
    0xFF, 0x5A, 0xFF, 0x5A, 0xFF, 0x39, 0xFF, 0x41, 0xFF, 0x41, 0xFF, 0x52, 0xFF, 0x41, 0xFF, 0x31,
    0xFF, 0x41, 0xFF, 0x41, 0xFF, 0x41, 0xFF, 0x41, 0xFF, 0x41, 0xFF, 0x41, 0xFF, 0x41, 0xFF, 0x41,
    0x39, 0x20, 0x39, 0x20, 0x20, 0x08, 0x20, 0x10, 0x31, 0x18, 0x39, 0x20, 0x31, 0x18, 0x18, 0x08,
    0x20, 0x10, 0x31, 0x18, 0x31, 0x18, 0x31, 0x18, 0x20, 0x10, 0x20, 0x10, 0x31, 0x18, 0x20, 0x10,
    0xFF, 0x5A, 0xFF, 0x73, 0xFF, 0x7B, 0xFF, 0x7B, 0xFF, 0x41, 0xFF, 0x5A, 0xFF, 0x73, 0xFF, 0x6A,
    0xFF, 0x31, 0xFF, 0x39, 0xFF, 0x5A, 0xFF, 0x6A, 0xFF, 0x41, 0xFF, 0x39, 0xFF, 0x39, 0xFF, 0x41,
    0x4A, 0x29, 0x62, 0x31, 0x6A, 0x31, 0x6A, 0x39, 0x20, 0x10, 0x4A, 0x29, 0x62, 0x31, 0x5A, 0x31,
    0x18, 0x08, 0x20, 0x08, 0x41, 0x20, 0x5A, 0x31, 0x20, 0x10, 0x20, 0x08, 0x20, 0x08, 0x31, 0x18,
    0xFF, 0x7B, 0xFF, 0x83, 0xFF, 0x8B, 0xFF, 0x8B, 0xFF, 0x73, 0xFF, 0x73, 0xFF, 0x7B, 0xFF, 0x7B,
    0xFF, 0x6A, 0xFF, 0x6A, 0xFF, 0x6A, 0xFF, 0x6A, 0xFF, 0x5A, 0xFF, 0x5A, 0xFF, 0x5A, 0xFF, 0x5A,
    0x6A, 0x39, 0x73, 0x39, 0x73, 0x39, 0x7B, 0x39, 0x62, 0x31, 0x62, 0x31, 0x6A, 0x31, 0x6A, 0x31,
    0x5A, 0x31, 0x5A, 0x31, 0x5A, 0x31, 0x5A, 0x31, 0x4A, 0x29, 0x4A, 0x29, 0x4A, 0x29, 0x4A, 0x29,
    0xFF, 0x8B, 0xFF, 0x8B, 0xFF, 0x8B, 0xFF, 0x8B, 0xFF, 0x7B, 0xFF, 0x7B, 0xFF, 0x7B, 0xFF, 0x7B,
    0xFF, 0x6A, 0xFF, 0x6A, 0xFF, 0x6A, 0xFF, 0x73, 0xFF, 0x62, 0xFF, 0x5A, 0xFF, 0x5A, 0xFF, 0x5A,
    0x73, 0x39, 0x7B, 0x39, 0x73, 0x39, 0x73, 0x39, 0x6A, 0x39, 0x6A, 0x39, 0x6A, 0x39, 0x6A, 0x39,
    0x5A, 0x31, 0x5A, 0x31, 0x5A, 0x31, 0x62, 0x31, 0x52, 0x29, 0x4A, 0x29, 0x4A, 0x29, 0x4A, 0x29,
    0xFF, 0x83, 0xFF, 0x7B, 0xFF, 0x7B, 0xFF, 0x7B, 0xFF, 0x7B, 0xFF, 0x7B, 0xFF, 0x7B, 0xFF, 0x73,
    0xFF, 0x6A, 0xFF, 0x6A, 0xFF, 0x62, 0xFF, 0x5A, 0xFF, 0x62, 0xFF, 0x5A, 0xFF, 0x6A, 0xFF, 0x6A,
    0x73, 0x39, 0x6A, 0x39, 0x6A, 0x31, 0x6A, 0x31, 0x6A, 0x39, 0x6A, 0x31, 0x6A, 0x31, 0x62, 0x31,
    0x5A, 0x31, 0x5A, 0x31, 0x52, 0x29, 0x4A, 0x29, 0x52, 0x29, 0x4A, 0x29, 0x5A, 0x31, 0x5A, 0x31,
    0xFF, 0x7B, 0xFF, 0x7B, 0xFF, 0x73, 0xFF, 0x6A, 0xFF, 0x6A, 0xFF, 0x62, 0xFF, 0x5A, 0xFF, 0x62,
    0xFF, 0x5A, 0xFF, 0x6A, 0xFF, 0x73, 0xFF, 0x7B, 0xFF, 0x7B, 0xFF, 0x7B, 0xFF, 0x7B, 0xFF, 0x73,
    0x6A, 0x31, 0x6A, 0x31, 0x62, 0x31, 0x5A, 0x31, 0x5A, 0x31, 0x52, 0x29, 0x4A, 0x29, 0x52, 0x29,
    0x4A, 0x29, 0x5A, 0x31, 0x62, 0x31, 0x6A, 0x39, 0x6A, 0x31, 0x6A, 0x31, 0x6A, 0x31, 0x62, 0x31,
    0xFF, 0x62, 0xFF, 0x6A, 0xFF, 0x62, 0xFF, 0x6A, 0xFF, 0x6A, 0xFF, 0x7B, 0xFF, 0x7B, 0xFF, 0x7B,
    0xFF, 0x7B, 0xFF, 0x7B, 0xFF, 0x73, 0xFF, 0x7B, 0xFF, 0x7B, 0xFF, 0x73, 0xFF, 0x73, 0xFF, 0x6A,
    0x52, 0x29, 0x5A, 0x31, 0x52, 0x29, 0x5A, 0x31, 0x5A, 0x31, 0x6A, 0x31, 0x6A, 0x39, 0x6A, 0x39,
    0x6A, 0x31, 0x6A, 0x31, 0x62, 0x31, 0x6A, 0x31, 0x6A, 0x31, 0x62, 0x31, 0x62, 0x31, 0x5A, 0x31,
    0xFF, 0x73, 0xFF, 0x7B, 0xFF, 0x7B, 0xFF, 0x7B, 0xFF, 0x7B, 0xFF, 0x7B, 0xFF, 0x73, 0xFF, 0x6A,
    0xFF, 0x73, 0xFF, 0x73, 0xFF, 0x6A, 0xFF, 0x6A, 0xFF, 0x6A, 0xFF, 0x6A, 0xFF, 0x73, 0xFF, 0x83,
    0x62, 0x31, 0x6A, 0x39, 0x6A, 0x31, 0x6A, 0x31, 0x6A, 0x39, 0x6A, 0x31, 0x62, 0x31, 0x5A, 0x31,
    0x62, 0x31, 0x62, 0x31, 0x5A, 0x31, 0x5A, 0x31, 0x5A, 0x31, 0x5A, 0x31, 0x62, 0x31, 0x73, 0x39,
    0xFF, 0x73, 0xFF, 0x6A, 0xFF, 0x6A, 0xFF, 0x6A, 0xFF, 0x6A, 0xFF, 0x6A, 0xFF, 0x6A, 0xFF, 0x6A,
    0xFF, 0x6A, 0xFF, 0x7B, 0xFF, 0x8B, 0xFF, 0xA4, 0xFF, 0x94, 0xFF, 0xA4, 0xFF, 0x9C, 0xFF, 0x94,
    0x62, 0x31, 0x5A, 0x31, 0x5A, 0x31, 0x5A, 0x31, 0x5A, 0x31, 0x5A, 0x31, 0x5A, 0x31, 0x5A, 0x31,
    0x5A, 0x31, 0x6A, 0x31, 0x7B, 0x39, 0x8B, 0x41, 0x7B, 0x4A, 0x8B, 0x41, 0x83, 0x4A, 0x7B, 0x4A,
    0xFF, 0x6A, 0xFF, 0x6A, 0xFF, 0x73, 0xFF, 0x7B, 0xFF, 0x7B, 0xFF, 0x8B, 0xFF, 0xA4, 0xFF, 0xA4,
    0xFF, 0xA4, 0xFF, 0xA4, 0xFF, 0x94, 0xFF, 0x8B, 0xFF, 0x94, 0xFF, 0x8B, 0xFF, 0x8B, 0xFF, 0x9C,
    0x5A, 0x31, 0x5A, 0x31, 0x62, 0x31, 0x6A, 0x39, 0x6A, 0x39, 0x7B, 0x39, 0x8B, 0x41, 0x8B, 0x41,
    0x8B, 0x41, 0x8B, 0x4A, 0x7B, 0x4A, 0x73, 0x41, 0x7B, 0x4A, 0x73, 0x41, 0x73, 0x41, 0x83, 0x4A,
    0xFF, 0x83, 0xFF, 0x9C, 0xFF, 0x9C, 0xFF, 0x94, 0xFF, 0x9C, 0xFF, 0x94, 0xFF, 0x94, 0xFF, 0x8B,
    0xFF, 0x8B, 0xFF, 0x94, 0xFF, 0x9C, 0xFF, 0xA4, 0xFF, 0xA4, 0xFF, 0xB4, 0xFF, 0xBD, 0xFF, 0xB4,
    0x73, 0x39, 0x83, 0x41, 0x83, 0x4A, 0x7B, 0x4A, 0x83, 0x4A, 0x7B, 0x4A, 0x73, 0x52, 0x73, 0x41,
    0x73, 0x41, 0x7B, 0x4A, 0x83, 0x41, 0x94, 0x4A, 0x94, 0x4A, 0x9C, 0x52, 0xA4, 0x52, 0x9C, 0x52,
    0xFF, 0x8B, 0xFF, 0x8B, 0xFF, 0x8B, 0xFF, 0x9C, 0xFF, 0x94, 0xFF, 0x94, 0xFF, 0xA4, 0xFF, 0xAC,
    0xFF, 0xAC, 0xFF, 0xAC, 0xFF, 0xA4, 0xFF, 0xA4, 0xFF, 0xB4, 0xFF, 0xA4, 0xFF, 0xA4, 0xFF, 0xA4,
    0x73, 0x41, 0x73, 0x41, 0x73, 0x41, 0x83, 0x4A, 0x7B, 0x4A, 0x7B, 0x4A, 0x94, 0x4A, 0x94, 0x4A,
    0x94, 0x4A, 0x94, 0x4A, 0x94, 0x4A, 0x94, 0x4A, 0x9C, 0x52, 0x94, 0x4A, 0x94, 0x4A, 0x8B, 0x4A,
    0xFF, 0xA4, 0xFF, 0xA4, 0xFF, 0xA4, 0xFF, 0xAC, 0xFF, 0xA4, 0xFF, 0xA4, 0xFF, 0xAC, 0xFF, 0xAC,
    0xFF, 0xA4, 0xFF, 0xA4, 0xFF, 0xAC, 0xFF, 0xAC, 0xFF, 0xA4, 0xFF, 0xA4, 0xFF, 0xB4, 0xFF, 0x6A,
    0x8B, 0x4A, 0x94, 0x4A, 0x94, 0x4A, 0x94, 0x4A, 0x94, 0x4A, 0x94, 0x4A, 0x94, 0x4A, 0x94, 0x4A,
    0x8B, 0x4A, 0x94, 0x4A, 0x94, 0x4A, 0x8B, 0x5A, 0x94, 0x4A, 0x94, 0x4A, 0x9C, 0x52, 0x4A, 0x18,
    0xFF, 0xA4, 0xFF, 0xB4, 0xFF, 0xBD, 0xFF, 0xC5, 0xFF, 0xA4, 0xFF, 0xB4, 0xFF, 0xBD, 0xFF, 0xC5,
    0xFF, 0xA4, 0xFF, 0xB4, 0xFF, 0xBD, 0xFF, 0xBD, 0xFF, 0x7B, 0xFF, 0xBD, 0xFF, 0xBD, 0x91, 0xCC,
    0x94, 0x8B, 0xAC, 0xAC, 0xBD, 0xBD, 0xC5, 0xC5, 0xA4, 0x9C, 0xAC, 0xAC, 0xBD, 0xBD, 0xC5, 0xC5,
    0xA4, 0x9C, 0xB4, 0xB4, 0xBD, 0xBD, 0xBD, 0xBD, 0x73, 0x62, 0xBD, 0xBD, 0xBD, 0xBD, 0xBB, 0xCC,
    0x91, 0x00, 0x91, 0x00, 0x91, 0x00, 0x91, 0x00, 0x24, 0x00, 0x91, 0x00, 0x91, 0x00, 0x91, 0x00,
    0x00, 0x00, 0x48, 0x00, 0x91, 0x00, 0xB6, 0x11, 0x00, 0x00, 0x00, 0x00, 0xDA, 0x55, 0xFF, 0x83,
    0x00, 0x00, 0x00, 0x00, 0x00, 0x00, 0x00, 0x00, 0x00, 0x00, 0x00, 0x00, 0x00, 0x00, 0x00, 0x00,
    0x00, 0x00, 0x00, 0x00, 0x00, 0x00, 0x11, 0x11, 0x00, 0x00, 0x00, 0x00, 0x44, 0x33, 0x62, 0x41,
    0xFF, 0x52, 0xFF, 0x6A, 0xFF, 0x8B, 0xFF, 0x7B, 0xB6, 0x22, 0xFF, 0x62, 0xFF, 0x83, 0xFF, 0x83,
    0xDA, 0x66, 0xFF, 0x83, 0xFF, 0x94, 0xFF, 0x9C, 0xFF, 0x8B, 0xFF, 0x8B, 0xFF, 0xA4, 0xFF, 0xA4,
    0x52, 0x41, 0x41, 0x29, 0x62, 0x4A, 0x5A, 0x39, 0x11, 0x22, 0x41, 0x29, 0x5A, 0x39, 0x62, 0x41,
    0x44, 0x33, 0x5A, 0x39, 0x6A, 0x4A, 0x73, 0x5A, 0x62, 0x4A, 0x62, 0x4A, 0x83, 0x5A, 0x83, 0x5A,
    0xFF, 0x62, 0xFF, 0x73, 0xFF, 0x73, 0xFF, 0x7B, 0xFF, 0x83, 0xFF, 0x83, 0xFF, 0x8B, 0xFF, 0x94,
    0xFF, 0x8B, 0xFF, 0x8B, 0xFF, 0x94, 0xFF, 0x9C, 0xFF, 0x9C, 0xFF, 0x94, 0xFF, 0x9C, 0xFF, 0x9C,
    0x52, 0x29, 0x4A, 0x31, 0x4A, 0x31, 0x52, 0x31, 0x5A, 0x39, 0x62, 0x41, 0x62, 0x4A, 0x6A, 0x4A,
    0x62, 0x4A, 0x62, 0x4A, 0x6A, 0x4A, 0x7B, 0x52, 0x7B, 0x52, 0x6A, 0x4A, 0x7B, 0x52, 0x7B, 0x52,
    0xFF, 0x7B, 0xFF, 0x7B, 0xFF, 0x73, 0xFF, 0x6A, 0xFF, 0x94, 0xFF, 0x8B, 0xFF, 0x8B, 0xFF, 0x83,
    0xFF, 0x9C, 0xFF, 0x94, 0xFF, 0x94, 0xFF, 0x94, 0xFF, 0xA4, 0xFF, 0x9C, 0xFF, 0x9C, 0xFF, 0x9C,
    0x5A, 0x39, 0x5A, 0x39, 0x4A, 0x31, 0x4A, 0x31, 0x6A, 0x4A, 0x62, 0x4A, 0x62, 0x4A, 0x5A, 0x39,
    0x7B, 0x52, 0x73, 0x52, 0x6A, 0x4A, 0x6A, 0x4A, 0x83, 0x5A, 0x7B, 0x52, 0x7B, 0x52, 0x7B, 0x52,
    0xFF, 0x5A, 0xFF, 0x5A, 0xFF, 0x5A, 0xFF, 0x52, 0xFF, 0x73, 0xFF, 0x62, 0xFF, 0x62, 0xFF, 0x5A,
    0xFF, 0x7B, 0xFF, 0x6A, 0xFF, 0x6A, 0xFF, 0x62, 0xFF, 0x94, 0xFF, 0x7B, 0xFF, 0x7B, 0xFF, 0x6A,
    0x39, 0x20, 0x39, 0x20, 0x31, 0x18, 0x31, 0x18, 0x4A, 0x31, 0x41, 0x29, 0x41, 0x29, 0x31, 0x18,
    0x52, 0x31, 0x4A, 0x31, 0x41, 0x29, 0x41, 0x29, 0x6A, 0x4A, 0x52, 0x31, 0x52, 0x31, 0x41, 0x29,
    0xFF, 0x41, 0xFF, 0x39, 0xFF, 0x39, 0xFF, 0x41, 0xFF, 0x5A, 0xFF, 0x41, 0xFF, 0x39, 0xFF, 0x39,
    0xFF, 0x62, 0xFF, 0x52, 0xFF, 0x4A, 0xFF, 0x5A, 0xFF, 0x62, 0xFF, 0x62, 0xFF, 0x5A, 0xFF, 0x62,
    0x20, 0x10, 0x20, 0x08, 0x20, 0x08, 0x20, 0x10, 0x31, 0x18, 0x20, 0x10, 0x20, 0x08, 0x20, 0x08,
    0x39, 0x20, 0x31, 0x18, 0x29, 0x10, 0x39, 0x20, 0x41, 0x29, 0x39, 0x20, 0x31, 0x18, 0x39, 0x20,
    0xFF, 0x31, 0xFF, 0x39, 0xFF, 0x41, 0xFF, 0x5A, 0xFF, 0x41, 0xFF, 0x5A, 0xFF, 0x73, 0xFF, 0x83,
    0xFF, 0x62, 0xFF, 0x6A, 0xFF, 0x6A, 0xFF, 0x73, 0xFF, 0x62, 0xFF, 0x62, 0xFF, 0x62, 0xFF, 0x6A,
    0x18, 0x08, 0x20, 0x08, 0x20, 0x10, 0x39, 0x20, 0x20, 0x10, 0x39, 0x20, 0x4A, 0x31, 0x5A, 0x39,
    0x41, 0x29, 0x41, 0x29, 0x41, 0x29, 0x4A, 0x31, 0x39, 0x20, 0x39, 0x20, 0x41, 0x29, 0x41, 0x29,
    0xFF, 0x6A, 0xFF, 0x8B, 0xFF, 0x6A, 0xFF, 0x41, 0xFF, 0x83, 0xFF, 0x8B, 0xFF, 0xBD, 0xFF, 0x9C,
    0xFF, 0x73, 0xFF, 0x7B, 0xFF, 0x94, 0xFF, 0x94, 0xFF, 0x73, 0xFF, 0x7B, 0xFF, 0x7B, 0xFF, 0x7B,
    0x4A, 0x31, 0x62, 0x4A, 0x4A, 0x31, 0x31, 0x18, 0x62, 0x41, 0x62, 0x4A, 0x94, 0x73, 0x73, 0x5A,
    0x4A, 0x31, 0x5A, 0x39, 0x6A, 0x52, 0x6A, 0x52, 0x4A, 0x31, 0x52, 0x31, 0x5A, 0x39, 0x52, 0x31,
    0xFF, 0x6A, 0xFF, 0x6A, 0xFF, 0x6A, 0xFF, 0x6A, 0xFF, 0x6A, 0xFF, 0x6A, 0xFF, 0x73, 0xFF, 0x6A,
    0xFF, 0x62, 0xFF, 0x6A, 0xFF, 0x6A, 0xFF, 0x6A, 0xFF, 0x7B, 0xFF, 0x62, 0xFF, 0x62, 0xFF, 0x6A,
    0x5A, 0x31, 0x5A, 0x31, 0x5A, 0x31, 0x5A, 0x31, 0x5A, 0x31, 0x5A, 0x31, 0x62, 0x31, 0x5A, 0x31,
    0x52, 0x29, 0x5A, 0x31, 0x5A, 0x31, 0x5A, 0x31, 0x52, 0x31, 0x52, 0x29, 0x52, 0x29, 0x5A, 0x31,
    0xFF, 0x6A, 0xFF, 0x6A, 0xFF, 0x6A, 0xFF, 0x6A, 0xFF, 0x73, 0xFF, 0x73, 0xFF, 0x73, 0xFF, 0x73,
    0xFF, 0x6A, 0xFF, 0x6A, 0xFF, 0x6A, 0xFF, 0x6A, 0xFF, 0x6A, 0xFF, 0x6A, 0xFF, 0x6A, 0xFF, 0x6A,
    0x5A, 0x31, 0x5A, 0x31, 0x5A, 0x31, 0x5A, 0x31, 0x62, 0x31, 0x62, 0x31, 0x62, 0x31, 0x62, 0x31,
    0x5A, 0x31, 0x5A, 0x31, 0x5A, 0x31, 0x5A, 0x31, 0x5A, 0x31, 0x5A, 0x31, 0x5A, 0x31, 0x5A, 0x31,
    0xFF, 0x6A, 0xFF, 0x73, 0xFF, 0x73, 0xFF, 0x7B, 0xFF, 0x73, 0xFF, 0x73, 0xFF, 0x73, 0xFF, 0x73,
    0xFF, 0x6A, 0xFF, 0x6A, 0xFF, 0x6A, 0xFF, 0x6A, 0xFF, 0x6A, 0xFF, 0x6A, 0xFF, 0x6A, 0xFF, 0x6A,
    0x5A, 0x31, 0x62, 0x31, 0x62, 0x31, 0x6A, 0x31, 0x62, 0x31, 0x62, 0x31, 0x62, 0x31, 0x62, 0x31,
    0x5A, 0x31, 0x5A, 0x31, 0x5A, 0x31, 0x5A, 0x31, 0x5A, 0x31, 0x5A, 0x31, 0x5A, 0x31, 0x5A, 0x31,
    0xFF, 0x73, 0xFF, 0x73, 0xFF, 0x73, 0xFF, 0x73, 0xFF, 0x73, 0xFF, 0x6A, 0xFF, 0x6A, 0xFF, 0x62,
    0xFF, 0x6A, 0xFF, 0x6A, 0xFF, 0x6A, 0xFF, 0x83, 0xFF, 0x73, 0xFF, 0x94, 0xFF, 0xB4, 0xFF, 0xC5,
    0x62, 0x31, 0x62, 0x31, 0x62, 0x31, 0x62, 0x31, 0x62, 0x31, 0x5A, 0x31, 0x5A, 0x31, 0x52, 0x29,
    0x5A, 0x31, 0x5A, 0x31, 0x5A, 0x31, 0x73, 0x41, 0x62, 0x31, 0x83, 0x41, 0x9C, 0x52, 0xA4, 0x52,
    0xFF, 0x6A, 0xFF, 0x6A, 0xFF, 0x62, 0xFF, 0x6A, 0xFF, 0x6A, 0xFF, 0x6A, 0xFF, 0x8B, 0xFF, 0x9C,
    0xFF, 0xA4, 0xFF, 0xC5, 0xFF, 0xCD, 0xFF, 0xCD, 0xFF, 0xCD, 0xFF, 0xCD, 0xFF, 0xCD, 0xFF, 0xCD,
    0x5A, 0x31, 0x5A, 0x31, 0x52, 0x29, 0x5A, 0x31, 0x5A, 0x31, 0x5A, 0x31, 0x73, 0x41, 0x83, 0x41,
    0x8B, 0x4A, 0xA4, 0x52, 0xAC, 0x5A, 0xAC, 0x5A, 0xAC, 0x5A, 0xAC, 0x5A, 0xAC, 0x5A, 0xAC, 0x5A,
    0xFF, 0x73, 0xFF, 0x83, 0xFF, 0x8B, 0xFF, 0x8B, 0xFF, 0x9C, 0xFF, 0x9C, 0xFF, 0x9C, 0xFF, 0x94,
    0xFF, 0xC5, 0xFF, 0xC5, 0xFF, 0xC5, 0xFF, 0xC5, 0xFF, 0xCD, 0xFF, 0xCD, 0xFF, 0xCD, 0xFF, 0xCD,
    0x62, 0x31, 0x73, 0x41, 0x73, 0x41, 0x73, 0x41, 0x83, 0x4A, 0x83, 0x4A, 0x83, 0x4A, 0x7B, 0x4A,
    0xA4, 0x52, 0xA4, 0x52, 0xA4, 0x52, 0xA4, 0x52, 0xAC, 0x5A, 0xAC, 0x5A, 0xAC, 0x5A, 0xAC, 0x5A,
    0xFF, 0x94, 0xFF, 0x94, 0xFF, 0x83, 0xFF, 0x8B, 0xFF, 0x94, 0xFF, 0x9C, 0xFF, 0xAC, 0xFF, 0xBD,
    0xFF, 0xC5, 0xFF, 0xCD, 0xFF, 0xCD, 0xFF, 0xCD, 0xFF, 0xCD, 0xFF, 0xC5, 0xFF, 0xC5, 0xFF, 0xBD,
    0x6A, 0x4A, 0x6A, 0x4A, 0x73, 0x41, 0x73, 0x41, 0x7B, 0x4A, 0x83, 0x4A, 0x94, 0x4A, 0xA4, 0x52,
    0xA4, 0x52, 0xAC, 0x5A, 0xAC, 0x5A, 0xAC, 0x5A, 0xAC, 0x5A, 0xA4, 0x52, 0xA4, 0x52, 0xA4, 0x52,
    0xFF, 0x94, 0xFF, 0xA4, 0xFF, 0xB4, 0xFF, 0xC5, 0xFF, 0xC5, 0xFF, 0xCD, 0xFF, 0xCD, 0xFF, 0xC5,
    0xFF, 0xC5, 0xFF, 0xC5, 0xFF, 0xB4, 0xFF, 0xAC, 0xFF, 0xBD, 0xFF, 0xB4, 0xFF, 0xAC, 0xFF, 0xA4,
    0x7B, 0x4A, 0x94, 0x4A, 0x9C, 0x4A, 0xA4, 0x52, 0xA4, 0x62, 0xAC, 0x5A, 0xAC, 0x5A, 0xA4, 0x52,
    0xA4, 0x52, 0xA4, 0x52, 0x9C, 0x52, 0x94, 0x4A, 0xA4, 0x52, 0x9C, 0x4A, 0x94, 0x4A, 0x94, 0x4A,
    0xFF, 0xC5, 0xFF, 0xBD, 0xFF, 0xB4, 0xFF, 0xAC, 0xFF, 0xBD, 0xFF, 0xB4, 0xFF, 0xAC, 0xFF, 0xA4,
    0xFF, 0xA4, 0xFF, 0xAC, 0xFF, 0xA4, 0xFF, 0xA4, 0xFF, 0xA4, 0xFF, 0xA4, 0xFF, 0xA4, 0xFF, 0xA4,
    0xA4, 0x52, 0xA4, 0x52, 0x9C, 0x52, 0x94, 0x4A, 0xA4, 0x52, 0x9C, 0x4A, 0x94, 0x4A, 0x94, 0x4A,
    0x94, 0x4A, 0x94, 0x4A, 0x8B, 0x4A, 0x94, 0x4A, 0x94, 0x4A, 0x94, 0x4A, 0x94, 0x4A, 0x8B, 0x41,
    0xFF, 0xA4, 0xFF, 0xA4, 0xFF, 0xA4, 0xFF, 0xA4, 0xFF, 0xA4, 0xFF, 0xA4, 0xFF, 0xA4, 0xFF, 0xA4,
    0xFF, 0xA4, 0xFF, 0xA4, 0xFF, 0xA4, 0xFF, 0xA4, 0xFF, 0xA4, 0xFF, 0xA4, 0xFF, 0x9C, 0xFF, 0x9C,
    0x94, 0x4A, 0x94, 0x4A, 0x8B, 0x4A, 0x8B, 0x4A, 0x94, 0x4A, 0x8B, 0x4A, 0x8B, 0x4A, 0x8B, 0x4A,
    0x8B, 0x41, 0x8B, 0x4A, 0x8B, 0x41, 0x8B, 0x41, 0x8B, 0x41, 0x8B, 0x41, 0x83, 0x41, 0x83, 0x41,
    0xFF, 0xA4, 0xFF, 0xAC, 0xFF, 0xAC, 0xFF, 0x62, 0xFF, 0xA4, 0xFF, 0xB4, 0xFF, 0xA4, 0xFF, 0x5A,
    0xFF, 0xA4, 0xFF, 0xB4, 0xFF, 0x7B, 0xFF, 0x5A, 0xFF, 0xA4, 0xFF, 0x9C, 0xFF, 0x62, 0xFF, 0x62,
    0x8B, 0x4A, 0x94, 0x4A, 0x94, 0x4A, 0x39, 0x20, 0x94, 0x4A, 0x9C, 0x4A, 0x8B, 0x41, 0x31, 0x18,
    0x8B, 0x41, 0x9C, 0x4A, 0x6A, 0x39, 0x31, 0x18, 0x8B, 0x41, 0x83, 0x41, 0x41, 0x29, 0x41, 0x29,
    0xFF, 0x4A, 0xFF, 0xAC, 0xFF, 0xCD, 0x24, 0xBB, 0xFF, 0x4A, 0xFF, 0x62, 0xB6, 0x99, 0x00, 0x00,
    0xFF, 0x52, 0xFF, 0x4A, 0xDA, 0x33, 0x00, 0x00, 0xFF, 0x73, 0xFF, 0x5A, 0xFF, 0x52, 0x91, 0x55,
    0x29, 0x10, 0xA4, 0x94, 0xCD, 0xCD, 0x77, 0x88, 0x29, 0x10, 0x41, 0x29, 0x88, 0x88, 0x00, 0x00,
    0x31, 0x18, 0x29, 0x10, 0x22, 0x22, 0x00, 0x00, 0x4A, 0x31, 0x31, 0x18, 0x31, 0x18, 0x33, 0x11,
    0x00, 0x00, 0x48, 0x00, 0xFF, 0x7B, 0xFF, 0x83, 0x91, 0x00, 0xFF, 0x62, 0xFF, 0x7B, 0xFF, 0x7B,
    0xB6, 0x11, 0xFF, 0x73, 0xFF, 0x73, 0xFF, 0x7B, 0xFF, 0x62, 0xFF, 0x6A, 0xFF, 0x73, 0xFF, 0x73,
    0x00, 0x00, 0x00, 0x00, 0x52, 0x31, 0x5A, 0x39, 0x00, 0x00, 0x41, 0x31, 0x52, 0x31, 0x5A, 0x39,
    0x11, 0x11, 0x4A, 0x31, 0x4A, 0x31, 0x52, 0x31, 0x41, 0x31, 0x4A, 0x31, 0x4A, 0x31, 0x4A, 0x31,
    0xFF, 0x83, 0xFF, 0x94, 0xFF, 0xB4, 0xFF, 0xB4, 0xFF, 0x83, 0xFF, 0xA4, 0xFF, 0xBD, 0xFF, 0xB4,
    0xFF, 0x83, 0xFF, 0xAC, 0xFF, 0xC5, 0xFF, 0xBD, 0xFF, 0x8B, 0xFF, 0xB4, 0xFF, 0xBD, 0xFF, 0xBD,
    0x62, 0x41, 0x73, 0x52, 0x8B, 0x6A, 0x8B, 0x6A, 0x62, 0x41, 0x7B, 0x62, 0x94, 0x73, 0x8B, 0x6A,
    0x5A, 0x39, 0x83, 0x62, 0xA4, 0x7B, 0x94, 0x73, 0x62, 0x4A, 0x8B, 0x6A, 0x94, 0x73, 0x94, 0x73,
    0xFF, 0xA4, 0xFF, 0x9C, 0xFF, 0x8B, 0xFF, 0x9C, 0xFF, 0xB4, 0xFF, 0xA4, 0xFF, 0x9C, 0xFF, 0x9C,
    0xFF, 0xB4, 0xFF, 0xAC, 0xFF, 0xA4, 0xFF, 0xA4, 0xFF, 0xBD, 0xFF, 0xB4, 0xFF, 0xAC, 0xFF, 0x9C,
    0x83, 0x5A, 0x7B, 0x52, 0x73, 0x41, 0x7B, 0x52, 0x8B, 0x6A, 0x83, 0x5A, 0x7B, 0x52, 0x7B, 0x52,
    0x8B, 0x6A, 0x83, 0x62, 0x83, 0x5A, 0x83, 0x5A, 0x94, 0x73, 0x8B, 0x6A, 0x83, 0x62, 0x7B, 0x52,
    0xFF, 0x9C, 0xFF, 0xA4, 0xFF, 0xA4, 0xFF, 0xA4, 0xFF, 0xA4, 0xFF, 0xA4, 0xFF, 0xA4, 0xFF, 0xA4,
    0xFF, 0xA4, 0xFF, 0xAC, 0xFF, 0xA4, 0xFF, 0xA4, 0xFF, 0xA4, 0xFF, 0xA4, 0xFF, 0xAC, 0xFF, 0xA4,
    0x7B, 0x52, 0x83, 0x5A, 0x83, 0x5A, 0x83, 0x5A, 0x83, 0x5A, 0x83, 0x5A, 0x83, 0x5A, 0x83, 0x5A,
    0x83, 0x5A, 0x8B, 0x5A, 0x83, 0x5A, 0x83, 0x5A, 0x83, 0x5A, 0x83, 0x5A, 0x8B, 0x5A, 0x83, 0x5A,
    0xFF, 0x94, 0xFF, 0x83, 0xFF, 0x73, 0xFF, 0x73, 0xFF, 0x9C, 0xFF, 0x8B, 0xFF, 0x83, 0xFF, 0x7B,
    0xFF, 0x9C, 0xFF, 0x94, 0xFF, 0x8B, 0xFF, 0x8B, 0xFF, 0x9C, 0xFF, 0x9C, 0xFF, 0x94, 0xFF, 0x8B,
    0x73, 0x52, 0x62, 0x41, 0x4A, 0x31, 0x4A, 0x31, 0x7B, 0x52, 0x62, 0x4A, 0x62, 0x41, 0x5A, 0x39,
    0x7B, 0x52, 0x73, 0x52, 0x62, 0x4A, 0x62, 0x4A, 0x7B, 0x52, 0x7B, 0x52, 0x6A, 0x4A, 0x62, 0x4A,
    0xFF, 0x6A, 0xFF, 0x62, 0xFF, 0x5A, 0xFF, 0x5A, 0xFF, 0x7B, 0xFF, 0x7B, 0xFF, 0x6A, 0xFF, 0x62,
    0xFF, 0x83, 0xFF, 0x8B, 0xFF, 0x83, 0xFF, 0x73, 0xFF, 0x8B, 0xFF, 0x94, 0xFF, 0x94, 0xFF, 0x83,
    0x41, 0x29, 0x41, 0x29, 0x31, 0x18, 0x31, 0x18, 0x52, 0x31, 0x52, 0x31, 0x41, 0x29, 0x39, 0x20,
    0x5A, 0x39, 0x62, 0x4A, 0x5A, 0x39, 0x4A, 0x31, 0x62, 0x4A, 0x6A, 0x4A, 0x6A, 0x52, 0x5A, 0x39,
    0xFF, 0x52, 0xFF, 0x62, 0xFF, 0x5A, 0xFF, 0x6A, 0xFF, 0x5A, 0xFF, 0x52, 0xFF, 0x62, 0xFF, 0x5A,
    0xFF, 0x5A, 0xFF, 0x52, 0xFF, 0x52, 0xFF, 0x5A, 0xFF, 0x73, 0xFF, 0x4A, 0xFF, 0x52, 0xFF, 0x52,
    0x31, 0x18, 0x39, 0x20, 0x39, 0x20, 0x41, 0x29, 0x31, 0x18, 0x39, 0x20, 0x39, 0x20, 0x39, 0x20,
    0x31, 0x18, 0x31, 0x18, 0x31, 0x18, 0x31, 0x18, 0x4A, 0x31, 0x29, 0x10, 0x31, 0x18, 0x31, 0x18,
    0xFF, 0x6A, 0xFF, 0x6A, 0xFF, 0x6A, 0xFF, 0x6A, 0xFF, 0x5A, 0xFF, 0x62, 0xFF, 0x62, 0xFF, 0x5A,
    0xFF, 0x52, 0xFF, 0x5A, 0xFF, 0x52, 0xFF, 0x52, 0xFF, 0x52, 0xFF, 0x52, 0xFF, 0x52, 0xFF, 0x4A,
    0x4A, 0x31, 0x4A, 0x31, 0x41, 0x29, 0x4A, 0x31, 0x39, 0x20, 0x41, 0x29, 0x41, 0x29, 0x39, 0x20,
    0x39, 0x20, 0x31, 0x18, 0x39, 0x20, 0x31, 0x18, 0x39, 0x20, 0x31, 0x18, 0x31, 0x18, 0x29, 0x10,
    0xFF, 0x7B, 0xFF, 0x7B, 0xFF, 0x62, 0xFF, 0x62, 0xFF, 0x62, 0xFF, 0x62, 0xFF, 0x94, 0xFF, 0x94,
    0xFF, 0x52, 0xFF, 0x8B, 0xFF, 0xAC, 0xFF, 0xAC, 0xFF, 0x62, 0xFF, 0xB4, 0xFF, 0xAC, 0xFF, 0xA4,
    0x52, 0x31, 0x5A, 0x39, 0x52, 0x29, 0x52, 0x29, 0x41, 0x29, 0x41, 0x29, 0x6A, 0x4A, 0x7B, 0x4A,
    0x31, 0x18, 0x7B, 0x39, 0x94, 0x4A, 0x94, 0x4A, 0x41, 0x29, 0x9C, 0x4A, 0x94, 0x4A, 0x8B, 0x41,
    0xFF, 0x5A, 0xFF, 0x62, 0xFF, 0x6A, 0xFF, 0x6A, 0xFF, 0x94, 0xFF, 0x94, 0xFF, 0xA4, 0xFF, 0xA4,
    0xFF, 0xA4, 0xFF, 0xA4, 0xFF, 0xA4, 0xFF, 0xA4, 0xFF, 0xA4, 0xFF, 0xA4, 0xFF, 0xA4, 0xFF, 0x9C,
    0x4A, 0x29, 0x52, 0x29, 0x5A, 0x31, 0x5A, 0x31, 0x7B, 0x4A, 0x7B, 0x4A, 0x94, 0x4A, 0x94, 0x4A,
    0x8B, 0x4A, 0x94, 0x4A, 0x8B, 0x4A, 0x8B, 0x4A, 0x8B, 0x41, 0x8B, 0x41, 0x8B, 0x41, 0x83, 0x41,
    0xFF, 0x6A, 0xFF, 0x7B, 0xFF, 0x8B, 0xFF, 0x9C, 0xFF, 0xAC, 0xFF, 0xA4, 0xFF, 0xAC, 0xFF, 0xAC,
    0xFF, 0xA4, 0xFF, 0xA4, 0xFF, 0x9C, 0xFF, 0xA4, 0xFF, 0x9C, 0xFF, 0x9C, 0xFF, 0xA4, 0xFF, 0xA4,
    0x5A, 0x31, 0x6A, 0x39, 0x73, 0x39, 0x83, 0x41, 0x94, 0x4A, 0x94, 0x4A, 0x94, 0x4A, 0x94, 0x4A,
    0x8B, 0x41, 0x94, 0x4A, 0x83, 0x4A, 0x94, 0x4A, 0x83, 0x41, 0x83, 0x41, 0x8B, 0x41, 0x8B, 0x41,
    0xFF, 0xAC, 0xFF, 0xB4, 0xFF, 0xB4, 0xFF, 0xBD, 0xFF, 0xAC, 0xFF, 0xAC, 0xFF, 0xB4, 0xFF, 0xB4,
    0xFF, 0xA4, 0xFF, 0xAC, 0xFF, 0xAC, 0xFF, 0xB4, 0xFF, 0xA4, 0xFF, 0xA4, 0xFF, 0xB4, 0xFF, 0xB4,
    0x94, 0x4A, 0x9C, 0x52, 0x9C, 0x52, 0xA4, 0x52, 0x94, 0x4A, 0x94, 0x4A, 0x9C, 0x52, 0x9C, 0x52,
    0x94, 0x4A, 0x94, 0x4A, 0x94, 0x4A, 0x9C, 0x52, 0x94, 0x4A, 0x8B, 0x4A, 0x9C, 0x4A, 0x9C, 0x4A,
    0xFF, 0xBD, 0xFF, 0xC5, 0xFF, 0xC5, 0xFF, 0xC5, 0xFF, 0xC5, 0xFF, 0xC5, 0xFF, 0xC5, 0xFF, 0xC5,
    0xFF, 0xB4, 0xFF, 0xBD, 0xFF, 0xBD, 0xFF, 0xBD, 0xFF, 0xB4, 0xFF, 0xB4, 0xFF, 0xB4, 0xFF, 0xB4,
    0xA4, 0x52, 0xA4, 0x52, 0xA4, 0x52, 0xA4, 0x52, 0xA4, 0x52, 0xA4, 0x52, 0xA4, 0x52, 0xA4, 0x52,
    0x9C, 0x52, 0xA4, 0x52, 0xA4, 0x52, 0xA4, 0x52, 0x9C, 0x52, 0x9C, 0x52, 0x9C, 0x52, 0x9C, 0x52,
    0xFF, 0xC5, 0xFF, 0xC5, 0xFF, 0xBD, 0xFF, 0xC5, 0xFF, 0xC5, 0xFF, 0xBD, 0xFF, 0xC5, 0xFF, 0xC5,
    0xFF, 0xBD, 0xFF, 0xBD, 0xFF, 0xB4, 0xFF, 0xBD, 0xFF, 0xB4, 0xFF, 0xB4, 0xFF, 0xB4, 0xFF, 0xB4,
    0xA4, 0x52, 0xA4, 0x52, 0xA4, 0x52, 0xA4, 0x52, 0xA4, 0x52, 0xA4, 0x52, 0xA4, 0x52, 0xA4, 0x52,
    0xA4, 0x52, 0xA4, 0x52, 0x9C, 0x52, 0xA4, 0x52, 0x9C, 0x52, 0x9C, 0x4A, 0x9C, 0x52, 0x9C, 0x52,
    0xFF, 0xC5, 0xFF, 0xC5, 0xFF, 0xBD, 0xFF, 0xBD, 0xFF, 0xC5, 0xFF, 0xBD, 0xFF, 0xC5, 0xFF, 0xB4,
    0xFF, 0xBD, 0xFF, 0xBD, 0xFF, 0xB4, 0xFF, 0xB4, 0xFF, 0xBD, 0xFF, 0xB4, 0xFF, 0xB4, 0xFF, 0xB4,
    0xA4, 0x52, 0xA4, 0x52, 0xA4, 0x52, 0xA4, 0x52, 0xA4, 0x52, 0xA4, 0x52, 0xA4, 0x52, 0x9C, 0x52,
    0xA4, 0x52, 0xA4, 0x52, 0x9C, 0x52, 0x9C, 0x52, 0xA4, 0x52, 0x9C, 0x52, 0x9C, 0x52, 0x9C, 0x4A,
    0xFF, 0xB4, 0xFF, 0xAC, 0xFF, 0xA4, 0xFF, 0xA4, 0xFF, 0xB4, 0xFF, 0xA4, 0xFF, 0xA4, 0xFF, 0xA4,
    0xFF, 0xB4, 0xFF, 0xAC, 0xFF, 0xA4, 0xFF, 0xA4, 0xFF, 0xB4, 0xFF, 0xA4, 0xFF, 0x9C, 0xFF, 0x8B,
    0x9C, 0x4A, 0x94, 0x4A, 0x94, 0x4A, 0x94, 0x4A, 0x9C, 0x52, 0x94, 0x4A, 0x94, 0x4A, 0x8B, 0x41,
    0x9C, 0x4A, 0x94, 0x4A, 0x8B, 0x41, 0x8B, 0x41, 0x9C, 0x4A, 0x8B, 0x4A, 0x83, 0x4A, 0x73, 0x41,
    0xFF, 0xA4, 0xFF, 0xA4, 0xFF, 0xA4, 0xFF, 0xA4, 0xFF, 0xA4, 0xFF, 0x9C, 0xFF, 0x9C, 0xFF, 0x94,
    0xFF, 0x9C, 0xFF, 0x9C, 0xFF, 0x8B, 0xFF, 0x83, 0xFF, 0x8B, 0xFF, 0x83, 0xFF, 0x7B, 0xFF, 0x7B,
    0x8B, 0x4A, 0x8B, 0x41, 0x8B, 0x41, 0x8B, 0x41, 0x8B, 0x41, 0x83, 0x41, 0x83, 0x41, 0x83, 0x41,
    0x83, 0x41, 0x83, 0x41, 0x7B, 0x39, 0x73, 0x41, 0x73, 0x41, 0x73, 0x41, 0x6A, 0x39, 0x6A, 0x39,
    0xFF, 0x9C, 0xFF, 0x94, 0xFF, 0x8B, 0xFF, 0x8B, 0xFF, 0x94, 0xFF, 0x8B, 0xFF, 0x83, 0xFF, 0x7B,
    0xFF, 0x7B, 0xFF, 0x83, 0xFF, 0x83, 0xFF, 0x8B, 0xFF, 0x8B, 0xFF, 0x8B, 0xFF, 0x8B, 0xFF, 0x94,
    0x83, 0x41, 0x83, 0x41, 0x7B, 0x39, 0x73, 0x41, 0x7B, 0x4A, 0x73, 0x39, 0x73, 0x41, 0x6A, 0x41,
    0x6A, 0x41, 0x73, 0x41, 0x73, 0x41, 0x73, 0x39, 0x73, 0x41, 0x7B, 0x39, 0x7B, 0x39, 0x83, 0x41,
    0xFF, 0x8B, 0xFF, 0x7B, 0xFF, 0x4A, 0xFF, 0x6A, 0xFF, 0x8B, 0xFF, 0x6A, 0xFF, 0x4A, 0xFF, 0x6A,
    0xFF, 0x9C, 0xFF, 0x5A, 0xFF, 0x39, 0xFF, 0x7B, 0xFF, 0x7B, 0xFF, 0x4A, 0xFF, 0x52, 0xFF, 0x83,
    0x73, 0x39, 0x62, 0x39, 0x20, 0x08, 0x41, 0x29, 0x73, 0x41, 0x5A, 0x31, 0x20, 0x08, 0x4A, 0x31,
    0x83, 0x41, 0x41, 0x20, 0x20, 0x08, 0x5A, 0x39, 0x6A, 0x39, 0x20, 0x08, 0x31, 0x18, 0x62, 0x41,
    0xFF, 0x7B, 0xFF, 0x7B, 0xFF, 0x5A, 0xFF, 0x52, 0xFF, 0x8B, 0xFF, 0x83, 0xFF, 0x7B, 0xFF, 0x62,
    0xFF, 0x8B, 0xFF, 0x94, 0xFF, 0x94, 0xFF, 0x83, 0xFF, 0x83, 0xFF, 0x8B, 0xFF, 0x94, 0xFF, 0x83,
    0x5A, 0x39, 0x52, 0x31, 0x39, 0x20, 0x31, 0x18, 0x62, 0x4A, 0x62, 0x41, 0x5A, 0x39, 0x39, 0x20,
    0x62, 0x4A, 0x6A, 0x52, 0x73, 0x52, 0x5A, 0x39, 0x62, 0x41, 0x62, 0x4A, 0x6A, 0x52, 0x62, 0x41,
    0xFF, 0x5A, 0xFF, 0x73, 0xFF, 0x6A, 0xFF, 0x7B, 0xFF, 0x73, 0xFF, 0x73, 0xFF, 0x73, 0xFF, 0x7B,
    0xFF, 0x6A, 0xFF, 0x7B, 0xFF, 0x7B, 0xFF, 0x94, 0xFF, 0x7B, 0xFF, 0x7B, 0xFF, 0x83, 0xFF, 0xA4,
    0x41, 0x20, 0x4A, 0x31, 0x4A, 0x31, 0x52, 0x31, 0x4A, 0x31, 0x4A, 0x31, 0x4A, 0x31, 0x5A, 0x39,
    0x41, 0x29, 0x52, 0x31, 0x52, 0x31, 0x6A, 0x4A, 0x52, 0x31, 0x52, 0x31, 0x62, 0x41, 0x7B, 0x62,
    0xFF, 0x9C, 0xFF, 0xB4, 0xFF, 0xB4, 0xFF, 0xB4, 0xFF, 0xA4, 0xFF, 0xAC, 0xFF, 0xB4, 0xFF, 0xB4,
    0xFF, 0xA4, 0xFF, 0xA4, 0xFF, 0xA4, 0xFF, 0xA4, 0xFF, 0xAC, 0xFF, 0xA4, 0xFF, 0xA4, 0xFF, 0x94,
    0x73, 0x5A, 0x8B, 0x6A, 0x8B, 0x6A, 0x8B, 0x6A, 0x7B, 0x62, 0x83, 0x62, 0x8B, 0x6A, 0x8B, 0x6A,
    0x7B, 0x62, 0x7B, 0x62, 0x7B, 0x62, 0x7B, 0x62, 0x83, 0x62, 0x7B, 0x62, 0x7B, 0x62, 0x6A, 0x4A,
    0xFF, 0xB4, 0xFF, 0xB4, 0xFF, 0xA4, 0xFF, 0xA4, 0xFF, 0xB4, 0xFF, 0xAC, 0xFF, 0xAC, 0xFF, 0xA4,
    0xFF, 0x9C, 0xFF, 0xA4, 0xFF, 0xA4, 0xFF, 0x9C, 0xFF, 0x9C, 0xFF, 0x9C, 0xFF, 0x94, 0xFF, 0x94,
    0x8B, 0x6A, 0x8B, 0x6A, 0x83, 0x5A, 0x83, 0x5A, 0x8B, 0x6A, 0x83, 0x62, 0x83, 0x62, 0x83, 0x5A,
    0x7B, 0x52, 0x7B, 0x62, 0x7B, 0x62, 0x7B, 0x52, 0x73, 0x5A, 0x7B, 0x52, 0x73, 0x52, 0x73, 0x52,
    0xFF, 0xA4, 0xFF, 0xA4, 0xFF, 0xA4, 0xFF, 0xA4, 0xFF, 0xA4, 0xFF, 0xA4, 0xFF, 0xA4, 0xFF, 0xA4,
    0xFF, 0x9C, 0xFF, 0x9C, 0xFF, 0x94, 0xFF, 0x9C, 0xFF, 0x9C, 0xFF, 0x94, 0xFF, 0x9C, 0xFF, 0x94,
    0x83, 0x5A, 0x83, 0x5A, 0x83, 0x5A, 0x83, 0x5A, 0x83, 0x5A, 0x83, 0x5A, 0x83, 0x5A, 0x83, 0x5A,
    0x7B, 0x52, 0x7B, 0x52, 0x73, 0x52, 0x7B, 0x52, 0x7B, 0x52, 0x73, 0x52, 0x7B, 0x52, 0x73, 0x52,
    0xFF, 0xA4, 0xFF, 0x9C, 0xFF, 0x94, 0xFF, 0x8B, 0xFF, 0xA4, 0xFF, 0x9C, 0xFF, 0x94, 0xFF, 0x8B,
    0xFF, 0x9C, 0xFF, 0x9C, 0xFF, 0x94, 0xFF, 0x8B, 0xFF, 0x94, 0xFF, 0x94, 0xFF, 0x94, 0xFF, 0x94,
    0x83, 0x5A, 0x7B, 0x52, 0x6A, 0x4A, 0x62, 0x4A, 0x83, 0x5A, 0x7B, 0x52, 0x6A, 0x4A, 0x62, 0x4A,
    0x7B, 0x52, 0x7B, 0x52, 0x73, 0x52, 0x62, 0x4A, 0x73, 0x52, 0x6A, 0x4A, 0x6A, 0x4A, 0x6A, 0x4A,
    0xFF, 0x94, 0xFF, 0x94, 0xFF, 0x9C, 0xFF, 0x94, 0xFF, 0x94, 0xFF, 0xA4, 0xFF, 0xB4, 0xFF, 0x9C,
    0xFF, 0x94, 0xFF, 0xAC, 0xFF, 0xAC, 0xFF, 0xA4, 0xFF, 0x94, 0xFF, 0xA4, 0xFF, 0xA4, 0xFF, 0x9C,
    0x6A, 0x52, 0x73, 0x52, 0x7B, 0x52, 0x6A, 0x4A, 0x73, 0x52, 0x7B, 0x62, 0x8B, 0x6A, 0x7B, 0x52,
    0x6A, 0x4A, 0x83, 0x62, 0x83, 0x62, 0x7B, 0x62, 0x73, 0x52, 0x7B, 0x62, 0x7B, 0x62, 0x7B, 0x52,
    0xFF, 0x83, 0xFF, 0x83, 0xFF, 0x52, 0xFF, 0x52, 0xFF, 0x94, 0xFF, 0x94, 0xFF, 0x83, 0xFF, 0x52,
    0xFF, 0x9C, 0xFF, 0x94, 0xFF, 0x8B, 0xFF, 0x6A, 0xFF, 0x9C, 0xFF, 0x83, 0xFF, 0x83, 0xFF, 0x83,
    0x62, 0x41, 0x5A, 0x39, 0x39, 0x20, 0x31, 0x18, 0x73, 0x52, 0x6A, 0x4A, 0x5A, 0x39, 0x31, 0x18,
    0x73, 0x5A, 0x6A, 0x52, 0x62, 0x4A, 0x4A, 0x31, 0x73, 0x5A, 0x62, 0x41, 0x62, 0x41, 0x5A, 0x39,
    0xFF, 0x52, 0xFF, 0x52, 0xFF, 0x4A, 0xFF, 0x41, 0xFF, 0x4A, 0xFF, 0x4A, 0xFF, 0x4A, 0xFF, 0x39,
    0xFF, 0x41, 0xFF, 0x4A, 0xFF, 0x41, 0xFF, 0x41, 0xFF, 0x4A, 0xFF, 0x39, 0xFF, 0x4A, 0xFF, 0x41,
    0x39, 0x20, 0x31, 0x18, 0x29, 0x10, 0x20, 0x10, 0x29, 0x10, 0x29, 0x10, 0x29, 0x10, 0x20, 0x08,
    0x20, 0x10, 0x29, 0x10, 0x20, 0x10, 0x20, 0x10, 0x29, 0x10, 0x20, 0x08, 0x29, 0x10, 0x20, 0x10,
    0xFF, 0x6A, 0xFF, 0xAC, 0xFF, 0x9C, 0xFF, 0x94, 0xFF, 0x73, 0xFF, 0x8B, 0xFF, 0x83, 0xFF, 0x83,
    0xFF, 0x7B, 0xFF, 0x8B, 0xFF, 0x83, 0xFF, 0x83, 0xFF, 0x7B, 0xFF, 0x94, 0xFF, 0x8B, 0xFF, 0x8B,
    0x5A, 0x31, 0x94, 0x4A, 0x83, 0x41, 0x83, 0x41, 0x62, 0x31, 0x73, 0x41, 0x73, 0x41, 0x73, 0x41,
    0x62, 0x39, 0x73, 0x41, 0x73, 0x39, 0x73, 0x41, 0x6A, 0x39, 0x83, 0x41, 0x7B, 0x39, 0x73, 0x39,
    0xFF, 0x8B, 0xFF, 0x94, 0xFF, 0x94, 0xFF, 0x94, 0xFF, 0x83, 0xFF, 0x83, 0xFF, 0x83, 0xFF, 0x83,
    0xFF, 0x7B, 0xFF, 0x83, 0xFF, 0x7B, 0xFF, 0x7B, 0xFF, 0x8B, 0xFF, 0x8B, 0xFF, 0x8B, 0xFF, 0x8B,
    0x7B, 0x39, 0x83, 0x41, 0x83, 0x41, 0x83, 0x41, 0x73, 0x41, 0x73, 0x41, 0x73, 0x41, 0x73, 0x41,
    0x6A, 0x39, 0x73, 0x41, 0x62, 0x39, 0x62, 0x39, 0x7B, 0x39, 0x7B, 0x39, 0x7B, 0x39, 0x73, 0x39,
    0xFF, 0x94, 0xFF, 0x9C, 0xFF, 0x94, 0xFF, 0x9C, 0xFF, 0x8B, 0xFF, 0x8B, 0xFF, 0x8B, 0xFF, 0x8B,
    0xFF, 0x73, 0xFF, 0x7B, 0xFF, 0x7B, 0xFF, 0x7B, 0xFF, 0x83, 0xFF, 0x7B, 0xFF, 0x83, 0xFF, 0x8B,
    0x83, 0x41, 0x83, 0x41, 0x83, 0x41, 0x83, 0x41, 0x7B, 0x39, 0x7B, 0x39, 0x73, 0x41, 0x7B, 0x39,
    0x62, 0x31, 0x62, 0x39, 0x62, 0x39, 0x62, 0x39, 0x73, 0x41, 0x6A, 0x39, 0x73, 0x41, 0x73, 0x39,
    0xFF, 0xA4, 0xFF, 0xA4, 0xFF, 0x9C, 0xFF, 0xB4, 0xFF, 0x94, 0xFF, 0x94, 0xFF, 0x9C, 0xFF, 0x9C,
    0xFF, 0x7B, 0xFF, 0x7B, 0xFF, 0x6A, 0xFF, 0x6A, 0xFF, 0x8B, 0xFF, 0x94, 0xFF, 0x9C, 0xFF, 0x94,
    0x8B, 0x41, 0x8B, 0x4A, 0x94, 0x41, 0x9C, 0x4A, 0x7B, 0x4A, 0x83, 0x41, 0x83, 0x41, 0x83, 0x41,
    0x62, 0x39, 0x62, 0x39, 0x5A, 0x31, 0x5A, 0x31, 0x73, 0x41, 0x83, 0x41, 0x83, 0x41, 0x83, 0x41,
    0xFF, 0xAC, 0xFF, 0xAC, 0xFF, 0xB4, 0xFF, 0xB4, 0xFF, 0x94, 0xFF, 0x8B, 0xFF, 0x83, 0xFF, 0x83,
    0xFF, 0x6A, 0xFF, 0x7B, 0xFF, 0x7B, 0xFF, 0x7B, 0xFF, 0x9C, 0xFF, 0x9C, 0xFF, 0xA4, 0xFF, 0xA4,
    0x94, 0x4A, 0x94, 0x4A, 0x9C, 0x4A, 0x9C, 0x4A, 0x83, 0x41, 0x73, 0x39, 0x73, 0x41, 0x73, 0x41,
    0x5A, 0x31, 0x62, 0x39, 0x62, 0x39, 0x6A, 0x39, 0x83, 0x41, 0x83, 0x41, 0x8B, 0x4A, 0x8B, 0x41,
    0xFF, 0xA4, 0xFF, 0xA4, 0xFF, 0xA4, 0xFF, 0xA4, 0xFF, 0x7B, 0xFF, 0x7B, 0xFF, 0x7B, 0xFF, 0x7B,
    0xFF, 0x83, 0xFF, 0x8B, 0xFF, 0x8B, 0xFF, 0x94, 0xFF, 0xA4, 0xFF, 0xA4, 0xFF, 0xA4, 0xFF, 0xA4,
    0x94, 0x4A, 0x94, 0x4A, 0x8B, 0x4A, 0x8B, 0x4A, 0x6A, 0x41, 0x62, 0x39, 0x62, 0x39, 0x62, 0x39,
    0x73, 0x39, 0x73, 0x39, 0x73, 0x39, 0x83, 0x41, 0x8B, 0x4A, 0x8B, 0x41, 0x8B, 0x41, 0x8B, 0x41,
    0xFF, 0x9C, 0xFF, 0x9C, 0xFF, 0x8B, 0xFF, 0x8B, 0xFF, 0x7B, 0xFF, 0x7B, 0xFF, 0x7B, 0xFF, 0x7B,
    0xFF, 0xA4, 0xFF, 0xA4, 0xFF, 0xA4, 0xFF, 0xA4, 0xFF, 0xA4, 0xFF, 0xA4, 0xFF, 0xA4, 0xFF, 0xA4,
    0x83, 0x41, 0x83, 0x41, 0x7B, 0x39, 0x7B, 0x39, 0x62, 0x39, 0x62, 0x39, 0x6A, 0x39, 0x62, 0x39,
    0x8B, 0x41, 0x8B, 0x41, 0x8B, 0x41, 0x8B, 0x4A, 0x8B, 0x4A, 0x8B, 0x41, 0x8B, 0x4A, 0x8B, 0x41,
    0xFF, 0x83, 0xFF, 0x7B, 0xFF, 0x7B, 0xFF, 0x7B, 0xFF, 0x83, 0xFF, 0x8B, 0xFF, 0x94, 0xFF, 0x9C,
    0xFF, 0xA4, 0xFF, 0xAC, 0xFF, 0xA4, 0xFF, 0xA4, 0xFF, 0xA4, 0xFF, 0xA4, 0xFF, 0xA4, 0xFF, 0x94,
    0x73, 0x39, 0x6A, 0x41, 0x6A, 0x41, 0x6A, 0x41, 0x73, 0x41, 0x7B, 0x39, 0x7B, 0x4A, 0x83, 0x41,
    0x8B, 0x4A, 0x94, 0x4A, 0x8B, 0x4A, 0x8B, 0x4A, 0x8B, 0x41, 0x8B, 0x41, 0x8B, 0x41, 0x83, 0x41,
    0xFF, 0x7B, 0xFF, 0x7B, 0xFF, 0x8B, 0xFF, 0x94, 0xFF, 0x9C, 0xFF, 0x9C, 0xFF, 0x9C, 0xFF, 0x94,
    0xFF, 0xA4, 0xFF, 0x9C, 0xFF, 0x8B, 0xFF, 0x8B, 0xFF, 0x94, 0xFF, 0x8B, 0xFF, 0x8B, 0xFF, 0x83,
    0x62, 0x39, 0x6A, 0x41, 0x73, 0x39, 0x83, 0x41, 0x83, 0x4A, 0x83, 0x41, 0x83, 0x41, 0x83, 0x41,
    0x8B, 0x41, 0x83, 0x41, 0x7B, 0x39, 0x73, 0x39, 0x83, 0x41, 0x73, 0x39, 0x73, 0x39, 0x73, 0x39,
    0xFF, 0x94, 0xFF, 0x8B, 0xFF, 0x8B, 0xFF, 0x83, 0xFF, 0x8B, 0xFF, 0x8B, 0xFF, 0x8B, 0xFF, 0x52,
    0xFF, 0x83, 0xFF, 0x8B, 0xFF, 0x5A, 0xFF, 0x31, 0xFF, 0x8B, 0xFF, 0x62, 0xFF, 0x41, 0xFF, 0x39,
    0x83, 0x41, 0x7B, 0x39, 0x73, 0x39, 0x73, 0x39, 0x7B, 0x39, 0x73, 0x39, 0x7B, 0x39, 0x39, 0x20,
    0x73, 0x39, 0x7B, 0x39, 0x41, 0x20, 0x18, 0x08, 0x73, 0x39, 0x52, 0x29, 0x20, 0x10, 0x20, 0x08,
    0xFF, 0x4A, 0xFF, 0x39, 0xFF, 0x6A, 0xFF, 0x94, 0xFF, 0x39, 0xFF, 0x39, 0xFF, 0x7B, 0xFF, 0x7B,
    0xFF, 0x31, 0xFF, 0x4A, 0xFF, 0x5A, 0xFF, 0x62, 0xFF, 0x39, 0xFF, 0x5A, 0xFF, 0x7B, 0xFF, 0x7B,
    0x29, 0x10, 0x20, 0x08, 0x4A, 0x31, 0x6A, 0x52, 0x20, 0x08, 0x20, 0x08, 0x52, 0x31, 0x5A, 0x39,
    0x18, 0x08, 0x29, 0x10, 0x41, 0x20, 0x41, 0x29, 0x20, 0x08, 0x39, 0x20, 0x5A, 0x39, 0x52, 0x31,
    0xFF, 0x83, 0xFF, 0x83, 0xFF, 0x8B, 0xFF, 0x7B, 0xFF, 0x7B, 0xFF, 0x6A, 0xFF, 0x7B, 0xFF, 0x73,
    0xFF, 0x62, 0xFF, 0x6A, 0xFF, 0x5A, 0xFF, 0x6A, 0xFF, 0x83, 0xFF, 0x7B, 0xFF, 0x7B, 0xFF, 0x7B,
    0x5A, 0x39, 0x5A, 0x39, 0x62, 0x4A, 0x5A, 0x39, 0x52, 0x31, 0x41, 0x29, 0x5A, 0x39, 0x4A, 0x31,
    0x41, 0x29, 0x41, 0x29, 0x41, 0x20, 0x41, 0x29, 0x5A, 0x39, 0x5A, 0x39, 0x5A, 0x39, 0x5A, 0x39,
    0xFF, 0x7B, 0xFF, 0x7B, 0xFF, 0x83, 0xFF, 0xA4, 0xFF, 0x83, 0xFF, 0x83, 0xFF, 0x83, 0xFF, 0x94,
    0xFF, 0x83, 0xFF, 0x83, 0xFF, 0x8B, 0xFF, 0xA4, 0xFF, 0x8B, 0xFF, 0x8B, 0xFF, 0x94, 0xFF, 0xAC,
    0x52, 0x31, 0x5A, 0x39, 0x62, 0x41, 0x7B, 0x62, 0x5A, 0x39, 0x5A, 0x39, 0x62, 0x41, 0x73, 0x52,
    0x5A, 0x39, 0x62, 0x41, 0x62, 0x4A, 0x7B, 0x62, 0x62, 0x4A, 0x62, 0x4A, 0x73, 0x52, 0x83, 0x62,
    0xFF, 0xA4, 0xFF, 0xA4, 0xFF, 0x9C, 0xFF, 0x9C, 0xFF, 0xAC, 0xFF, 0xA4, 0xFF, 0xA4, 0xFF, 0x94,
    0xFF, 0xA4, 0xFF, 0xA4, 0xFF, 0x9C, 0xFF, 0x94, 0xFF, 0xA4, 0xFF, 0xA4, 0xFF, 0x9C, 0xFF, 0x94,
    0x7B, 0x62, 0x7B, 0x62, 0x7B, 0x52, 0x73, 0x5A, 0x83, 0x62, 0x7B, 0x62, 0x7B, 0x62, 0x6A, 0x4A,
    0x7B, 0x62, 0x7B, 0x62, 0x7B, 0x52, 0x73, 0x52, 0x7B, 0x62, 0x7B, 0x62, 0x7B, 0x52, 0x73, 0x52,
    0xFF, 0x94, 0xFF, 0x83, 0xFF, 0x83, 0xFF, 0x94, 0xFF, 0x83, 0xFF, 0x83, 0xFF, 0x83, 0xFF, 0x83,
    0xFF, 0x83, 0xFF, 0x83, 0xFF, 0x83, 0xFF, 0x7B, 0xFF, 0x8B, 0xFF, 0x83, 0xFF, 0x83, 0xFF, 0x7B,
    0x6A, 0x52, 0x62, 0x41, 0x62, 0x41, 0x6A, 0x4A, 0x5A, 0x39, 0x5A, 0x39, 0x5A, 0x39, 0x5A, 0x39,
    0x62, 0x41, 0x5A, 0x39, 0x5A, 0x39, 0x5A, 0x39, 0x62, 0x4A, 0x5A, 0x39, 0x62, 0x41, 0x5A, 0x39,
    0xFF, 0x94, 0xFF, 0x94, 0xFF, 0x94, 0xFF, 0x94, 0xFF, 0x94, 0xFF, 0x94, 0xFF, 0x94, 0xFF, 0x94,
    0xFF, 0x83, 0xFF, 0x83, 0xFF, 0x83, 0xFF, 0x8B, 0xFF, 0x83, 0xFF, 0x7B, 0xFF, 0x83, 0xFF, 0x7B,
    0x6A, 0x4A, 0x73, 0x52, 0x73, 0x52, 0x6A, 0x4A, 0x6A, 0x4A, 0x6A, 0x4A, 0x73, 0x52, 0x6A, 0x4A,
    0x62, 0x41, 0x62, 0x41, 0x62, 0x41, 0x62, 0x4A, 0x5A, 0x39, 0x52, 0x31, 0x5A, 0x39, 0x52, 0x31,
    0xFF, 0x8B, 0xFF, 0x94, 0xFF, 0x83, 0xFF, 0x8B, 0xFF, 0x94, 0xFF, 0x94, 0xFF, 0x8B, 0xFF, 0x83,
    0xFF, 0x83, 0xFF, 0x83, 0xFF, 0x83, 0xFF, 0x83, 0xFF, 0x83, 0xFF, 0x7B, 0xFF, 0x83, 0xFF, 0x7B,
    0x62, 0x4A, 0x6A, 0x4A, 0x62, 0x41, 0x62, 0x4A, 0x6A, 0x4A, 0x6A, 0x4A, 0x62, 0x4A, 0x62, 0x41,
    0x62, 0x41, 0x62, 0x41, 0x5A, 0x39, 0x5A, 0x39, 0x5A, 0x39, 0x5A, 0x39, 0x5A, 0x39, 0x52, 0x31,
    0xFF, 0x94, 0xFF, 0x9C, 0xFF, 0x94, 0xFF, 0x94, 0xFF, 0x83, 0xFF, 0x94, 0xFF, 0x94, 0xFF, 0x83,
    0xFF, 0x7B, 0xFF, 0x83, 0xFF, 0x83, 0xFF, 0x83, 0xFF, 0x73, 0xFF, 0x7B, 0xFF, 0x83, 0xFF, 0x7B,
    0x6A, 0x4A, 0x7B, 0x52, 0x73, 0x52, 0x73, 0x52, 0x62, 0x41, 0x6A, 0x4A, 0x6A, 0x4A, 0x62, 0x41,
    0x5A, 0x39, 0x62, 0x41, 0x62, 0x41, 0x5A, 0x39, 0x4A, 0x31, 0x5A, 0x39, 0x5A, 0x39, 0x52, 0x31,
    0xFF, 0x8B, 0xFF, 0x83, 0xFF, 0x83, 0xFF, 0x8B, 0xFF, 0x8B, 0xFF, 0x83, 0xFF, 0x83, 0xFF, 0x83,
    0xFF, 0x7B, 0xFF, 0x7B, 0xFF, 0x7B, 0xFF, 0x83, 0xFF, 0x73, 0xFF, 0x7B, 0xFF, 0x7B, 0xFF, 0x7B,
    0x62, 0x4A, 0x62, 0x41, 0x62, 0x41, 0x62, 0x4A, 0x62, 0x4A, 0x62, 0x41, 0x62, 0x41, 0x5A, 0x39,
    0x52, 0x31, 0x52, 0x31, 0x52, 0x31, 0x5A, 0x39, 0x4A, 0x31, 0x52, 0x31, 0x5A, 0x39, 0x5A, 0x39,
    0xFF, 0x5A, 0xFF, 0x39, 0xFF, 0x39, 0xFF, 0x31, 0xFF, 0x7B, 0xFF, 0x41, 0xFF, 0x41, 0xFF, 0x39,
    0xFF, 0x83, 0xFF, 0x41, 0xFF, 0x31, 0xFF, 0x39, 0xFF, 0x83, 0xFF, 0x52, 0xFF, 0x31, 0xFF, 0x31,
    0x39, 0x20, 0x20, 0x08, 0x20, 0x08, 0x18, 0x08, 0x52, 0x31, 0x20, 0x10, 0x20, 0x10, 0x20, 0x08,
    0x5A, 0x39, 0x20, 0x10, 0x18, 0x08, 0x20, 0x08, 0x5A, 0x39, 0x39, 0x20, 0x18, 0x08, 0x18, 0x08,
    0xFF, 0x5A, 0xFF, 0x94, 0xFF, 0x8B, 0xFF, 0x83, 0xFF, 0x41, 0xFF, 0x83, 0xFF, 0x8B, 0xFF, 0x83,
    0xFF, 0x31, 0xFF, 0x62, 0xFF, 0x8B, 0xFF, 0x7B, 0xFF, 0x31, 0xFF, 0x41, 0xFF, 0x7B, 0xFF, 0x7B,
    0x4A, 0x29, 0x83, 0x41, 0x73, 0x39, 0x73, 0x39, 0x31, 0x18, 0x73, 0x39, 0x73, 0x39, 0x73, 0x39,
    0x18, 0x08, 0x52, 0x29, 0x73, 0x39, 0x6A, 0x39, 0x18, 0x08, 0x20, 0x10, 0x6A, 0x39, 0x6A, 0x39,
    0xFF, 0x83, 0xFF, 0x8B, 0xFF, 0x8B, 0xFF, 0x8B, 0xFF, 0x7B, 0xFF, 0x7B, 0xFF, 0x7B, 0xFF, 0x7B,
    0xFF, 0x7B, 0xFF, 0x7B, 0xFF, 0x7B, 0xFF, 0x7B, 0xFF, 0x7B, 0xFF, 0x73, 0xFF, 0x7B, 0xFF, 0x73,
    0x73, 0x39, 0x73, 0x39, 0x73, 0x39, 0x7B, 0x39, 0x6A, 0x39, 0x6A, 0x39, 0x6A, 0x39, 0x6A, 0x39,
    0x6A, 0x31, 0x6A, 0x31, 0x6A, 0x31, 0x62, 0x39, 0x62, 0x39, 0x62, 0x31, 0x62, 0x39, 0x62, 0x31,
    0xFF, 0x8B, 0xFF, 0x94, 0xFF, 0x94, 0xFF, 0x9C, 0xFF, 0x83, 0xFF, 0x83, 0xFF, 0x8B, 0xFF, 0x8B,
    0xFF, 0x7B, 0xFF, 0x7B, 0xFF, 0x7B, 0xFF, 0x83, 0xFF, 0x73, 0xFF, 0x73, 0xFF, 0x7B, 0xFF, 0x7B,
    0x7B, 0x39, 0x83, 0x41, 0x83, 0x41, 0x83, 0x41, 0x73, 0x41, 0x73, 0x39, 0x73, 0x39, 0x73, 0x39,
    0x6A, 0x31, 0x6A, 0x39, 0x6A, 0x39, 0x73, 0x39, 0x62, 0x31, 0x62, 0x31, 0x6A, 0x31, 0x6A, 0x31,
    0xFF, 0x9C, 0xFF, 0x9C, 0xFF, 0x9C, 0xFF, 0x9C, 0xFF, 0x8B, 0xFF, 0x8B, 0xFF, 0x94, 0xFF, 0x8B,
    0xFF, 0x83, 0xFF, 0x8B, 0xFF, 0x8B, 0xFF, 0x8B, 0xFF, 0x7B, 0xFF, 0x7B, 0xFF, 0x7B, 0xFF, 0x7B,
    0x83, 0x41, 0x83, 0x41, 0x83, 0x41, 0x83, 0x41, 0x7B, 0x39, 0x7B, 0x39, 0x83, 0x41, 0x7B, 0x39,
    0x73, 0x39, 0x73, 0x39, 0x73, 0x39, 0x73, 0x39, 0x6A, 0x39, 0x6A, 0x39, 0x6A, 0x39, 0x6A, 0x39,
    0xFF, 0x94, 0xFF, 0x9C, 0xFF, 0x94, 0xFF, 0x94, 0xFF, 0x8B, 0xFF, 0x8B, 0xFF, 0x8B, 0xFF, 0x8B,
    0xFF, 0x83, 0xFF, 0x83, 0xFF, 0x83, 0xFF, 0x83, 0xFF, 0x83, 0xFF, 0x7B, 0xFF, 0x7B, 0xFF, 0x7B,
    0x83, 0x39, 0x83, 0x41, 0x83, 0x41, 0x83, 0x41, 0x7B, 0x39, 0x73, 0x39, 0x7B, 0x39, 0x73, 0x39,
    0x73, 0x39, 0x73, 0x39, 0x73, 0x39, 0x73, 0x39, 0x73, 0x39, 0x6A, 0x39, 0x6A, 0x39, 0x6A, 0x31,
    0xFF, 0x8B, 0xFF, 0x94, 0xFF, 0x8B, 0xFF, 0x94, 0xFF, 0x8B, 0xFF, 0x83, 0xFF, 0x8B, 0xFF, 0x8B,
    0xFF, 0x7B, 0xFF, 0x83, 0xFF, 0x7B, 0xFF, 0x83, 0xFF, 0x7B, 0xFF, 0x7B, 0xFF, 0x7B, 0xFF, 0x7B,
    0x7B, 0x39, 0x83, 0x41, 0x7B, 0x39, 0x83, 0x41, 0x73, 0x39, 0x73, 0x39, 0x73, 0x39, 0x73, 0x39,
    0x6A, 0x39, 0x73, 0x39, 0x6A, 0x39, 0x73, 0x39, 0x6A, 0x39, 0x6A, 0x31, 0x6A, 0x39, 0x6A, 0x39,
    0xFF, 0x8B, 0xFF, 0x94, 0xFF, 0x8B, 0xFF, 0x94, 0xFF, 0x8B, 0xFF, 0x8B, 0xFF, 0x8B, 0xFF, 0x8B,
    0xFF, 0x83, 0xFF, 0x83, 0xFF, 0x83, 0xFF, 0x8B, 0xFF, 0x83, 0xFF, 0x7B, 0xFF, 0x83, 0xFF, 0x83,
    0x7B, 0x39, 0x83, 0x41, 0x7B, 0x39, 0x83, 0x41, 0x7B, 0x39, 0x73, 0x39, 0x7B, 0x39, 0x7B, 0x39,
    0x73, 0x39, 0x73, 0x39, 0x73, 0x39, 0x73, 0x39, 0x73, 0x39, 0x6A, 0x39, 0x73, 0x39, 0x73, 0x39,
    0xFF, 0x94, 0xFF, 0x9C, 0xFF, 0x8B, 0xFF, 0x94, 0xFF, 0x8B, 0xFF, 0x8B, 0xFF, 0x8B, 0xFF, 0x8B,
    0xFF, 0x83, 0xFF, 0x83, 0xFF, 0x7B, 0xFF, 0x83, 0xFF, 0x83, 0xFF, 0x7B, 0xFF, 0x7B, 0xFF, 0x7B,
    0x83, 0x41, 0x83, 0x41, 0x7B, 0x39, 0x83, 0x41, 0x7B, 0x39, 0x73, 0x39, 0x73, 0x39, 0x73, 0x39,
    0x73, 0x39, 0x73, 0x39, 0x6A, 0x39, 0x73, 0x39, 0x73, 0x39, 0x6A, 0x39, 0x6A, 0x39, 0x6A, 0x39,
    0xFF, 0x8B, 0xFF, 0x8B, 0xFF, 0x7B, 0xFF, 0x8B, 0xFF, 0x8B, 0xFF, 0x7B, 0xFF, 0x83, 0xFF, 0x7B,
    0xFF, 0x7B, 0xFF, 0x83, 0xFF, 0x73, 0xFF, 0x5A, 0xFF, 0x7B, 0xFF, 0x7B, 0xFF, 0x5A, 0xFF, 0x52,
    0x73, 0x39, 0x73, 0x39, 0x6A, 0x39, 0x73, 0x39, 0x73, 0x39, 0x6A, 0x39, 0x73, 0x39, 0x6A, 0x31,
    0x6A, 0x39, 0x73, 0x39, 0x62, 0x31, 0x39, 0x20, 0x6A, 0x39, 0x6A, 0x31, 0x41, 0x20, 0x31, 0x18,
    0xFF, 0x6A, 0xFF, 0x41, 0xFF, 0x41, 0xFF, 0x39, 0xFF, 0x52, 0xFF, 0x39, 0xFF, 0x31, 0xFF, 0x4A,
    0xFF, 0x4A, 0xFF, 0x41, 0xFF, 0x31, 0xFF, 0x94, 0xFF, 0x4A, 0xFF, 0x39, 0xFF, 0x8B, 0xFF, 0xC5,
    0x5A, 0x31, 0x20, 0x10, 0x20, 0x10, 0x20, 0x08, 0x31, 0x18, 0x20, 0x08, 0x18, 0x08, 0x29, 0x10,
    0x29, 0x10, 0x20, 0x10, 0x18, 0x08, 0x6A, 0x52, 0x29, 0x10, 0x20, 0x08, 0x62, 0x4A, 0xA4, 0x7B,
    0xFF, 0x52, 0xFF, 0x7B, 0xFF, 0x7B, 0xFF, 0x94, 0xFF, 0x94, 0xFF, 0x9C, 0xFF, 0xA4, 0xFF, 0xA4,
    0xFF, 0xAC, 0xFF, 0xB4, 0xFF, 0xB4, 0xFF, 0xB4, 0xFF, 0xC5, 0xFF, 0xC5, 0xFF, 0xC5, 0xFF, 0xBD,
    0x39, 0x20, 0x6A, 0x41, 0x6A, 0x41, 0x6A, 0x4A, 0x73, 0x52, 0x7B, 0x52, 0x83, 0x5A, 0x83, 0x5A,
    0x8B, 0x5A, 0x8B, 0x6A, 0x8B, 0x6A, 0x8B, 0x6A, 0xA4, 0x7B, 0xA4, 0x7B, 0xA4, 0x7B, 0x94, 0x73,
    0xFF, 0x94, 0xFF, 0x94, 0xFF, 0x94, 0xFF, 0x94, 0xFF, 0xA4, 0xFF, 0xA4, 0xFF, 0x9C, 0xFF, 0x9C,
    0xFF, 0xAC, 0xFF, 0xAC, 0xFF, 0xAC, 0xFF, 0xAC, 0xFF, 0xC5, 0xFF, 0xB4, 0xFF, 0xBD, 0xFF, 0xB4,
    0x6A, 0x4A, 0x6A, 0x4A, 0x6A, 0x4A, 0x6A, 0x4A, 0x83, 0x5A, 0x83, 0x5A, 0x7B, 0x52, 0x7B, 0x52,
    0x8B, 0x5A, 0x8B, 0x5A, 0x8B, 0x5A, 0x8B, 0x5A, 0xA4, 0x7B, 0x8B, 0x6A, 0x94, 0x73, 0x8B, 0x6A,
    0xFF, 0x83, 0xFF, 0x8B, 0xFF, 0x94, 0xFF, 0xA4, 0xFF, 0x8B, 0xFF, 0x8B, 0xFF, 0x94, 0xFF, 0x8B,
    0xFF, 0x8B, 0xFF, 0x8B, 0xFF, 0x8B, 0xFF, 0x94, 0xFF, 0x94, 0xFF, 0x9C, 0xFF, 0x9C, 0xFF, 0x9C,
    0x62, 0x41, 0x62, 0x4A, 0x6A, 0x4A, 0x7B, 0x62, 0x62, 0x4A, 0x62, 0x4A, 0x6A, 0x4A, 0x62, 0x4A,
    0x62, 0x4A, 0x62, 0x4A, 0x62, 0x4A, 0x6A, 0x4A, 0x6A, 0x4A, 0x73, 0x5A, 0x7B, 0x52, 0x7B, 0x52,
    0xFF, 0xA4, 0xFF, 0x9C, 0xFF, 0x94, 0xFF, 0x94, 0xFF, 0x9C, 0xFF, 0x8B, 0xFF, 0x94, 0xFF, 0x8B,
    0xFF, 0x83, 0xFF, 0x94, 0xFF, 0x94, 0xFF, 0x8B, 0xFF, 0x9C, 0xFF, 0x94, 0xFF, 0x9C, 0xFF, 0x83,
    0x7B, 0x62, 0x7B, 0x52, 0x6A, 0x4A, 0x6A, 0x4A, 0x73, 0x5A, 0x62, 0x4A, 0x6A, 0x4A, 0x62, 0x4A,
    0x62, 0x41, 0x6A, 0x4A, 0x6A, 0x4A, 0x62, 0x4A, 0x7B, 0x52, 0x73, 0x52, 0x7B, 0x52, 0x5A, 0x39,
    0xFF, 0x83, 0xFF, 0x83, 0xFF, 0x83, 0xFF, 0x7B, 0xFF, 0x83, 0xFF, 0x7B, 0xFF, 0x7B, 0xFF, 0x7B,
    0xFF, 0x83, 0xFF, 0x83, 0xFF, 0x7B, 0xFF, 0x73, 0xFF, 0x83, 0xFF, 0x83, 0xFF, 0x83, 0xFF, 0x7B,
    0x62, 0x41, 0x5A, 0x39, 0x5A, 0x39, 0x52, 0x31, 0x5A, 0x39, 0x5A, 0x39, 0x5A, 0x39, 0x52, 0x31,
    0x5A, 0x39, 0x5A, 0x39, 0x5A, 0x39, 0x4A, 0x31, 0x5A, 0x39, 0x62, 0x41, 0x62, 0x41, 0x5A, 0x39,
    0xFF, 0x7B, 0xFF, 0x7B, 0xFF, 0x7B, 0xFF, 0x7B, 0xFF, 0x7B, 0xFF, 0x7B, 0xFF, 0x7B, 0xFF, 0x73,
    0xFF, 0x7B, 0xFF, 0x7B, 0xFF, 0x6A, 0xFF, 0x6A, 0xFF, 0x7B, 0xFF, 0x6A, 0xFF, 0x6A, 0xFF, 0x6A,
    0x52, 0x31, 0x52, 0x31, 0x52, 0x31, 0x52, 0x31, 0x5A, 0x39, 0x52, 0x31, 0x52, 0x31, 0x4A, 0x31,
    0x52, 0x31, 0x52, 0x31, 0x41, 0x29, 0x41, 0x29, 0x5A, 0x39, 0x41, 0x29, 0x41, 0x29, 0x41, 0x29,
    0xFF, 0x7B, 0xFF, 0x7B, 0xFF, 0x7B, 0xFF, 0x73, 0xFF, 0x73, 0xFF, 0x73, 0xFF, 0x7B, 0xFF, 0x62,
    0xFF, 0x62, 0xFF, 0x62, 0xFF, 0x6A, 0xFF, 0x5A, 0xFF, 0x6A, 0xFF, 0x62, 0xFF, 0x62, 0xFF, 0x5A,
    0x52, 0x31, 0x5A, 0x39, 0x5A, 0x39, 0x4A, 0x31, 0x4A, 0x31, 0x4A, 0x31, 0x52, 0x31, 0x41, 0x29,
    0x41, 0x29, 0x41, 0x29, 0x41, 0x29, 0x39, 0x20, 0x41, 0x29, 0x41, 0x29, 0x41, 0x29, 0x39, 0x20,
    0xFF, 0x5A, 0xFF, 0x6A, 0xFF, 0x6A, 0xFF, 0x6A, 0xFF, 0x5A, 0xFF, 0x5A, 0xFF, 0x6A, 0xFF, 0x62,
    0xFF, 0x52, 0xFF, 0x52, 0xFF, 0x41, 0xFF, 0x5A, 0xFF, 0x5A, 0xFF, 0x5A, 0xFF, 0x52, 0xFF, 0x52,
    0x39, 0x20, 0x4A, 0x31, 0x4A, 0x31, 0x4A, 0x31, 0x39, 0x20, 0x41, 0x20, 0x4A, 0x31, 0x41, 0x29,
    0x39, 0x20, 0x39, 0x20, 0x31, 0x18, 0x39, 0x20, 0x39, 0x20, 0x39, 0x20, 0x39, 0x20, 0x39, 0x20,
    0xFF, 0x6A, 0xFF, 0x7B, 0xFF, 0x73, 0xFF, 0x7B, 0xFF, 0x6A, 0xFF, 0x6A, 0xFF, 0x62, 0xFF, 0x62,
    0xFF, 0x52, 0xFF, 0x5A, 0xFF, 0x62, 0xFF, 0x62, 0xFF, 0x52, 0xFF, 0x5A, 0xFF, 0x62, 0xFF, 0x62,
    0x4A, 0x31, 0x52, 0x31, 0x4A, 0x31, 0x5A, 0x39, 0x4A, 0x31, 0x41, 0x29, 0x41, 0x29, 0x41, 0x29,
    0x39, 0x20, 0x39, 0x20, 0x39, 0x20, 0x41, 0x29, 0x39, 0x20, 0x39, 0x20, 0x39, 0x20, 0x41, 0x29,
    0xFF, 0x73, 0xFF, 0x62, 0xFF, 0x31, 0xFF, 0x39, 0xFF, 0x73, 0xFF, 0x6A, 0xFF, 0x39, 0xFF, 0x31,
    0xFF, 0x6A, 0xFF, 0x6A, 0xFF, 0x41, 0xFF, 0x29, 0xFF, 0x62, 0xFF, 0x62, 0xFF, 0x5A, 0xFF, 0x31,
    0x4A, 0x31, 0x41, 0x29, 0x18, 0x08, 0x20, 0x08, 0x4A, 0x31, 0x41, 0x29, 0x20, 0x08, 0x18, 0x08,
    0x41, 0x29, 0x41, 0x29, 0x31, 0x18, 0x10, 0x00, 0x41, 0x29, 0x39, 0x20, 0x41, 0x20, 0x18, 0x08,
    0xFF, 0x31, 0xFF, 0x31, 0xFF, 0x5A, 0xFF, 0x7B, 0xFF, 0x31, 0xFF, 0x29, 0xFF, 0x41, 0xFF, 0x6A,
    0xFF, 0x29, 0xFF, 0x31, 0xFF, 0x29, 0xFF, 0x5A, 0xFF, 0x29, 0xFF, 0x29, 0xFF, 0x31, 0xFF, 0x41,
    0x18, 0x08, 0x18, 0x08, 0x4A, 0x29, 0x6A, 0x39, 0x18, 0x08, 0x10, 0x00, 0x20, 0x10, 0x5A, 0x31,
    0x10, 0x00, 0x18, 0x08, 0x10, 0x00, 0x4A, 0x29, 0x10, 0x00, 0x10, 0x00, 0x18, 0x08, 0x31, 0x18,
    0xFF, 0x7B, 0xFF, 0x73, 0xFF, 0x73, 0xFF, 0x73, 0xFF, 0x6A, 0xFF, 0x6A, 0xFF, 0x73, 0xFF, 0x6A,
    0xFF, 0x62, 0xFF, 0x5A, 0xFF, 0x5A, 0xFF, 0x62, 0xFF, 0x7B, 0xFF, 0x6A, 0xFF, 0x6A, 0xFF, 0x62,
    0x6A, 0x31, 0x62, 0x31, 0x62, 0x31, 0x62, 0x31, 0x5A, 0x31, 0x5A, 0x31, 0x62, 0x31, 0x5A, 0x31,
    0x52, 0x29, 0x4A, 0x29, 0x4A, 0x29, 0x52, 0x29, 0x6A, 0x31, 0x5A, 0x31, 0x5A, 0x31, 0x52, 0x29,
    0xFF, 0x6A, 0xFF, 0x73, 0xFF, 0x6A, 0xFF, 0x73, 0xFF, 0x6A, 0xFF, 0x6A, 0xFF, 0x6A, 0xFF, 0x6A,
    0xFF, 0x6A, 0xFF, 0x6A, 0xFF, 0x6A, 0xFF, 0x6A, 0xFF, 0x62, 0xFF, 0x62, 0xFF, 0x6A, 0xFF, 0x62,
    0x5A, 0x31, 0x62, 0x31, 0x5A, 0x31, 0x62, 0x31, 0x5A, 0x31, 0x5A, 0x31, 0x5A, 0x31, 0x5A, 0x31,
    0x5A, 0x31, 0x5A, 0x31, 0x5A, 0x31, 0x5A, 0x31, 0x52, 0x29, 0x52, 0x29, 0x5A, 0x31, 0x52, 0x29,
    0xFF, 0x73, 0xFF, 0x7B, 0xFF, 0x7B, 0xFF, 0x7B, 0xFF, 0x73, 0xFF, 0x73, 0xFF, 0x7B, 0xFF, 0x7B,
    0xFF, 0x6A, 0xFF, 0x6A, 0xFF, 0x6A, 0xFF, 0x6A, 0xFF, 0x62, 0xFF, 0x5A, 0xFF, 0x62, 0xFF, 0x62,
    0x62, 0x31, 0x6A, 0x31, 0x6A, 0x31, 0x6A, 0x31, 0x62, 0x31, 0x62, 0x31, 0x6A, 0x31, 0x6A, 0x31,
    0x5A, 0x31, 0x5A, 0x31, 0x5A, 0x31, 0x5A, 0x31, 0x52, 0x29, 0x4A, 0x29, 0x52, 0x29, 0x52, 0x29,
    0xFF, 0x7B, 0xFF, 0x7B, 0xFF, 0x7B, 0xFF, 0x7B, 0xFF, 0x7B, 0xFF, 0x7B, 0xFF, 0x7B, 0xFF, 0x7B,
    0xFF, 0x6A, 0xFF, 0x6A, 0xFF, 0x6A, 0xFF, 0x6A, 0xFF, 0x62, 0xFF, 0x62, 0xFF, 0x6A, 0xFF, 0x6A,
    0x6A, 0x31, 0x6A, 0x31, 0x6A, 0x31, 0x6A, 0x31, 0x6A, 0x31, 0x6A, 0x31, 0x6A, 0x31, 0x6A, 0x31,
    0x5A, 0x31, 0x5A, 0x31, 0x5A, 0x31, 0x5A, 0x31, 0x52, 0x29, 0x52, 0x29, 0x5A, 0x31, 0x5A, 0x31,
    0xFF, 0x7B, 0xFF, 0x7B, 0xFF, 0x7B, 0xFF, 0x7B, 0xFF, 0x7B, 0xFF, 0x73, 0xFF, 0x7B, 0xFF, 0x7B,
    0xFF, 0x62, 0xFF, 0x62, 0xFF, 0x62, 0xFF, 0x62, 0xFF, 0x6A, 0xFF, 0x6A, 0xFF, 0x73, 0xFF, 0x7B,
    0x6A, 0x31, 0x6A, 0x31, 0x6A, 0x31, 0x6A, 0x39, 0x6A, 0x31, 0x62, 0x31, 0x6A, 0x31, 0x6A, 0x31,
    0x52, 0x29, 0x52, 0x29, 0x52, 0x29, 0x52, 0x29, 0x5A, 0x31, 0x5A, 0x31, 0x62, 0x31, 0x6A, 0x31,
    0xFF, 0x7B, 0xFF, 0x83, 0xFF, 0x7B, 0xFF, 0x83, 0xFF, 0x7B, 0xFF, 0x73, 0xFF, 0x73, 0xFF, 0x73,
    0xFF, 0x62, 0xFF, 0x6A, 0xFF, 0x6A, 0xFF, 0x73, 0xFF, 0x7B, 0xFF, 0x7B, 0xFF, 0x83, 0xFF, 0x7B,
    0x6A, 0x39, 0x73, 0x39, 0x6A, 0x39, 0x73, 0x39, 0x62, 0x39, 0x62, 0x31, 0x62, 0x31, 0x62, 0x31,
    0x52, 0x29, 0x5A, 0x31, 0x5A, 0x31, 0x62, 0x31, 0x6A, 0x39, 0x6A, 0x39, 0x73, 0x39, 0x6A, 0x39,
    0xFF, 0x7B, 0xFF, 0x7B, 0xFF, 0x7B, 0xFF, 0x7B, 0xFF, 0x6A, 0xFF, 0x6A, 0xFF, 0x73, 0xFF, 0x83,
    0xFF, 0x73, 0xFF, 0x7B, 0xFF, 0x83, 0xFF, 0x62, 0xFF, 0x7B, 0xFF, 0x7B, 0xFF, 0x6A, 0xFF, 0x7B,
    0x6A, 0x39, 0x6A, 0x31, 0x6A, 0x31, 0x62, 0x39, 0x5A, 0x31, 0x5A, 0x31, 0x62, 0x31, 0x73, 0x39,
    0x62, 0x31, 0x6A, 0x39, 0x73, 0x39, 0x52, 0x29, 0x6A, 0x39, 0x6A, 0x39, 0x5A, 0x31, 0x52, 0x31,
    0xFF, 0x7B, 0xFF, 0x5A, 0xFF, 0x52, 0xFF, 0x41, 0xFF, 0x6A, 0xFF, 0x4A, 0xFF, 0x5A, 0xFF, 0x83,
    0xFF, 0x4A, 0xFF, 0x6A, 0xFF, 0x9C, 0xFF, 0xC5, 0xFF, 0x9C, 0xFF, 0xAC, 0xFF, 0xCD, 0xFF, 0xCD,
    0x6A, 0x39, 0x4A, 0x29, 0x39, 0x20, 0x20, 0x10, 0x5A, 0x31, 0x29, 0x10, 0x39, 0x20, 0x5A, 0x39,
    0x29, 0x10, 0x4A, 0x31, 0x73, 0x5A, 0xA4, 0x7B, 0x73, 0x5A, 0x83, 0x62, 0xA4, 0x83, 0xA4, 0x83,
    0xFF, 0x52, 0xFF, 0xA4, 0xFF, 0xD5, 0xFF, 0xE6, 0xFF, 0xBD, 0xFF, 0xBD, 0xFF, 0xE6, 0xFF, 0xFF,
    0xFF, 0xC5, 0xFF, 0xC5, 0xFF, 0xD5, 0xFF, 0xFF, 0xFF, 0xD5, 0xFF, 0xCD, 0xFF, 0xD5, 0xFF, 0xFF,
    0x39, 0x20, 0x7B, 0x62, 0xB4, 0x8B, 0xBD, 0x94, 0x94, 0x73, 0x94, 0x73, 0xBD, 0x94, 0xD5, 0xAC,
    0xA4, 0x7B, 0xA4, 0x7B, 0xB4, 0x8B, 0xF6, 0xD5, 0xB4, 0x8B, 0xA4, 0x83, 0xB4, 0x8B, 0xF6, 0xD5,
    0xFF, 0xE6, 0xFF, 0xD5, 0xFF, 0xC5, 0xFF, 0xC5, 0xFF, 0xF6, 0xFF, 0xE6, 0xFF, 0xCD, 0xFF, 0xCD,
    0xFF, 0xFF, 0xFF, 0xFF, 0xFF, 0xE6, 0xFF, 0xD5, 0xFF, 0xFF, 0xFF, 0xFF, 0xFF, 0xFF, 0xFF, 0xE6,
    0xB4, 0x8B, 0xB4, 0x8B, 0xA4, 0x7B, 0xA4, 0x7B, 0xCD, 0xAC, 0xBD, 0x94, 0xB4, 0x83, 0xA4, 0x83,
    0xE6, 0xBD, 0xD5, 0xAC, 0xBD, 0x94, 0xB4, 0x8B, 0xF6, 0xD5, 0xE6, 0xBD, 0xD5, 0xAC, 0xBD, 0x94,
    0xFF, 0xC5, 0xFF, 0xBD, 0xFF, 0xBD, 0xFF, 0xB4, 0xFF, 0xCD, 0xFF, 0xBD, 0xFF, 0xBD, 0xFF, 0xB4,
    0xFF, 0xC5, 0xFF, 0xBD, 0xFF, 0xBD, 0xFF, 0xB4, 0xFF, 0xCD, 0xFF, 0xBD, 0xFF, 0xC5, 0xFF, 0xB4,
    0xA4, 0x7B, 0x94, 0x73, 0x94, 0x73, 0x8B, 0x6A, 0xA4, 0x83, 0x94, 0x73, 0x94, 0x73, 0x8B, 0x6A,
    0xA4, 0x7B, 0x94, 0x73, 0x94, 0x73, 0x8B, 0x6A, 0xA4, 0x83, 0x94, 0x73, 0xA4, 0x7B, 0x8B, 0x6A,
    0xFF, 0x9C, 0xFF, 0xA4, 0xFF, 0x9C, 0xFF, 0x9C, 0xFF, 0x94, 0xFF, 0xA4, 0xFF, 0x9C, 0xFF, 0x94,
    0x00, 0x00, 0x00, 0x00, 0x00, 0x00, 0x00, 0x00, 0x00, 0x00, 0x00, 0x00, 0x00, 0x00, 0x00, 0x00,
    0x7B, 0x52, 0x83, 0x5A, 0x7B, 0x52, 0x7B, 0x52, 0x73, 0x52, 0x83, 0x5A, 0x7B, 0x52, 0x73, 0x52,
    0x00, 0x00, 0x00, 0x00, 0x00, 0x00, 0x00, 0x00, 0x00, 0x00, 0x00, 0x00, 0x00, 0x00, 0x00, 0x00,
    0xFF, 0x9C, 0xFF, 0x9C, 0xFF, 0x94, 0xFF, 0x8B, 0xFF, 0x9C, 0xFF, 0x9C, 0xFF, 0x9C, 0xFF, 0x94,
    0x00, 0x00, 0x00, 0x00, 0x00, 0x00, 0x00, 0x00, 0x00, 0x00, 0x00, 0x00, 0x00, 0x00, 0x00, 0x00,
    0x7B, 0x52, 0x7B, 0x52, 0x6A, 0x4A, 0x62, 0x4A, 0x7B, 0x52, 0x73, 0x5A, 0x73, 0x5A, 0x6A, 0x4A,
    0x00, 0x00, 0x00, 0x00, 0x00, 0x00, 0x00, 0x00, 0x00, 0x00, 0x00, 0x00, 0x00, 0x00, 0x00, 0x00,
    0xFF, 0x83, 0xFF, 0x8B, 0xFF, 0x83, 0xFF, 0x83, 0xFF, 0x94, 0xFF, 0x8B, 0xFF, 0x83, 0xFF, 0x83,
    0x00, 0x00, 0x00, 0x00, 0x00, 0x00, 0x00, 0x00, 0x00, 0x00, 0x00, 0x00, 0x00, 0x00, 0x00, 0x00,
    0x62, 0x41, 0x62, 0x4A, 0x62, 0x41, 0x5A, 0x39, 0x6A, 0x4A, 0x62, 0x4A, 0x62, 0x41, 0x5A, 0x39,
    0x00, 0x00, 0x00, 0x00, 0x00, 0x00, 0x00, 0x00, 0x00, 0x00, 0x00, 0x00, 0x00, 0x00, 0x00, 0x00,
    0xFF, 0x83, 0xFF, 0x7B, 0xFF, 0x6A, 0xFF, 0x6A, 0xFF, 0x7B, 0xFF, 0x7B, 0xFF, 0x7B, 0xFF, 0x73,
    0x00, 0x00, 0x00, 0x00, 0x00, 0x00, 0x00, 0x00, 0x00, 0x00, 0x00, 0x00, 0x00, 0x00, 0x00, 0x00,
    0x5A, 0x39, 0x52, 0x31, 0x4A, 0x31, 0x41, 0x29, 0x5A, 0x39, 0x52, 0x31, 0x52, 0x31, 0x4A, 0x31,
    0x00, 0x00, 0x00, 0x00, 0x00, 0x00, 0x00, 0x00, 0x00, 0x00, 0x00, 0x00, 0x00, 0x00, 0x00, 0x00,
    0xFF, 0x62, 0xFF, 0x62, 0xFF, 0x62, 0xFF, 0x5A, 0xFF, 0x62, 0xFF, 0x62, 0xFF, 0x62, 0xFF, 0x52,
    0x00, 0x00, 0x00, 0x00, 0x00, 0x00, 0x00, 0x00, 0x00, 0x00, 0x00, 0x00, 0x00, 0x00, 0x00, 0x00,
    0x39, 0x20, 0x41, 0x29, 0x39, 0x20, 0x39, 0x20, 0x41, 0x29, 0x39, 0x20, 0x39, 0x20, 0x39, 0x20,
    0x00, 0x00, 0x00, 0x00, 0x00, 0x00, 0x00, 0x00, 0x00, 0x00, 0x00, 0x00, 0x00, 0x00, 0x00, 0x00,
    0xFF, 0x4A, 0xFF, 0x5A, 0xFF, 0x4A, 0xFF, 0x52, 0xFF, 0x5A, 0xFF, 0x4A, 0xFF, 0x5A, 0xFF, 0x4A,
    0x00, 0x00, 0x00, 0x00, 0x00, 0x00, 0x00, 0x00, 0x00, 0x00, 0x00, 0x00, 0x00, 0x00, 0x00, 0x00,
    0x39, 0x20, 0x41, 0x20, 0x39, 0x20, 0x39, 0x20, 0x39, 0x20, 0x39, 0x20, 0x4A, 0x29, 0x39, 0x20,
    0x00, 0x00, 0x00, 0x00, 0x00, 0x00, 0x00, 0x00, 0x00, 0x00, 0x00, 0x00, 0x00, 0x00, 0x00, 0x00,
    0xFF, 0x52, 0xFF, 0x5A, 0xFF, 0x5A, 0xFF, 0x5A, 0xFF, 0x41, 0xFF, 0x41, 0xFF, 0x52, 0xFF, 0x52,
    0x00, 0x00, 0x00, 0x00, 0x00, 0x00, 0x00, 0x00, 0x00, 0x00, 0x00, 0x00, 0x00, 0x00, 0x00, 0x00,
    0x31, 0x18, 0x39, 0x20, 0x39, 0x20, 0x39, 0x20, 0x31, 0x18, 0x31, 0x18, 0x39, 0x20, 0x39, 0x20,
    0x00, 0x00, 0x00, 0x00, 0x00, 0x00, 0x00, 0x00, 0x00, 0x00, 0x00, 0x00, 0x00, 0x00, 0x00, 0x00,
    0xFF, 0x52, 0xFF, 0x5A, 0xFF, 0x5A, 0xFF, 0x41, 0xFF, 0x62, 0xFF, 0x62, 0xFF, 0x62, 0xFF, 0x62,
    0x00, 0x00, 0x00, 0x00, 0x00, 0x00, 0x00, 0x00, 0x00, 0x00, 0x00, 0x00, 0x00, 0x00, 0x00, 0x00,
    0x39, 0x20, 0x39, 0x20, 0x39, 0x20, 0x31, 0x18, 0x41, 0x29, 0x41, 0x29, 0x39, 0x20, 0x39, 0x20,
    0x00, 0x00, 0x00, 0x00, 0x00, 0x00, 0x00, 0x00, 0x00, 0x00, 0x00, 0x00, 0x00, 0x00, 0x00, 0x00,
    0xFF, 0x29, 0xFF, 0x29, 0xFF, 0x29, 0xFF, 0x29, 0xFF, 0x41, 0xFF, 0x29, 0xFF, 0x31, 0xFF, 0x29,
    0x00, 0x00, 0x00, 0x00, 0x00, 0x00, 0x00, 0x00, 0x00, 0x00, 0x00, 0x00, 0x00, 0x00, 0x00, 0x00,
    0x10, 0x00, 0x10, 0x00, 0x10, 0x00, 0x10, 0x00, 0x20, 0x10, 0x10, 0x00, 0x18, 0x08, 0x10, 0x00,
    0x00, 0x00, 0x00, 0x00, 0x00, 0x00, 0x00, 0x00, 0x00, 0x00, 0x00, 0x00, 0x00, 0x00, 0x00, 0x00,
    0xFF, 0x5A, 0xFF, 0x6A, 0xFF, 0x6A, 0xFF, 0x6A, 0xFF, 0x41, 0xFF, 0x6A, 0xFF, 0x6A, 0xFF, 0x62,
    0x00, 0x00, 0x00, 0x00, 0x00, 0x00, 0x00, 0x00, 0x00, 0x00, 0x00, 0x00, 0x00, 0x00, 0x00, 0x00,
    0x4A, 0x29, 0x5A, 0x31, 0x5A, 0x31, 0x5A, 0x31, 0x31, 0x18, 0x5A, 0x31, 0x5A, 0x31, 0x52, 0x29,
    0x00, 0x00, 0x00, 0x00, 0x00, 0x00, 0x00, 0x00, 0x00, 0x00, 0x00, 0x00, 0x00, 0x00, 0x00, 0x00,
    0xFF, 0x6A, 0xFF, 0x6A, 0xFF, 0x6A, 0xFF, 0x6A, 0xFF, 0x6A, 0xFF, 0x62, 0xFF, 0x6A, 0xFF, 0x6A,
    0x00, 0x00, 0x00, 0x00, 0x00, 0x00, 0x00, 0x00, 0x00, 0x00, 0x00, 0x00, 0x00, 0x00, 0x00, 0x00,
    0x5A, 0x31, 0x5A, 0x31, 0x5A, 0x31, 0x5A, 0x31, 0x5A, 0x31, 0x52, 0x29, 0x5A, 0x31, 0x5A, 0x31,
    0x00, 0x00, 0x00, 0x00, 0x00, 0x00, 0x00, 0x00, 0x00, 0x00, 0x00, 0x00, 0x00, 0x00, 0x00, 0x00,
    0xFF, 0x6A, 0xFF, 0x73, 0xFF, 0x73, 0xFF, 0x7B, 0xFF, 0x73, 0xFF, 0x6A, 0xFF, 0x6A, 0xFF, 0x6A,
    0x00, 0x00, 0x00, 0x00, 0x00, 0x00, 0x00, 0x00, 0x00, 0x00, 0x00, 0x00, 0x00, 0x00, 0x00, 0x00,
    0x5A, 0x31, 0x62, 0x31, 0x62, 0x31, 0x6A, 0x31, 0x62, 0x31, 0x5A, 0x31, 0x5A, 0x31, 0x5A, 0x31,
    0x00, 0x00, 0x00, 0x00, 0x00, 0x00, 0x00, 0x00, 0x00, 0x00, 0x00, 0x00, 0x00, 0x00, 0x00, 0x00,
    0xFF, 0x73, 0xFF, 0x7B, 0xFF, 0x7B, 0xFF, 0x7B, 0xFF, 0x73, 0xFF, 0x6A, 0xFF, 0x73, 0xFF, 0x73,
    0x00, 0x00, 0x00, 0x00, 0x00, 0x00, 0x00, 0x00, 0x00, 0x00, 0x00, 0x00, 0x00, 0x00, 0x00, 0x00,
    0x62, 0x31, 0x6A, 0x31, 0x6A, 0x31, 0x6A, 0x31, 0x62, 0x31, 0x5A, 0x31, 0x62, 0x31, 0x62, 0x31,
    0x00, 0x00, 0x00, 0x00, 0x00, 0x00, 0x00, 0x00, 0x00, 0x00, 0x00, 0x00, 0x00, 0x00, 0x00, 0x00,
    0xFF, 0x7B, 0xFF, 0x7B, 0xFF, 0x7B, 0xFF, 0x7B, 0xFF, 0x73, 0xFF, 0x73, 0xFF, 0x73, 0xFF, 0x73,
    0x00, 0x00, 0x00, 0x00, 0x00, 0x00, 0x00, 0x00, 0x00, 0x00, 0x00, 0x00, 0x00, 0x00, 0x00, 0x00,
    0x6A, 0x31, 0x6A, 0x31, 0x6A, 0x31, 0x6A, 0x31, 0x62, 0x31, 0x62, 0x31, 0x62, 0x31, 0x62, 0x31,
    0x00, 0x00, 0x00, 0x00, 0x00, 0x00, 0x00, 0x00, 0x00, 0x00, 0x00, 0x00, 0x00, 0x00, 0x00, 0x00,
    0xFF, 0x73, 0xFF, 0x7B, 0xFF, 0x73, 0xFF, 0x7B, 0xFF, 0x73, 0xFF, 0x73, 0xFF, 0x73, 0xFF, 0x6A,
    0x00, 0x00, 0x00, 0x00, 0x00, 0x00, 0x00, 0x00, 0x00, 0x00, 0x00, 0x00, 0x00, 0x00, 0x00, 0x00,
    0x62, 0x31, 0x6A, 0x31, 0x62, 0x31, 0x6A, 0x31, 0x62, 0x31, 0x62, 0x31, 0x62, 0x31, 0x5A, 0x31,
    0x00, 0x00, 0x00, 0x00, 0x00, 0x00, 0x00, 0x00, 0x00, 0x00, 0x00, 0x00, 0x00, 0x00, 0x00, 0x00,
    0xFF, 0x73, 0xFF, 0x6A, 0xFF, 0x83, 0xFF, 0xAC, 0xFF, 0x6A, 0xFF, 0x83, 0xFF, 0xA4, 0xFF, 0xAC,
    0x00, 0x00, 0x00, 0x00, 0x00, 0x00, 0x00, 0x00, 0x00, 0x00, 0x00, 0x00, 0x00, 0x00, 0x00, 0x00,
    0x62, 0x31, 0x5A, 0x31, 0x5A, 0x39, 0x83, 0x62, 0x5A, 0x31, 0x62, 0x41, 0x7B, 0x62, 0x83, 0x62,
    0x00, 0x00, 0x00, 0x00, 0x00, 0x00, 0x00, 0x00, 0x00, 0x00, 0x00, 0x00, 0x00, 0x00, 0x00, 0x00,
    0xFF, 0xAC, 0xFF, 0xC5, 0xFF, 0xC5, 0xFF, 0xD5, 0xFF, 0xB4, 0xFF, 0xBD, 0xFF, 0xCD, 0xFF, 0xD5,
    0x00, 0x00, 0x00, 0x00, 0x00, 0x00, 0x00, 0x00, 0x00, 0x00, 0x00, 0x00, 0x00, 0x00, 0x00, 0x00,
    0x83, 0x62, 0xA4, 0x7B, 0xA4, 0x7B, 0xB4, 0x8B, 0x8B, 0x6A, 0x94, 0x73, 0xA4, 0x83, 0xB4, 0x8B,
    0x00, 0x00, 0x00, 0x00, 0x00, 0x00, 0x00, 0x00, 0x00, 0x00, 0x00, 0x00, 0x00, 0x00, 0x00, 0x00,
    0xFF, 0xD5, 0xFF, 0xD5, 0xFF, 0xC5, 0xFF, 0xEE, 0xFF, 0xD5, 0xFF, 0xCD, 0xFF, 0xC5, 0xFF, 0xD5,
    0x00, 0x00, 0x00, 0x00, 0x00, 0x00, 0x00, 0x00, 0x00, 0x00, 0x00, 0x00, 0x00, 0x00, 0x00, 0x00,
    0xB4, 0x8B, 0xB4, 0x8B, 0xA4, 0x7B, 0xDE, 0xC5, 0xB4, 0x8B, 0xA4, 0x83, 0xA4, 0x7B, 0xB4, 0x8B,
    0x00, 0x00, 0x00, 0x00, 0x00, 0x00, 0x00, 0x00, 0x00, 0x00, 0x00, 0x00, 0x00, 0x00, 0x00, 0x00,
    0xFF, 0xFF, 0xFF, 0xFF, 0xFF, 0xFF, 0xFF, 0xF6, 0xFF, 0xFF, 0xFF, 0xFF, 0xFF, 0xFF, 0xFF, 0xFF,
    0x00, 0x00, 0x00, 0x00, 0x00, 0x00, 0x00, 0x00, 0x00, 0x00, 0x00, 0x00, 0x00, 0x00, 0x00, 0x00,
    0xF6, 0xD5, 0xF6, 0xD5, 0xE6, 0xBD, 0xCD, 0xAC, 0xEE, 0xC5, 0xF6, 0xD5, 0xF6, 0xD5, 0xE6, 0xBD,
    0x00, 0x00, 0x00, 0x00, 0x00, 0x00, 0x00, 0x00, 0x00, 0x00, 0x00, 0x00, 0x00, 0x00, 0x00, 0x00,
    0xFF, 0xD5, 0xFF, 0xC5, 0xFF, 0xBD, 0xFF, 0xB4, 0xFF, 0xF6, 0xFF, 0xD5, 0xFF, 0xC5, 0xFF, 0xAC,
    0x00, 0x00, 0x00, 0x00, 0x00, 0x00, 0x00, 0x00, 0x00, 0x00, 0x00, 0x00, 0x00, 0x00, 0x00, 0x00,
    0xB4, 0x8B, 0xA4, 0x7B, 0x94, 0x73, 0x8B, 0x6A, 0xCD, 0xAC, 0xB4, 0x8B, 0xA4, 0x7B, 0x83, 0x62,
    0x00, 0x00, 0x00, 0x00, 0x00, 0x00, 0x00, 0x00, 0x00, 0x00, 0x00, 0x00, 0x00, 0x00, 0x00, 0x00,
};
